bank_id,bank_name,establishment_date,bank_status_date,bank_location_centroid,has_centroid,credit_type_list,bank_cowardin_class_list,bank_cowardin_subclass_list,bank_cowardin_system_list,bank_status,state_list,county_list,latitude,longitude,bank_type,sponsor_name,address1_sponsor,city_sponsor,state_sponsor,zip_sponsor,address2_sponsor,first_name,last_name,email_poc,address1_poc,city_poc,state_poc,zip_poc,poc_type,address2_poc,year_established,kind_of_bank,pe_owner,listing,private,govt,nonprofit,sponsor_type
2105,Grand Bay Mitigation Bank,12/09/2011,12/09/2011,"{ ""type"": ""Point"", ""coordinates"": [-88.2816085014772, 30.4104862663866] }",TRUE,Wetland,Forested,Needle-Leaved Evergreen,Palustrine,Approved,AL,Mobile [AL],30.41048627,-88.2816085,Public Commercial,ADCNR Lower Black Warrior River Watershed In-Lieu Fee Program,State Lands Division,Montgomery,AL,36130,64 N. Union Street Suite 464,Doug,Deaton,NA,"64 North Union Street, Suite 567",Montgomery,AL,36104,Sponsor,NA,2011,Standard,no,no,no,yes,no,govt
2815,MN - Aitkin - s07607 - Wawina Peatland,NA,15/10/2020,"{ ""type"": ""Point"", ""coordinates"": [-93.120502, 47.011882] }",TRUE,,,,,Withdrawn,MN,Aitkin [MN],47.011882,-93.120502,Public Commercial,Aitkin County Land Department,"209 2nd Street NW, Room 206",Aitkin,MN,56431,NA,NA,NA,NA,NA,NA,NA,NA,NA,NA,NA,Standard,no,no,no,yes,no,govt
3043,Hackers Creek Mitigation Bank,31/01/2017,31/01/2017,"{ ""type"": ""Point"", ""coordinates"": [-80.2653068370322, 39.0986546448898] }",TRUE,"Stream, Wetland",,,"Palustrine, Riverine",Approved,WV,"Harrison [WV], Upshur [WV]",39.09865464,-80.26530684,Public Commercial,"Allstar Ecology, LLC",1582 Meadowdale Road,Fairmont,WV,26554,NA,Ryan,Ward,ryan@allstarecology.com,1582 Meadowdale Road,Fairmont,WV,26554,Sponsor,NA,2017,Umbrella,no,no,no,yes,no,govt
3628,Arlington Wildlife Area - AZGFD,NA,NA,"{ ""type"": ""Point"", ""coordinates"": [-112.775838274553, 33.2692210321546] }",TRUE,,,,,Pending,AZ,Maricopa [AZ],33.26922103,-112.7758383,Public Commercial,Arizona Game & Fish Department,5000 West Carefree Highway,Phoenix,AZ,85086,NA,Shawn,Lowery,slowery@azgfd.gov,Arizona Game and Fish Department,Phoenix,AZ,85086,POC,5000 West Carefree Highway,NA,ILF,no,no,no,yes,no,govt
3629,Chevelon Creek Wildlife Area - AZGFD,NA,NA,"{ ""type"": ""Point"", ""coordinates"": [-110.513615, 34.938086] }",TRUE,,,,,Pending,AZ,Navajo [AZ],34.938086,-110.513615,Public Commercial,Arizona Game & Fish Department,5000 West Carefree Highway,Phoenix,AZ,85086,NA,Shawn,Lowery,slowery@azgfd.gov,Arizona Game and Fish Department,Phoenix,AZ,85086,POC,5000 West Carefree Highway,NA,ILF,no,no,no,yes,no,govt
3630,Powers Butte Wildlife Area LEGACY- AZGFD,16/01/2007,22/08/2011,"{ ""type"": ""Point"", ""coordinates"": [-112.752774, 33.281562] }",TRUE,Wetland,,,Palustrine,Sold-Out,AZ,Maricopa [AZ],33.281562,-112.752774,Public Commercial,Arizona Game & Fish Department,5000 West Carefree Highway,Phoenix,AZ,85086,NA,Shawn,Lowery,slowery@azgfd.gov,Arizona Game and Fish Department,Phoenix,AZ,85086,POC,5000 West Carefree Highway,2007,ILF,no,no,no,yes,no,govt
3631,Cieneguita Wetlands LEGACY- AZGFD,05/01/2006,25/09/2007,"{ ""type"": ""Point"", ""coordinates"": [-110.597632, 31.79557] }",TRUE,Wetland,,,Palustrine,Sold-Out,AZ,Pima [AZ],31.79557,-110.597632,Public Commercial,Arizona Game & Fish Department,5000 West Carefree Highway,Phoenix,AZ,85086,NA,Shawn,Lowery,slowery@azgfd.gov,Arizona Game and Fish Department,Phoenix,AZ,85086,POC,5000 West Carefree Highway,2006,ILF,no,no,no,yes,no,govt
3632,Springwater Canyon Wetlands LEGACY - AZGFD,10/11/2005,21/04/2006,"{ ""type"": ""Point"", ""coordinates"": [-110.586621, 31.805892] }",TRUE,Wetland,,,Palustrine,Sold-Out,AZ,Pima [AZ],31.805892,-110.586621,Public Commercial,Arizona Game & Fish Department,5000 West Carefree Highway,Phoenix,AZ,85086,NA,Shawn,Lowery,slowery@azgfd.gov,Arizona Game and Fish Department,Phoenix,AZ,85086,POC,5000 West Carefree Highway,2005,ILF,no,no,no,yes,no,govt
3633,Martinez Canyon LEGACY - AZGFD,NA,30/09/2009,"{ ""type"": ""Point"", ""coordinates"": [-111.163526, 33.16159] }",TRUE,,,,,Sold-Out,AZ,Pinal [AZ],33.16159,-111.163526,Public Commercial,Arizona Game & Fish Department,5000 West Carefree Highway,Phoenix,AZ,85086,NA,Shawn,Lowery,slowery@azgfd.gov,Arizona Game and Fish Department,Phoenix,AZ,85086,POC,5000 West Carefree Highway,NA,ILF,no,no,no,yes,no,govt
4269,Chevelon Creek Wildlife Area LEGACY - AZGFD,15/11/2005,01/03/2014,"{ ""type"": ""Point"", ""coordinates"": [-110.513615, 34.938086] }",TRUE,Wetland,,,Riverine,Sold-Out,AZ,Navajo [AZ],34.938086,-110.513615,Public Commercial,Arizona Game & Fish Department,5000 West Carefree Highway,Phoenix,AZ,85086,NA,Shawn,Lowery,slowery@azgfd.gov,Arizona Game and Fish Department,Phoenix,AZ,85086,POC,5000 West Carefree Highway,2005,ILF,no,no,no,yes,no,govt
2823,Days Creek Mitigation Bank,29/05/2013,29/05/2013,"{ ""type"": ""Point"", ""coordinates"": [-93.97106, 33.28039] }",TRUE,"Stream, Wetland",,,"Palustrine, Riverine",Approved,AR,Miller [AR],33.28039,-93.97106,Public Commercial,Arkansas Natural Resources Commission,NA,NA,AR,NA,NA,Jay,Whisker,Jay.Whisker@agricultual.arkansas.gov,10421 West Markham Street,Little Rock,MS,72205,POC,NA,2013,Standard,no,no,no,yes,no,govt
1364,MN - Becker - S121-121 * SWCD (Becker County Bank Site),03/06/2010,03/06/2010,"{ ""type"": ""Point"", ""coordinates"": [-96.0457665622187, 47.0827485877179] }",TRUE,Wetland,Emergent,Persistent,Palustrine,Approved,MN,Becker [MN],47.08274859,-96.04576656,Public Commercial,Becker SWCD,"809 - 8th St SE,",Detroit Lakes,MN,56501,NA,NA,NA,NA,NA,NA,NA,NA,NA,NA,2010,Standard,no,no,no,yes,no,govt
1590,MN - Big Stone - S126-126 ^ CHD - CAS,11/01/1995,05/10/2016,"{ ""type"": ""Point"", ""coordinates"": [-96.3723419436889, 45.4184909419685] }",TRUE,Wetland,Emergent,Persistent,Palustrine,Terminated,MN,Big Stone [MN],45.41849094,-96.37234194,Public Commercial,Big Stone County Highway Department,437 N. Minnesota St.,Ortonville,MN,56278,NA,Nick,Anderson,NA,437 N. Minnesota St.,Ortonville,MN,56278,POC,NA,1995,Standard,no,no,no,yes,no,govt
2728,Palo Alto Ranch Conservation Bank,16/12/2002,16/12/2002,"{ ""type"": ""Point"", ""coordinates"": [-111.41603915510603, 31.866754] }",TRUE,Species,,,,Approved,AZ,Pima [AZ],31.866754,-111.4160392,Public Commercial,Brickyard Investments,451 N. Bonita Avenue,Tucson,AZ,85745,NA,Ross,Humphreys,NA,Palo Alto Ranch Conservation Bank,Tucson,AZ,85745,POC,451 N. Bonita Ave,2002,Standard,no,no,no,yes,no,govt
3409,Scioto Pike Wetland Reserve,NA,04/06/2018,"{ ""type"": ""Point"", ""coordinates"": [-82.91122, 39.15339] }",TRUE,,,,,Withdrawn,OH,Pike [OH],39.15339,-82.91122,Public Commercial,"Buckeye Power, Inc.",667 Busch Boulevard,Columbus,OH,43226-7890,NA,Caitlin,Schiebel,NA,"Buckeye Power, Inc.",Columbus,OH,43226-7890,POC,NA,NA,Standard,no,no,no,yes,no,govt
2722,MN - Clay - S6022 -1621- BRRWD 'Elkton Township Bank,20/12/2019,20/12/2019,"{ ""type"": ""Point"", ""coordinates"": [-96.49423, 46.739533] }",TRUE,Wetland,"Emergent, Scrub-Shrub","Broad-Leaved Deciduous, Persistent",Palustrine,Approved,MN,Clay [MN],46.739533,-96.49423,Public Commercial,Buffalo-Red River Watershed District,123 Front Street,Barnesville,MN,56514,Box 341,.,Houston Engineering Inc.,NA,1401 - 21st Avenue North,Fargo,ND,58102,Consultant,NA,2019,Standard,no,no,no,yes,no,govt
147,Cottonwood Creek Mitigation Bank,24/02/1994,29/04/2014,"{ ""type"": ""Point"", ""coordinates"": [-122.220744, 40.393305] }",TRUE,Wetland,,,Palustrine,Sold-Out,CA,Shasta [CA],40.393305,-122.220744,Public Commercial,California Department of Fish and Game,1416 9th Street,Sacramento,CA,95814,NA,NA,NA,NA,NA,NA,NA,NA,NA,NA,1994,Standard,no,no,no,yes,no,govt
2955,Wright Preservation Bank,29/10/1997,23/09/2013,"{ ""type"": ""Point"", ""coordinates"": [-122.776962, 38.431085] }",TRUE,Species,,,,Sold-Out,CA,Sonoma [CA],38.431085,-122.776962,Public Commercial,California Department of Fish and Game,1416 9th Street,Sacramento,CA,95814,NA,NA,NA,NA,NA,NA,NA,NA,NA,NA,1997,Standard,no,no,no,yes,no,govt
1371,MN - Cass - S133-133 ^ Cty  CAS,29/09/1995,27/04/2017,"{ ""type"": ""Point"", ""coordinates"": [-93.7803263862611, 46.9023482425024] }",TRUE,Wetland,Emergent,Persistent,Palustrine,Terminated,MN,Cass [MN],46.90234824,-93.78032639,Public Commercial,Cass County Environmental Services,PO Box 3000,Walker,MN,56484,NA,NA,NA,NA,NA,NA,NA,NA,NA,NA,1995,Standard,no,no,no,yes,no,govt
1372,MN - Cass - S134-134 ^ CAS,16/08/1993,26/10/2016,"{ ""type"": ""Point"", ""coordinates"": [-93.9394900479377, 46.9500277274248] }",TRUE,Wetland,Emergent,Persistent,Palustrine,Terminated,MN,Cass [MN],46.95002773,-93.93949005,Public Commercial,Cass County Environmental Services,PO Box 3000,Walker,MN,56484,NA,NA,NA,NA,NA,NA,NA,NA,NA,NA,1993,Standard,no,no,no,yes,no,govt
1053,Charlotte Stream and Wetland Umbrella Mitigation Bank - Edwards Branch Site,01/01/2004,19/01/2023,"{ ""type"": ""Point"", ""coordinates"": [-80.7683915971089, 35.2055762671232] }",TRUE,"Stream, Wetland",,,"Palustrine, Riverine",Sold-Out,NC,Mecklenburg [NC],35.20557627,-80.7683916,Single-Client,Charlotte-Mecklenburg Storm Water Services,NA,Charlotte ,NC,28202,NA,NA,NA,NA,NA,NA,NA,NA,NA,NA,2004,Umbrella,no,no,no,Charlotte-Mecklenburg Storm Water Services,no,govt
2051,Charlotte Stream and Wetland Umbrella Mitigation Bank - Dairy Sedgefield Site,01/01/2004,06/04/2022,"{ ""type"": ""Point"", ""coordinates"": [-80.857099, 35.198996] }",TRUE,Stream,,,Riverine,Sold-Out,NC,Mecklenburg [NC],35.198996,-80.857099,Single-Client,Charlotte-Mecklenburg Storm Water Services,NA,Charlotte ,NC,28202,NA,NA,NA,NA,NA,NA,NA,NA,NA,NA,2004,Umbrella,no,no,no,Charlotte-Mecklenburg Storm Water Services,no,govt
2436,Charlotte Stream and Wetland Umbrella Mitigation Bank - Hope Park Site,NA,05/02/2014,"{ ""type"": ""Point"", ""coordinates"": [-80.747433, 35.246672] }",TRUE,Stream,,,Riverine,Withdrawn,NC,Mecklenburg [NC],35.246672,-80.747433,Single-Client,Charlotte-Mecklenburg Storm Water Services,NA,Charlotte ,NC,28202,NA,NA,NA,NA,NA,NA,NA,NA,NA,NA,NA,Umbrella,no,no,no,Charlotte-Mecklenburg Storm Water Services,no,govt
2438,Charlotte Stream and Wetland Umbrella Mitigation Bank - UT to McAlpine Creek Site,19/10/2018,19/10/2018,"{ ""type"": ""Point"", ""coordinates"": [-80.712663, 35.200775] }",TRUE,"Stream, Wetland",,,"Palustrine, Riverine",Approved,NC,Mecklenburg [NC],35.200775,-80.712663,Single-Client,Charlotte-Mecklenburg Storm Water Services,NA,Charlotte ,NC,28202,NA,NA,NA,NA,NA,NA,NA,NA,NA,NA,2018,Umbrella,no,no,no,Charlotte-Mecklenburg Storm Water Services,no,govt
2439,Charlotte Stream and Wetland Umbrella Mitigation Bank - Muddy Creek Site,01/02/2012,01/02/2012,"{ ""type"": ""Point"", ""coordinates"": [-80.752258, 35.196308] }",TRUE,"Stream, Wetland",,,"Palustrine, Riverine",Approved,NC,Mecklenburg [NC],35.196308,-80.752258,Single-Client,Charlotte-Mecklenburg Storm Water Services,NA,Charlotte ,NC,28202,NA,NA,NA,NA,NA,NA,NA,NA,NA,NA,2012,Umbrella,no,no,no,Charlotte-Mecklenburg Storm Water Services,no,govt
2440,Charlotte Stream and Wetland Umbrella Mitigation Bank - Glassy Creek Site,01/06/2013,01/06/2013,"{ ""type"": ""Point"", ""coordinates"": [-80.8803469719382, 35.2039743890892] }",TRUE,Stream,,,Riverine,Approved,NC,Mecklenburg [NC],35.20397439,-80.88034697,Single-Client,Charlotte-Mecklenburg Storm Water Services,NA,Charlotte ,NC,28202,NA,NA,NA,NA,NA,NA,NA,NA,NA,NA,2013,Umbrella,no,no,no,Charlotte-Mecklenburg Storm Water Services,no,govt
2441,Charlotte Stream and Wetland Umbrella Mitigation Bank - Allenbrook Site,01/03/2012,17/10/2023,"{ ""type"": ""Point"", ""coordinates"": [-80.9151873788767, 35.2605997184069] }",TRUE,Stream,,,Riverine,Sold-Out,NC,Mecklenburg [NC],35.26059972,-80.91518738,Single-Client,Charlotte-Mecklenburg Storm Water Services,NA,Charlotte ,NC,28202,NA,NA,NA,NA,NA,NA,NA,NA,NA,NA,2012,Umbrella,no,no,no,Charlotte-Mecklenburg Storm Water Services,no,govt
2442,Charlotte Stream and Wetland Umbrella Mitigation Bank - Monteith Site,01/10/2013,01/10/2013,"{ ""type"": ""Point"", ""coordinates"": [-80.8554133176372, 35.4280173049156] }",TRUE,"Stream, Wetland",,,"Palustrine, Riverine",Approved,NC,Mecklenburg [NC],35.4280173,-80.85541332,Single-Client,Charlotte-Mecklenburg Storm Water Services,NA,Charlotte ,NC,28202,NA,NA,NA,NA,NA,NA,NA,NA,NA,NA,2013,Umbrella,no,no,no,Charlotte-Mecklenburg Storm Water Services,no,govt
2443,Charlotte Stream and Wetland Umbrella Mitigation Bank - Coulwood Site,08/07/2025,08/07/2025,"{ ""type"": ""Point"", ""coordinates"": [-80.939542, 35.292394] }",TRUE,"Stream, Wetland",,,"Palustrine, Riverine",Approved,NC,Mecklenburg [NC],35.292394,-80.939542,Single-Client,Charlotte-Mecklenburg Storm Water Services,NA,Charlotte ,NC,28202,NA,Jacey,Meador,Jacey.Meador@charlottenc.gov,Charlotte-Mecklenburg Storm Water Services,Charlotte,NC,28202,Sales POC,600 East 4th Street ,2025,Umbrella,no,no,no,Charlotte-Mecklenburg Storm Water Services,no,govt
2444,Charlotte Stream and Wetland Umbrella Mitigation Bank - Torrence Site,24/04/2017,24/04/2017,"{ ""type"": ""Point"", ""coordinates"": [-80.877499, 35.402459] }",TRUE,"Stream, Wetland",,,"Palustrine, Riverine",Approved,NC,Mecklenburg [NC],35.402459,-80.877499,Single-Client,Charlotte-Mecklenburg Storm Water Services,NA,Charlotte ,NC,28202,NA,NA,NA,NA,NA,NA,NA,NA,NA,NA,2017,Umbrella,no,no,no,Charlotte-Mecklenburg Storm Water Services,no,govt
2445,"Charlotte Stream and Wetland Umbrella Mitigation Bank - Briar Creek Site, Museum Tributary",10/05/2016,14/09/2018,"{ ""type"": ""Point"", ""coordinates"": [-80.813667, 35.192334] }",TRUE,Stream,,,Riverine,Withdrawn,NC,Mecklenburg [NC],35.192334,-80.813667,Single-Client,Charlotte-Mecklenburg Storm Water Services,NA,Charlotte ,NC,28202,NA,NA,NA,NA,NA,NA,NA,NA,NA,NA,2016,Umbrella,no,no,no,Charlotte-Mecklenburg Storm Water Services,no,govt
2446,Charlotte Stream and Wetland Umbrella Mitigation Bank - Upper Stoney Site,01/02/2012,01/02/2012,"{ ""type"": ""Point"", ""coordinates"": [-80.7624017088319, 35.3562361430973] }",TRUE,"Stream, Wetland",,,"Palustrine, Riverine",Approved,NC,Mecklenburg [NC],35.35623614,-80.76240171,Single-Client,Charlotte-Mecklenburg Storm Water Services,NA,Charlotte ,NC,28202,NA,NA,NA,NA,NA,NA,NA,NA,NA,NA,2012,Umbrella,no,no,no,Charlotte-Mecklenburg Storm Water Services,no,govt
3075,Charlotte Stream and Wetland Umbrella Mitigation Bank - McDowell Creek Trib Site,01/02/2012,01/02/2012,"{ ""type"": ""Point"", ""coordinates"": [-80.9168596150509, 35.4050860011189] }",TRUE,"Stream, Wetland",,,"Palustrine, Riverine",Approved,NC,Mecklenburg [NC],35.405086,-80.91685962,Single-Client,Charlotte-Mecklenburg Storm Water Services,NA,Charlotte ,NC,28202,NA,NA,NA,NA,NA,NA,NA,NA,NA,NA,2012,Umbrella,no,no,no,Charlotte-Mecklenburg Storm Water Services,no,govt
3088,Charlotte Stream and Wetland Umbrella Mitigation Bank - Robinhood Stream Restoration Site,01/03/2012,19/01/2023,"{ ""type"": ""Point"", ""coordinates"": [-80.7126297012757, 35.2003310155156] }",TRUE,Stream,,,Riverine,Sold-Out,NC,Mecklenburg [NC],35.20033102,-80.7126297,Single-Client,Charlotte-Mecklenburg Storm Water Services,NA,Charlotte ,NC,28202,NA,NA,NA,NA,NA,NA,NA,NA,NA,NA,2012,Umbrella,no,no,no,Charlotte-Mecklenburg Storm Water Services,no,govt
3093,Charlotte Stream and Wetland Umbrella Mitigation Bank - City View Mitigation Site,01/06/2013,01/06/2013,"{ ""type"": ""Point"", ""coordinates"": [-80.7412975138803, 35.1796412592615] }",TRUE,Stream,,,Riverine,Approved,NC,Mecklenburg [NC],35.17964126,-80.74129751,Single-Client,Charlotte-Mecklenburg Storm Water Services,NA,Charlotte ,NC,28202,NA,NA,NA,NA,NA,NA,NA,NA,NA,NA,2013,Umbrella,no,no,no,Charlotte-Mecklenburg Storm Water Services,no,govt
3546,Charlotte Stream and Wetland Umbrella Mitigation Bank - Coliseum Creek Stream Restoration Project,27/01/2017,27/01/2017,"{ ""type"": ""Point"", ""coordinates"": [-80.910503, 35.181676] }",TRUE,Stream,,,Riverine,Approved,NC,Mecklenburg [NC],35.181676,-80.910503,Single-Client,Charlotte-Mecklenburg Storm Water Services,NA,Charlotte ,NC,28202,NA,NA,NA,NA,NA,NA,NA,NA,NA,NA,2017,Umbrella,no,no,no,Charlotte-Mecklenburg Storm Water Services,no,govt
3547,Charlotte Stream and Wetland Umbrella Mitigation Bank - Reedy Creek Stream Restoration Site,21/06/2016,21/06/2016,"{ ""type"": ""Point"", ""coordinates"": [-80.712057, 35.263559] }",TRUE,"Stream, Wetland",,,"Palustrine, Riverine",Approved,NC,Mecklenburg [NC],35.263559,-80.712057,Single-Client,Charlotte-Mecklenburg Storm Water Services,NA,Charlotte ,NC,28202,NA,NA,NA,NA,NA,NA,NA,NA,NA,NA,2016,Umbrella,no,no,no,Charlotte-Mecklenburg Storm Water Services,no,govt
4843,Charlotte Stream and Wetland Umbrella Mitigation Bank - McDowell Main Stem,17/03/2020,17/03/2020,"{ ""type"": ""Point"", ""coordinates"": [-80.8864494862609, 35.420049407769] }",TRUE,"Stream, Wetland",,,"Palustrine, Riverine",Approved,NC,Mecklenburg [NC],35.42004941,-80.88644949,Single-Client,Charlotte-Mecklenburg Storm Water Services,NA,Charlotte ,NC,28202,NA,NA,NA,NA,NA,NA,NA,NA,NA,NA,2020,Umbrella,no,no,no,Charlotte-Mecklenburg Storm Water Services,no,govt
4844,Charlotte Stream and Wetland Umbrella Mitigation Bank - Chantilly Park Trib,11/06/2014,11/06/2014,"{ ""type"": ""Point"", ""coordinates"": [-80.808156, 35.207044] }",TRUE,Stream,,,Riverine,Approved,NC,Mecklenburg [NC],35.207044,-80.808156,Single-Client,Charlotte-Mecklenburg Storm Water Services,NA,Charlotte ,NC,28202,NA,NA,NA,NA,NA,NA,NA,NA,NA,NA,2014,Umbrella,no,no,no,Charlotte-Mecklenburg Storm Water Services,no,govt
6097,Charlotte Stream and Wetland Umbrella Mitigation Bank - Long Creek Site,17/03/2020,17/03/2020,"{ ""type"": ""Point"", ""coordinates"": [-80.8682, 35.3437] }",TRUE,"Stream, Wetland",,,"Palustrine, Riverine",Approved,NC,Mecklenburg [NC],35.3437,-80.8682,Single-Client,Charlotte-Mecklenburg Storm Water Services,NA,Charlotte ,NC,28202,NA,NA,NA,NA,NA,NA,NA,NA,NA,NA,2020,Umbrella,no,no,no,Charlotte-Mecklenburg Storm Water Services,no,govt
6407,Charlotte Stream and Wetland Umbrella Mitigation Bank - Newell Creek Stream Restoration Site,16/08/2022,16/08/2022,"{ ""type"": ""Point"", ""coordinates"": [-80.7408366607807, 35.2894355082904] }",TRUE,Stream,,,Riverine,Pending,NC,Mecklenburg [NC],35.28943551,-80.74083666,Single-Client,Charlotte-Mecklenburg Storm Water Services,NA,Charlotte ,NC,28202,NA,Jake,Maschoff,jake.maschoff@kimley-horn.com,Kimley-Horn and Associates,Charlotte,NC,28202,Consultant,"200 South Tryon Street, Suite 200",2022,Umbrella,no,no,no,Charlotte-Mecklenburg Storm Water Services,no,govt
7090,Charlotte Stream and Wetland Umbrella Mitigation Bank - Hamptonridge Site,NA,NA,"{ ""type"": ""Point"", ""coordinates"": [-80.837148, 35.130342] }",TRUE,,,,,Pending,NC,Mecklenburg [NC],35.130342,-80.837148,Single-Client,Charlotte-Mecklenburg Storm Water Services,NA,Charlotte ,NC,28202,NA,Jacey,Meador,Jacey.Meador@charlottenc.gov,Charlotte-Mecklenburg Storm Water Services,Charlotte,NC,28202,Sponsor,600 East 4th Street ,NA,Standard,no,no,no,Charlotte-Mecklenburg Storm Water Services,no,govt
6094,Church Branch,30/06/2021,28/07/2021,"{ ""type"": ""Point"", ""coordinates"": [-90.617095, 30.349514] }",TRUE,Wetland,Forested,Broad-Leaved Deciduous,Palustrine,Approved,LA,Livingston Parish [LA],30.349514,-90.617095,Public Commercial,"Church Branch Mitigation, LLC",6575 West Loop South,Bellaire,TX,77401,Suite 300,Frank,Cuccio,FCuccio@res.us,"412 Settlers Trace, Suite 200",Lafayette,LA,70503,Sponsor,NA,2021,Standard,no,no,no,yes,no,govt
2287,"2010-SM - Boutin - Biddeford, ME",15/12/2010,15/12/2010,"{ ""type"": ""Point"", ""coordinates"": [-70.4504671554705, 43.4827082761772] }",TRUE,Wetland,"Forested, Scrub-Shrub, Unconsolidated Bottom, Unconsolidated Shore",,"Other, Palustrine, Riverine, Upland",Approved,ME,York [ME],43.48270828,-70.45046716,Public Commercial,City of Biddeford,205 Main Street,Biddeford,ME,4005,NA,Bryan,Emerson,bryan.emerson@tnc.org,14 Maine Street,Brunswick,ME,4011,POC,Suite 401,2010,ILF,no,no,no,yes,no,govt
452,CO-Marshall (Closed),19/04/2000,19/04/2000,"{ ""type"": ""Point"", ""coordinates"": [-105.23025, 39.96525] }",TRUE,Wetland,,,Palustrine,Sold-Out,CO,Boulder [CO],39.96525,-105.23025,Public Commercial,City of Boulder Colorado,1777 Broadway,Boulder,CO,80302,NA,NA,NA,NA,NA,NA,NA,NA,NA,NA,2000,Standard,no,no,no,yes,no,govt
1416,MN - Wright - S201-201 * City of Buffalo,20/08/1999,20/08/1999,"{ ""type"": ""Point"", ""coordinates"": [-93.8513061120044, 45.1695796748368] }",TRUE,Wetland,Emergent,Persistent,"Palustrine, Upland",Approved,MN,Wright [MN],45.16957967,-93.85130611,Public Commercial,City of Buffalo Minnesota,212 Central Avenue,Buffalo,MN,55313,NA,NA,NA,NA,NA,NA,NA,NA,NA,NA,1999,Standard,no,no,no,yes,no,govt
6975,Upper Iowa Stream Mitigation Bank,NA,NA,"{ ""type"": ""Point"", ""coordinates"": [-91.795596, 43.306019] }",TRUE,,,,,Pending,IA,Winneshiek [IA],43.306019,-91.795596,Public Commercial,City of Decorah,108 Railroad Avenue,Decorah,IA,52101,NA,Reid,Stamer,rstamer@eocene.com,Eocene Environmental Group,Coralville,IA,52327,Consultant,"108 E 7th Street, Suite 2",NA,Standard,no,no,no,yes,no,govt
3041,"MN - Dakota - S4859- , City of Eagan/Wandering Walk",NA,31/03/2017,"{ ""type"": ""Point"", ""coordinates"": [-93.116196, 44.811726] }",TRUE,,,,,Terminated,MN,Dakota [MN],44.811726,-93.116196,Public Commercial,City of Eagan,3501 Coachman Drive,Eagan,MN,55122-1211,NA,NA,NA,NA,NA,NA,NA,NA,NA,NA,NA,Standard,no,no,no,yes,no,govt
5261,Amazon Prairie Mitigation Bank,NA,09/02/2022,"{ ""type"": ""Point"", ""coordinates"": [-123.241284, 44.117124] }",TRUE,"Group, Wetland","Emergent, Forested",,"Palustrine, Upland",Approved,OR,Lane [OR],44.117124,-123.241284,Public Commercial,City of Eugene,858 Pearl Street,Eugene,OR,97401,NA,Shelly,Miller,smiller@eugene-or.gov,City of Eugene Parks and Open Space,Eugene,OR,NA,POC,NA,NA,Standard,no,no,no,yes,no,govt
4853,Des Moines River Mitigation Bank,07/01/2019,07/01/2019,"{ ""type"": ""Point"", ""coordinates"": [-94.2004, 42.5162] }",TRUE,Stream,,,Riverine,Approved,IA,Webster [IA],42.5162,-94.2004,Public Commercial,City of Fort Dodge,819 1st Avenue,Fort Dodge,IA,50501,NA,Nichoel,Church,nchurch@snyder-associates.com,2727 SW Snyder Blvd,"Ankeny, IA ",IA,50023,Consultant,NA,2019,Standard,no,no,no,yes,no,govt
3144,MN - Lake of the Woods - s07579 - I-Falls  White Cedar Pres #2,NA,01/03/2017,"{ ""type"": ""Point"", ""coordinates"": [-95.200033, 48.402302] }",TRUE,,,,,Withdrawn,MN,Lake of the Woods [MN],48.402302,-95.200033,Public Commercial,City of International Falls,600 - 4th Street,International Falls,MN,56649,NA,NA,NA,NA,NA,NA,NA,NA,NA,NA,NA,Standard,no,no,no,yes,no,govt
2412,"MN - Anoka - S5624-1601 Lino Lakes, Woolan's Park",07/03/2017,07/03/2017,"{ ""type"": ""Point"", ""coordinates"": [-93.09982, 45.20591] }",TRUE,Wetland,Emergent,Persistent,Palustrine,Approved,MN,Anoka [MN],45.20591,-93.09982,Public Commercial,"City of Lino Lakes, bank",Mike Grochala,Lino Lakes,MN,55014,600 Town Center Parkway,NA,NA,NA,NA,NA,NA,NA,NA,NA,2017,Standard,no,no,no,yes,no,govt
7160,MN - Anoka - Winters Wetland Bank,NA,NA,"{ ""type"": ""Point"", ""coordinates"": [-93.02467, 45.178159] }",TRUE,,,,,Pending,MN,Anoka [MN],45.178159,-93.02467,Public Commercial,"City of Lino Lakes, bank",Mike Grochala,Lino Lakes,MN,55014,600 Town Center Parkway,Tony,Havranek,Thavranek@wsbeng.com,WSB,Saint Paul,MN,55101,Consultant,178 9th St E Unit 200,NA,Standard,no,no,no,yes,no,govt
3147,MN - Lyon - S6336-1574 ^ City of Marshall Industrial Park,NA,15/10/2020,"{ ""type"": ""Point"", ""coordinates"": [-95.806846, 44.464926] }",TRUE,,,,,Terminated,MN,Lyon [MN],44.464926,-95.806846,Public Commercial,City of Marshall,344 West Main Street,Marshall,MN,56258,NA,NA,NA,NA,NA,NA,NA,NA,NA,NA,NA,Standard,no,no,no,yes,no,govt
3371,MN - Carver - s07576-1763 - City of Mayer,16/11/2017,16/11/2017,"{ ""type"": ""Point"", ""coordinates"": [-93.887327, 44.883865] }",TRUE,Wetland,Emergent,Persistent,Palustrine,Approved,MN,Carver [MN],44.883865,-93.887327,Public Commercial,City of Mayer,c/o Nick Johnson,413 Bluejay Avenue,MN,55360,NA,Mark,Kjolhaug,mkjol@kjolhaugenv.com,Kjolhaug Environmental Services Company,Orono,MN,55331,Sales POC,"2500 Shadywood Road, Suite 130",2017,Standard,no,no,no,yes,no,govt
6335,NE-City of Norfolk (withdrawn),NA,17/01/2025,"{ ""type"": ""Point"", ""coordinates"": [-97.46921, 42.014995] }",TRUE,,,,,Withdrawn,NE,Madison [NE],42.014995,-97.46921,Public Commercial,"City of Norfolk (Josh Moenning, Mayor)",309 N 5th Street,Norfolk,NE,68701,NA,NA,NA,NA,NA,NA,NA,NA,NA,NA,NA,Standard,no,no,no,yes,no,govt
450,NE-North Platte,19/03/2001,19/03/2001,"{ ""type"": ""Point"", ""coordinates"": [-100.717667988273, 41.1136139296765] }",TRUE,Wetland,,,Palustrine,Approved,NE,Lincoln [NE],41.11361393,-100.717668,Public Commercial,City of North Platte Nebraska,211 W 3rd ST,North Platte,NE,69101,NA,Brent,Burklund,info@ci.north-platte.ne.us,211 W 3rd ST,North Platte,NE,69101,POC,NA,2001,Standard,no,no,no,yes,no,govt
1228,City of Ocean Shores Weatherwax Wetland Mitigation Bank,29/03/2016,29/03/2016,"{ ""type"": ""Point"", ""coordinates"": [-124.149095182036, 46.9810004033694] }",TRUE,Wetland,,,Palustrine,Approved,WA,Grays Harbor [WA],46.9810004,-124.1490952,Public Commercial,City of Ocean Shores,P.O. Box 909 ,Ocean Shores,WA,98569,NA,Marshall,Read,osplanning@osgov.com,NA,NA,NA,NA,Sales POC,NA,2016,Standard,no,no,no,yes,no,govt
1955,MN - Wright - S5628- City of Otsego Hidden Crk Tr,NA,06/04/2017,"{ ""type"": ""Point"", ""coordinates"": [-93.612079, 45.274013] }",TRUE,Wetland,Emergent,Persistent,"Palustrine, Upland",Terminated,MN,Wright [MN],45.274013,-93.612079,Public Commercial,City of Otsego,8899 Nashua Ave NE,Otsego,MN,55330,NA,Ron Wagner and Becky Wozney at,Hakanson Anderson Associates  Inc,NA,NA,NA,MN,NA,POC,NA,NA,Standard,no,no,no,yes,no,govt
285,Port Orange MB,24/02/2009,24/02/2009,"{ ""type"": ""Point"", ""coordinates"": [-81.1393984531664, 29.0805629333076] }",TRUE,Wetland,Forested,,Palustrine,Approved,FL,Volusia [FL],29.08056293,-81.13939845,Public Commercial,City of Port Orange,1000 City Center Circle, Port Orange,FL,32129,NA,Steve,Edgar,sedgar@port-orange.org,1000 City Center Circle,Port Orange,FL,32129,Sponsor,NA,2009,Standard,no,no,no,yes,no,govt
1689,MN - Redwood - S1204-1355 * City of Redwood Falls,04/06/2007,04/06/2007,"{ ""type"": ""Point"", ""coordinates"": [-95.5006352654274, 44.35460396906] }",TRUE,Wetland,Emergent,Persistent,"Palustrine, Upland",Approved,MN,Redwood [MN],44.35460397,-95.50063527,Public Commercial,City of Redwood Falls,PO Box 526,Redwood Falls,MN,56283-0526,NA,NA,NA,NA,NA,NA,NA,NA,NA,NA,2007,Standard,no,no,no,yes,no,govt
1019,WI - Douglas - City of Superior SAMP 2- Lyman Road,12/12/2008,12/12/2008,"{ ""type"": ""Point"", ""coordinates"": [-92.0110425656762, 46.6433954609241] }",TRUE,Wetland,"Emergent, Forested, Scrub-Shrub","Broad-Leaved Deciduous, Broad-Leaved Evergreen, Persistent","Palustrine, Upland",Approved,WI,Douglas [WI],46.64339546,-92.01104257,Public Commercial,City of Superior,1316 N. 14th Street,Superior,WI,54880,NA,Darienne,McNamara,mcnamarad@ci.superior.wi.us,1316 N 14th Street,Superior,WI,54880,Sponsor,NA,2008,Standard,no,no,no,yes,no,govt
4420,WI - Douglas - Moonshine Road Mitigation Site (SAMP),12/09/2019,12/09/2019,"{ ""type"": ""Point"", ""coordinates"": [-91.8302770873046, 46.624982910683] }",TRUE,Wetland,"Emergent, Forested, Scrub-Shrub","Broad-Leaved Deciduous, Persistent",Palustrine,Approved,WI,Douglas [WI],46.62498291,-91.83027709,Public Commercial,City of Superior,1316 N. 14th Street,Superior,WI,54880,NA,Darienne,McNamara,mcnamarad@ci.superior.wi.us,1316 N 14th Street,Superior,WI,54880,Sponsor,NA,2019,Standard,no,no,no,yes,no,govt
2246,East Jesters Creek (Clayton County),26/04/2013,15/02/2023,"{ ""type"": ""Point"", ""coordinates"": [-84.344145399323, 33.6045760826838] }",TRUE,"Stream, Wetland",,,"Palustrine, Riverine",Sold-Out,GA,Clayton [GA],33.60457608,-84.3441454,Public Commercial,Clayton County Water Authority,Attention: Kevin Osbey,Morrow,GA,30260-4302,1600 Battle Creek Road,Lauren,Chamblin,Lauren.Chamblin@ccwa.us,Clayton County Water Authority,Morrow,GA,30260-4302,Sales POC,1600 Battle Creek Road,2013,Standard,no,no,no,yes,no,govt
1375,MN - Clearwater - S138-138 ^ CHD,20/09/2001,20/09/2001,"{ ""type"": ""Point"", ""coordinates"": [-95.1981308683583, 47.6422314304527] }",TRUE,Wetland,Emergent,Persistent,Palustrine,Approved,MN,Clearwater [MN],47.64223143,-95.19813087,Public Commercial,Clearwater County Highway Department,113 7th St. NE,Bagley,MN,56621-9103,NA,NA,NA,NA,NA,NA,NA,NA,NA,NA,2001,Standard,no,no,no,yes,no,govt
1826,MN - Goodhue - S149-149 ^ Dakota County,11/09/1997,05/10/2016,"{ ""type"": ""Point"", ""coordinates"": [-92.722507, 44.66546] }",TRUE,Wetland,"Emergent, Forested","Broad-Leaved Deciduous, Persistent",Palustrine,Terminated,MN,Goodhue [MN],44.66546,-92.722507,Public Commercial,Dakota County Physical Development,14955 Galaxie Ave.,Apple Valley,MN,55124,NA,NA,NA,NA,NA,NA,NA,NA,NA,NA,1997,Standard,no,no,no,yes,no,govt
1990,Voas Mitigation Bank,29/04/2011,29/04/2011,"{ ""type"": ""Point"", ""coordinates"": [-94.050194, 41.772575] }",TRUE,Wetland,Emergent,,Palustrine,Approved,IA,Dallas [IA],41.772575,-94.050194,Public Commercial,Dallas County Conservation Board,14581 K Avenue,Perry,IA,50220,NA,Curt,Cable,curt.cable@dallascountyiowa.gov,14581 K Ave,Perry,IA,50220,POC,NA,2011,Standard,no,no,no,yes,no,govt
7194,Voas Mitigation Bank Phase II,NA,NA,"{ ""type"": ""Point"", ""coordinates"": [-94.045532, 41.766164] }",TRUE,,,,,Pending,IA,Dallas [IA],41.766164,-94.045532,Public Commercial,Dallas County Conservation Board,14581 K Avenue,Perry,IA,50220,NA,Reid,Stamer,rstamer@eocene.com,Eocene Environmental Group,Coralville,IA,52327,Consultant,"108 E 7th Street, Suite 2",NA,Standard,no,no,no,yes,no,govt
6053,WI - Eau Claire - Beaver Creek Headwaters Compensatory Wetland & Stream Mitigation Bank,NA,01/04/2024,"{ ""type"": ""Point"", ""coordinates"": [-91.1045664924382, 45.412766248623] }",TRUE,"Stream, Wetland",Emergent,Persistent,"Palustrine, Riverine",Approved,WI,"Ashland [WI], Barron [WI], Bayfield [WI], Buffalo [WI], Burnett [WI], Chippewa [WI], Clark [WI], Dunn [WI], Eau Claire [WI], Iron [WI], Jackson [WI], Oneida [WI], Pepin [WI], Pierce [WI], Polk [WI], Price [WI], Rusk [WI], Sawyer [WI], St. Croix [WI], Taylor [WI], Vilas [WI], Washburn [WI]",45.41276625,-91.10456649,Public Commercial,Dan Marx,NA,NA,WI,NA,NA,Mike,Dahlby,medahlby@gmail.com,"Dahlby Conservation Services, LLC",Chippewa Falls,WI,54729,Consultant,8233 162nd Street,NA,Standard,no,no,no,yes,no,govt
3451,MN - Hennepin - s07609-1649 - Mader Wetland Bank,07/09/2017,07/03/2023,"{ ""type"": ""Point"", ""coordinates"": [-93.729281, 44.92404] }",TRUE,Wetland,Emergent,Persistent,Palustrine,Sold-Out,MN,Hennepin [MN],44.92404,-93.729281,Public Commercial,David Franske,6104 Arbour Avenue,Edina,MN,55436,NA,NA,NA,NA,NA,NA,NA,NA,NA,NA,2017,Standard,no,no,no,yes,no,govt
3245,Afton South Prairie,31/03/2015,31/03/2015,"{ ""type"": ""Point"", ""coordinates"": [-88.730392, 41.818536] }",TRUE,Wetland,"Emergent, Forested",,Palustrine,Approved,IL,DeKalb [IL],41.818536,-88.730392,Public Commercial,DeKalb County Forest Preserve,110 East Sycamore Street,Sycamore,IL,60178,NA,Terry,Hannan,thannan@dekalbcounty.org,110 East Sycamore Street,Sycamore,IL,60178,POC,NA,2015,Standard,no,no,no,yes,no,govt
4635,Crooked Bayou Mitigation Bank,25/02/2020,25/02/2020,"{ ""type"": ""Point"", ""coordinates"": [-93.5107, 32.1158] }",TRUE,Wetland,,,Palustrine,Approved,LA,Red River Parish [LA],32.1158,-93.5107,Public Commercial,"Delta Land Services, LLC",Mr. Winship Songy,Port Allen,LA,70767,1090 Cinclare Drive,Dylan,Philippe,dylan@deltaland-services.com,1090 Cinclare Drive,Port Allen,LA,70767,Sales POC,NA,2020,Standard,no,no,no,yes,no,govt
1377,MN - Dodge - S141-141 ^ CHD,29/09/1995,15/10/2020,"{ ""type"": ""Point"", ""coordinates"": [-93.0226312593014, 43.9522597205118] }",TRUE,Wetland,Emergent,Persistent,Palustrine,Terminated,MN,Dodge [MN],43.95225972,-93.02263126,Public Commercial,Dodge County Highway Department,PO Box 370,Dodge Center,MN,55927,NA,NA,NA,NA,NA,NA,NA,NA,NA,NA,1995,Standard,no,no,no,yes,no,govt
6580,Little Walnut Creek Stream and Wetland Mitigation Bank,NA,NA,"{ ""type"": ""Point"", ""coordinates"": [-93.860264, 41.636965] }",TRUE,,,,,Pending,IA,Dallas [IA],41.636965,-93.860264,Public Commercial,Doug Ollendike (City of Clive),1900 NW 114th Street,Clive,IA,50325,NA,Will,Stanley,William.Stanley@stantec.com,"601 Grassmere Park Road, Suite 22",Nashville,TN,NA,Consultant,NA,NA,Standard,no,no,no,yes,no,govt
3525,Oursan Ridge Conservation Bank,27/03/2017,27/03/2017,"{ ""type"": ""Point"", ""coordinates"": [-122.222021, 37.962563] }",TRUE,"Group, Species",,,,Approved,CA,Contra Costa [CA],37.962563,-122.222021,Public Commercial,East Bay Municipal Utility District,375 Eleventh St.  MS 902,Oakland,CA,94607,Attn: Jon Bauer,Paul,Gilbert-Snyder,paul.gilbert-snyder@ebmud.com,NA,NA,CA,NA,Sales POC,NA,2017,Standard,no,no,no,yes,no,govt
6001,Muirhead Springs,09/07/2021,28/07/2021,"{ ""type"": ""Point"", ""coordinates"": [-88.4473743047683, 42.0434267076354] }",TRUE,"Stream, Wetland",,,"Palustrine, Riverine",Approved,IL,Kane [IL],42.04342671,-88.4473743,Public Commercial,Forest Preserve District of Kane County,"1996 South Kirk Road, Suite 320",Geneva,IL,60134,NA,Jennifer,Rooks-Lopez,rookslopezjennifer@kaneforest.com,"1996 S Kirk Rd, Ste 320",Geneva,IL,60134,Owner,NA,2021,Standard,no,no,no,yes,no,govt
1380,MN - Goodhue - S148-148 ^ CHD,11/09/1997,05/10/2016,"{ ""type"": ""Point"", ""coordinates"": [-92.7296831635188, 44.6716627007393] }",TRUE,Wetland,"Emergent, Scrub-Shrub","Broad-Leaved Deciduous, Persistent",Palustrine,Terminated,MN,Goodhue [MN],44.6716627,-92.72968316,Public Commercial,Goodhue County Department of Public Works,2140 Pioneer Road,Red Wing ,MN,55066,NA,NA,NA,NA,NA,NA,NA,NA,NA,NA,1997,Standard,no,no,no,yes,no,govt
3530,Markham Ravine - Western Placer County ILF Site,17/04/2020,09/12/2020,"{ ""type"": ""Point"", ""coordinates"": [-121.46051, 38.88592] }",TRUE,Wetland,,,Palustrine,Approved,CA,Placer [CA],38.88592,-121.46051,Public Commercial,Gregg McKenzie,3091 Coutny Center Drive,Auburn,CA,95603,NA,Gregg,McKenzie,GAMckenz@placer.ca.gov,3091 County Center Drive,Auburn,CA,95603,Sponsor,NA,2020,ILF,no,no,no,yes,no,govt
1170,MN - Itasca - S5613-  County  'White Oak',30/10/2013,30/10/2013,"{ ""type"": ""Point"", ""coordinates"": [-93.7667745623707, 47.3198911732291] }",TRUE,Wetland,Emergent,Persistent,Palustrine,Approved,MN,Itasca [MN],47.31989117,-93.76677456,Public Commercial,Itasca County Land Department,1177 LaPrairie Avenue,Grand Rapids,MN,55744,NA,Garrett,Ous,garrett.ous@co.itasca.mn.us,Itasca County Land,Grand Rapids,MN,55744-3322 ,POC,1177 LaPrairie Ave.,2013,Standard,no,no,no,yes,no,govt
3358,Jamestown Mitigation Bank,21/04/2015,01/07/2015,"{ ""type"": ""Point"", ""coordinates"": [-90.6081188952446, 30.5592357903776] }",TRUE,Wetland,Forested,Broad-Leaved Deciduous,Palustrine,Approved,LA,Livingston Parish [LA],30.55923579,-90.6081189,Public Commercial,Jamestown Mitigation Bank LLC,Attn: Robert Maurin,Hammond,LA,70401,110 N. Oak St.,Robert,Maurin,rmaurin@jamestowninc.net,110 Oak St. ,Hammond,LA,70401,Sponsor,NA,2015,Standard,no,no,no,yes,no,govt
5393,WI - Dodge - Mesching Wetland Mitigation Bank,NA,15/10/2020,"{ ""type"": ""Point"", ""coordinates"": [-88.568117, 43.266875] }",TRUE,,,,,Withdrawn,WI,Dodge [WI],43.266875,-88.568117,Public Commercial,John Paul Mesching,W32569 Esker Lane,Nashotah,WI,53058,NA,Stephen,Hjort,shjort@eco-resource.net,2554 County Road N,Stoughton,WI,53589,Consultant,NA,NA,Standard,no,no,no,yes,no,govt
4346,Cedar River Crossing Wetland Mitigation Bank,06/12/2017,06/12/2017,"{ ""type"": ""Point"", ""coordinates"": [-91.4046683923093, 41.8348177313308] }",TRUE,Wetland,"Emergent, Forested",,Palustrine,Approved,IA,Johnson [IA],41.83481773,-91.40466839,Public Commercial,Johnson County Conservation Board,2048 Hwy 6 N.W.,Oxford,IA,52322,NA,John,Larson,jlarson@res.us,PO Box 256,Brodhead,WI,53520,Consultant,NA,2017,Standard,no,no,no,yes,no,govt
3233,Ramona Grasslands,01/08/2014,01/08/2014,"{ ""type"": ""Point"", ""coordinates"": [-116.937891, 33.032288] }",TRUE,"Group, Species",,,,Approved,CA,San Diego [CA],33.032288,-116.937891,Public Commercial,"Kearny PCCP Otay 311, LLC",530 B Street,San Diego,CA,92101,Suite 1800,Michael,McCollum,mccollum@mccollum.com,223 Town Center Parkway #1881,Spring Hill,TN,37174-3040,POC,NA,2014,Standard,no,no,no,yes,no,govt
3106,* ILF-KDFWR-Goose Creek Restoration (ILF-I) (LRL-2012-646),22/03/2017,22/03/2017,"{ ""type"": ""Point"", ""coordinates"": [-84.9933425139445, 37.1549695472452] }",TRUE,"Stream, Wetland",,,"Palustrine, Riverine",Approved,KY,Casey [KY],37.15496955,-84.99334251,Public Commercial,Kentucky Department of Fish & Wildlife Resources ,#1 Sportsman's Lane,Frankfort,KY,40601,NA,Clifford,Scott,clifford.scott@ky.gov,Kentucky Department of Fish and Wildlife Resources,Frankfort,KY,40501,Sales POC,#1 Sportman's Lane,2017,ILF,no,no,no,Kentucky Department of Fish & Wildlife Resources ,no,govt
3267,* ILF-KDFWR-Minors Creek Restoration Project (ILF-I) (LRL-2013-91),22/05/2017,22/05/2017,"{ ""type"": ""Point"", ""coordinates"": [-84.7435427296431, 38.3547931728569] }",TRUE,Stream,,,Riverine,Approved,KY,"Franklin [KY], Owen [KY], Scott [KY]",38.35479317,-84.74354273,Public Commercial,Kentucky Department of Fish & Wildlife Resources ,#1 Sportsman's Lane,Frankfort,KY,40601,NA,Clifford,Scott,clifford.scott@ky.gov,Kentucky Department of Fish and Wildlife Resources,Frankfort,KY,40501,Sales POC,#1 Sportman's Lane,2017,ILF,no,no,no,Kentucky Department of Fish & Wildlife Resources ,no,govt
3638,KDFWR - Sinking Valley,16/07/2013,16/07/2013,"{ ""type"": ""Point"", ""coordinates"": [-84.3823885112992, 37.1962524226912] }",TRUE,Stream,,,Riverine,Approved,KY,Pulaski [KY],37.19625242,-84.38238851,Public Commercial,Kentucky Department of Fish & Wildlife Resources ,#1 Sportsman's Lane,Frankfort,KY,40601,NA,Mike,Hardin,mike.hardin@ky.gov,Kentucky Department of Fish & Wildlife Resources ,Frankfort ,KY,40601,POC,#1 Sportsman's Lane ,2013,ILF,no,no,no,Kentucky Department of Fish & Wildlife Resources ,no,govt
4576,Bear Den Hollow Wetland and Stream Restoration Project,NA,06/11/2017,"{ ""type"": ""Point"", ""coordinates"": [-84.5721, 37.3171] }",TRUE,,,,,Withdrawn,KY,Pulaski [KY],37.3171,-84.5721,Public Commercial,Kentucky Department of Fish & Wildlife Resources ,#1 Sportsman's Lane,Frankfort,KY,40601,NA,Joshua,Frost,joshua.w.frost@usace.army.mil,3701 Bell Road,Nashville,TN,37214-2660,POC,NA,NA,ILF,no,no,no,Kentucky Department of Fish & Wildlife Resources ,no,govt
4577,KDFWR - Mulberry Creek,NA,20/11/2017,"{ ""type"": ""Point"", ""coordinates"": [-84.055293, 36.722281] }",TRUE,,,,,Withdrawn,KY,Whitley [KY],36.722281,-84.055293,Public Commercial,Kentucky Department of Fish & Wildlife Resources ,#1 Sportsman's Lane,Frankfort,KY,40601,NA,Joshua,Frost,joshua.w.frost@usace.army.mil,3701 Bell Road,Nashville,TN,37214-2660,POC,NA,NA,ILF,no,no,no,Kentucky Department of Fish & Wildlife Resources ,no,govt
5054,KDFWR - Doan Springs,NA,06/02/2023,"{ ""type"": ""Point"", ""coordinates"": [-88.1777, 37.2265] }",TRUE,"Stream, Wetland",,,"Palustrine, Riverine",Withdrawn,KY,Crittenden [KY],37.2265,-88.1777,Public Commercial,Kentucky Department of Fish & Wildlife Resources ,#1 Sportsman's Lane,Frankfort,KY,40601,NA,Mike,Hardin,mike.hardin@ky.gov,Kentucky Department of Fish & Wildlife Resources ,Frankfort ,KY,40601,Sponsor,#1 Sportsman's Lane ,NA,ILF,no,no,no,Kentucky Department of Fish & Wildlife Resources ,no,govt
5055,KDFWR - Burnett Branch,NA,NA,"{ ""type"": ""Point"", ""coordinates"": [-84.77705, 36.66133] }",TRUE,Stream,,,Riverine,Pending,KY,Wayne [KY],36.66133,-84.77705,Public Commercial,Kentucky Department of Fish & Wildlife Resources ,#1 Sportsman's Lane,Frankfort,KY,40601,NA,Mike,Hardin,mike.hardin@ky.gov,Kentucky Department of Fish & Wildlife Resources ,Frankfort ,KY,40601,Sponsor,#1 Sportsman's Lane ,NA,ILF,no,no,no,Kentucky Department of Fish & Wildlife Resources ,no,govt
5056,KDFWR - Ferguson Creek,NA,13/11/2024,"{ ""type"": ""Point"", ""coordinates"": [-88.362893, 37.147589] }",TRUE,Wetland,,,Palustrine,Pending,KY,Livingston [KY],37.147589,-88.362893,Public Commercial,Kentucky Department of Fish & Wildlife Resources ,#1 Sportsman's Lane,Frankfort,KY,40601,NA,Mike,Hardin,mike.hardin@ky.gov,Kentucky Department of Fish & Wildlife Resources ,Frankfort ,KY,40601,Sponsor,#1 Sportsman's Lane ,NA,ILF,no,no,no,Kentucky Department of Fish & Wildlife Resources ,no,govt
5057,KDFWR - Elkton Lake,NA,08/08/2019,"{ ""type"": ""Point"", ""coordinates"": [-87.1488100795067, 36.8412842014196] }",TRUE,Stream,,,Riverine,Withdrawn,KY,Todd [KY],36.8412842,-87.14881008,Public Commercial,Kentucky Department of Fish & Wildlife Resources ,#1 Sportsman's Lane,Frankfort,KY,40601,NA,Mike,Hardin,mike.hardin@ky.gov,Kentucky Department of Fish & Wildlife Resources ,Frankfort ,KY,40601,Sponsor,#1 Sportsman's Lane ,NA,ILF,no,no,no,Kentucky Department of Fish & Wildlife Resources ,no,govt
5058,KDFWR - Lonesome Creek,NA,02/03/2022,"{ ""type"": ""Point"", ""coordinates"": [-84.738858, 36.677756] }",TRUE,Stream,,,Riverine,Withdrawn,KY,Wayne [KY],36.677756,-84.738858,Public Commercial,Kentucky Department of Fish & Wildlife Resources ,#1 Sportsman's Lane,Frankfort,KY,40601,NA,Mike,Hardin,mike.hardin@ky.gov,Kentucky Department of Fish & Wildlife Resources ,Frankfort ,KY,40601,Sponsor,#1 Sportsman's Lane ,NA,ILF,no,no,no,Kentucky Department of Fish & Wildlife Resources ,no,govt
5281,KYDFWR-Bailey Branch-(ILF) (LRN-2019-00035),NA,31/01/2020,"{ ""type"": ""Point"", ""coordinates"": [-85.571655852082, 36.6736733642676] }",TRUE,,,,,Withdrawn,KY,Monroe [KY],36.67367336,-85.57165585,Public Commercial,Kentucky Department of Fish & Wildlife Resources ,#1 Sportsman's Lane,Frankfort,KY,40601,NA,Rob,Lewis,rob.lewis@ky.gov,KY Dept of Fish and Wildlife Resources - Wetland and Stream Program,Frankfort,KY,40601,Sponsor,#1 Sportman's Lane,NA,ILF,no,no,no,Kentucky Department of Fish & Wildlife Resources ,no,govt
5310,* ILF-KDFWR-Harrison Fork Stream Restoration (MOA)(LRL-2012-274),13/09/2023,13/09/2023,"{ ""type"": ""Point"", ""coordinates"": [-85.5923941051871, 37.8656992621452] }",TRUE,Stream,,,Riverine,Approved,KY,"Bullitt [KY], Nelson [KY]",37.86569926,-85.59239411,Public Commercial,Kentucky Department of Fish & Wildlife Resources ,#1 Sportsman's Lane,Frankfort,KY,40601,NA,Clifford,Scott,clifford.scott@ky.gov,Kentucky Department of Fish and Wildlife Resources,Frankfort,KY,40501,POC,#1 Sportman's Lane,2023,ILF,no,no,no,Kentucky Department of Fish & Wildlife Resources ,no,govt
6917,* ILF-KDFWR-Northern Kentucky Middle Creek Stream and Wetland Restoration Project Phase I (ILF-I)(LRL-2019-00161),14/07/2025,14/07/2025,"{ ""type"": ""Point"", ""coordinates"": [-84.810783, 38.997338] }",TRUE,"Stream, Wetland",Forested,,"Palustrine, Riverine",Approved,KY,Boone [KY],38.997338,-84.810783,Public Commercial,Kentucky Department of Fish & Wildlife Resources ,#1 Sportsman's Lane,Frankfort,KY,40601,NA,Rob,Lewis,rob.lewis@ky.gov,KY Dept of Fish and Wildlife Resources - Wetland and Stream Program,Frankfort,KY,40601,POC,#1 Sportman's Lane,2025,ILF,no,no,no,Kentucky Department of Fish & Wildlife Resources ,no,govt
7030,KDFWR - Cope Creek Mitigation Project,NA,27/02/2025,"{ ""type"": ""Point"", ""coordinates"": [-88.310356, 36.82539] }",TRUE,,,,,Withdrawn,KY,Marshall [KY],36.82539,-88.310356,Public Commercial,Kentucky Department of Fish & Wildlife Resources ,#1 Sportsman's Lane,Frankfort,KY,40601,NA,Jason,Curry,Jason.Curry@ky.gov,KDFWR Kentucky Wetland and Stream Program,Frankfort,KY,40601,Sponsor,1 Sportman’s Ln,NA,ILF,no,no,no,Kentucky Department of Fish & Wildlife Resources ,no,govt
4986,MN - Meeker - S08193-1703 - Root Wetland Bank,02/04/2020,02/04/2020,"{ ""type"": ""Point"", ""coordinates"": [-94.432858, 45.284344] }",TRUE,Wetland,Emergent,Persistent,Palustrine,Approved,MN,Meeker [MN],45.284344,-94.432858,Public Commercial,Kevin Root,36704 653rd Ave,Watkins,MN,55389,NA,Wes,Boll,Wes.boll@mooreengineeringinc.com,Moore Engineering,St. Cloud,MN,56301,POC,"3315 Roosevelt Rd., Suite 300",2020,Standard,no,no,no,yes,no,govt
1173,MN - Lake of the Woods - S5115-1498 County 'Bernard',16/06/2011,28/01/2013,"{ ""type"": ""Point"", ""coordinates"": [-94.8330351050442, 48.7867960976072] }",TRUE,Wetland,"Emergent, Forested, Scrub-Shrub","Broad-Leaved Deciduous, Needle-Leaved Evergreen, Persistent","Palustrine, Upland",Approved,MN,Lake of the Woods [MN],48.7867961,-94.83303511,Public Commercial,Lake of the Woods County,206 8th Ave. SE Suite #290,Baudette ,MN,56623,NA,Josh,Stromlund,josh_s@co.lotw.mn.us,Lake of the Woods SWCD,Baudette,MN,56623,POC,"119 1st Ave NW,  PO Box 217",2011,Standard,no,no,no,yes,no,govt
6641,Donnelley Prairie and Oaks,02/03/2023,27/06/2023,"{ ""type"": ""Point"", ""coordinates"": [-87.9952984078814, 42.3239288399685] }",TRUE,Wetland,,,Palustrine,Approved,IL,Lake [IL],42.32392884,-87.99529841,Public Commercial,Libertyville Township,359 Merrill County,Libertyville,IL,60048,NA,Kathleen,O'Connor,koconnor@libertyvilletownship.us,359 Merrill County ,Libertyville,IL,60048,Owner,NA,2023,Standard,no,no,no,yes,no,govt
2577,Iron County Little Horse Valley,14/12/2009,14/12/2009,"{ ""type"": ""Point"", ""coordinates"": [-111.670291943333, 39.3064137756035] }",TRUE,Species,,,,Approved,UT,Iron [UT],39.30641378,-111.6702919,Public Commercial,Lou Brown,State Institutional Trust Lands Administration,NA,UT,NA,NA,NA,NA,NA,NA,NA,NA,NA,NA,NA,2009,Standard,no,no,no,yes,no,govt
2010,Lummi Nation Wetland and Habitat Bank,06/07/2012,06/07/2012,"{ ""type"": ""Point"", ""coordinates"": [-122.588480420089, 48.7772931430652] }",TRUE,Wetland,,,Palustrine,Approved,WA,Whatcom [WA],48.77729314,-122.5884804,Public Commercial,Lummi Nation Natural Resources,2665 Kwina Road,Bellingham,WA,98226,NA,Kara,Kuhlman,KaraK@lummi-nsn.gov,Lummi Nation Natural Resources,Bellingham,WA,98226,POC,2665 Kwina Road,2012,Standard,no,no,no,yes,no,govt
1637,MN - Lyon - S3050-1289 * Lyon Cty/Black Rush Lake,18/05/2006,18/05/2006,"{ ""type"": ""Point"", ""coordinates"": [-95.9021767245607, 44.3422272421271] }",TRUE,Wetland,Emergent,Persistent,"Palustrine, Upland",Approved,MN,Lyon [MN],44.34222724,-95.90217672,Public Commercial,Lyon County,607 West Main St.,Marshall,MN,56258,NA,NA,NA,NA,NA,NA,NA,NA,NA,NA,2006,Standard,no,no,no,yes,no,govt
3352,Lytle Creek,14/08/2014,14/08/2014,"{ ""type"": ""Point"", ""coordinates"": [-117.362080785356, 34.1449971294397] }",TRUE,"Group, Species",,,,Approved,CA,San Bernardino [CA],34.14499713,-117.3620808,Public Commercial,"Lytle Creek Conservation Land, LLC",C/O Steve Boyer,Pasadena,CA,91101-4106,"300 N. Lake Avenue, Suite 930",Julie,Maddox,jmaddox@heronpacific.com,"Wildlands, Inc.",Rocklin,CA,95765,Sales POC,6558 Lonetree Blvd.,2014,Standard,no,no,no,yes,no,govt
2262,"2009-CIM - Argyle Wetlands - Argyle, ME",04/01/2010,29/02/2012,"{ ""type"": ""Point"", ""coordinates"": [-68.6957774161677, 45.0565777059707] }",TRUE,Wetland,"Emergent, Forested",,Palustrine,Withdrawn,ME,Penobscot [ME],45.05657771,-68.69577742,Public Commercial,Maine Department of Inland Fisheries and Wildlife,41 State House Station,Augusta,ME,04333-0041,NA,Bryan,Emerson,bryan.emerson@tnc.org,14 Maine Street,Brunswick,ME,4011,POC,Suite 401,2010,ILF,no,no,no,Maine Department of Inland Fisheries and Wildlife,no,govt
2263,"2009-CIM - Brookings Bay - Woolwich, ME",04/01/2010,02/04/2012,"{ ""type"": ""Point"", ""coordinates"": [-69.7492456620389, 43.9219395638737] }",TRUE,Wetland,"Emergent, Forested, Rocky Shore, Scrub-Shrub, Unconsolidated Shore",,"Estuarine, Palustrine, Upland",Sold-Out,ME,Sagadahoc [ME],43.92193956,-69.74924566,Public Commercial,Maine Department of Inland Fisheries and Wildlife,41 State House Station,Augusta,ME,04333-0041,NA,Bryan,Emerson,bryan.emerson@tnc.org,14 Maine Street,Brunswick,ME,4011,POC,Suite 401,2010,ILF,no,no,no,Maine Department of Inland Fisheries and Wildlife,no,govt
2264,"2009-SM - Morgan Meadow - Maloney - Gray, ME",04/01/2010,05/01/2015,"{ ""type"": ""Point"", ""coordinates"": [-70.3949529590386, 43.9312835336763] }",TRUE,Wetland,"Emergent, Forested",,"Palustrine, Upland",Sold-Out,ME,Cumberland [ME],43.93128353,-70.39495296,Public Commercial,Maine Department of Inland Fisheries and Wildlife,41 State House Station,Augusta,ME,04333-0041,NA,Bryan,Emerson,bryan.emerson@tnc.org,14 Maine Street,Brunswick,ME,4011,POC,Suite 401,2010,ILF,no,no,no,Maine Department of Inland Fisheries and Wildlife,no,govt
2270,"2009-SM - Gervais - Scarborough Marsh - Scarborough, ME",04/01/2010,18/10/2018,"{ ""type"": ""Point"", ""coordinates"": [-70.3636878822918, 43.5762069762487] }",TRUE,Wetland,"Emergent, Unconsolidated Bottom",Persistent,"Estuarine, Palustrine",Sold-Out,ME,Cumberland [ME],43.57620698,-70.36368788,Public Commercial,Maine Department of Inland Fisheries and Wildlife,41 State House Station,Augusta,ME,04333-0041,NA,Bryan,Emerson,bryan.emerson@tnc.org,14 Maine Street,Brunswick,ME,4011,POC,Suite 401,2010,ILF,no,no,no,Maine Department of Inland Fisheries and Wildlife,no,govt
2283,"2010-CIM - Spectacle Dam Ponds 1 Cake/Whitney - Augusta, ME",15/12/2010,15/12/2010,"{ ""type"": ""Point"", ""coordinates"": [-69.6818113406149, 44.3576090449436] }",TRUE,Wetland,"Emergent, Forested, Scrub-Shrub, Unconsolidated Bottom",,"Lacustrine, Palustrine, Upland",Approved,ME,Kennebec [ME],44.35760904,-69.68181134,Public Commercial,Maine Department of Inland Fisheries and Wildlife,41 State House Station,Augusta,ME,04333-0041,NA,Bryan,Emerson,bryan.emerson@tnc.org,14 Maine Street,Brunswick,ME,4011,POC,Suite 401,2010,ILF,no,no,no,Maine Department of Inland Fisheries and Wildlife,no,govt
2284,"2010-CIM - Spectacle Dam Ponds 2 Sukeforth - Augusta, ME",15/12/2010,15/12/2010,"{ ""type"": ""Point"", ""coordinates"": [-69.6881202131213, 44.3706621188992] }",TRUE,"Stream, Wetland","Emergent, Forested, Scrub-Shrub",,"Palustrine, Upland",Approved,ME,Kennebec [ME],44.37066212,-69.68812021,Public Commercial,Maine Department of Inland Fisheries and Wildlife,41 State House Station,Augusta,ME,04333-0041,NA,Bryan,Emerson,bryan.emerson@tnc.org,14 Maine Street,Brunswick,ME,4011,POC,Suite 401,2010,ILF,no,no,no,Maine Department of Inland Fisheries and Wildlife,no,govt
2285,"2010-CIM - Spectacle Dam Ponds 3 Glidden - Augusta, ME",15/12/2010,15/12/2010,"{ ""type"": ""Point"", ""coordinates"": [-69.6732970146589, 44.3791868404096] }",TRUE,"Stream, Wetland","Emergent, Forested, Scrub-Shrub, Unconsolidated Bottom",,"Palustrine, Upland",Approved,ME,Kennebec [ME],44.37918684,-69.67329701,Public Commercial,Maine Department of Inland Fisheries and Wildlife,41 State House Station,Augusta,ME,04333-0041,NA,Bryan,Emerson,bryan.emerson@tnc.org,14 Maine Street,Brunswick,ME,4011,POC,Suite 401,2010,ILF,no,no,no,Maine Department of Inland Fisheries and Wildlife,no,govt
2286,"2010-CIM - Spectacle Dam Ponds 4 Morin - Augusta, ME",15/12/2010,15/12/2010,"{ ""type"": ""Point"", ""coordinates"": [-69.6714871976428, 44.3807734178445] }",TRUE,"Stream, Wetland","Emergent, Forested, Scrub-Shrub, Unconsolidated Bottom",,"Other, Palustrine, Riverine, Upland",Approved,ME,Kennebec [ME],44.38077342,-69.6714872,Public Commercial,Maine Department of Inland Fisheries and Wildlife,41 State House Station,Augusta,ME,04333-0041,NA,Bryan,Emerson,bryan.emerson@tnc.org,14 Maine Street,Brunswick,ME,4011,POC,Suite 401,2010,ILF,no,no,no,Maine Department of Inland Fisheries and Wildlife,no,govt
2296,"2011-CIM - Head of Maquoit Stream - Brunswick, ME",14/12/2011,08/03/2012,"{ ""type"": ""Point"", ""coordinates"": [-69.98027, 43.874051] }",TRUE,,,,,Withdrawn,ME,Cumberland [ME],43.874051,-69.98027,Public Commercial,Maine Department of Inland Fisheries and Wildlife,41 State House Station,Augusta,ME,04333-0041,NA,Bryan,Emerson,bryan.emerson@tnc.org,14 Maine Street,Brunswick,ME,4011,POC,Suite 401,2011,ILF,no,no,no,Maine Department of Inland Fisheries and Wildlife,no,govt
2310,"2011-CEL - Mattawamkeag River WMA - Drew Pit, ME",14/12/2011,14/12/2011,"{ ""type"": ""Point"", ""coordinates"": [-68.1250596534421, 45.5804191272357] }",TRUE,Wetland,"Emergent, Forested, Scrub-Shrub",,"Lacustrine, Other, Palustrine, Riverine, Upland",Approved,ME,Penobscot [ME],45.58041913,-68.12505965,Public Commercial,Maine Department of Inland Fisheries and Wildlife,41 State House Station,Augusta,ME,04333-0041,NA,Bryan,Emerson,bryan.emerson@tnc.org,14 Maine Street,Brunswick,ME,4011,POC,Suite 401,2011,ILF,no,no,no,Maine Department of Inland Fisheries and Wildlife,no,govt
407,WI - Manitowoc - Manitowoc County,NA,01/11/2010,"{ ""type"": ""Point"", ""coordinates"": [-87.5953473480868, 44.201253159678] }",TRUE,Wetland,"Emergent, Forested, Scrub-Shrub","Broad-Leaved Deciduous, Persistent",Palustrine,Withdrawn,WI,Manitowoc [WI],44.20125316,-87.59534735,Public Commercial,Manitowoc County,1110 S. 9th Street,Manitowoc,WI,54220,NA,Jeff,Beyer,jeffbeyer@co.manitowoc.wi.us,Manitowoc County,Manitowoc,WI,54220,POC,1110 S. 9th Street,NA,Standard,no,no,no,yes,no,govt
2799,MA 2012-Coastal Central-Town Brook-Off-Billington St Dam Removal,20/12/2012,20/12/2012,"{ ""type"": ""Point"", ""coordinates"": [-70.674116, 41.948966] }",TRUE,"Stream, Wetland",Emergent,,"Palustrine, Riverine",Approved,MA,Plymouth [MA],41.948966,-70.674116,Public Commercial,Massachusetts Dept of Fish & Game,NA,Boston,MA,NA,NA,Mark,Rousseau,mark.rousseau@state.ma.us,Division of Marine Fisheries,Gloucester,MA,1930,POC,30 Emerson Avenue,2012,ILF,no,no,no,yes,no,govt
2876,MA 2013-Coastal South-Draka Dam Fishway - Taunton,26/06/2013,26/06/2013,"{ ""type"": ""Point"", ""coordinates"": [-71.129542, 41.867992] }",TRUE,Stream,,,Riverine,Approved,MA,Bristol [MA],41.867992,-71.129542,Public Commercial,Massachusetts Dept of Fish & Game,NA,Boston,MA,NA,NA,Mark,Rousseau,mark.rousseau@state.ma.us,Division of Marine Fisheries,Gloucester,MA,1930,POC,30 Emerson Avenue,2013,ILF,no,no,no,yes,no,govt
5391,"2019-BERK/TAC -Williams River Preservation Parcel- West Stockbridge, MA",23/05/2019,23/05/2019,"{ ""type"": ""Point"", ""coordinates"": [-73.374, 42.3316] }",TRUE,"Stream, Wetland",Unconsolidated Bottom,Cobble-Gravel,"Palustrine, Riverine, Upland",Approved,MA,Berkshire [MA],42.3316,-73.374,Public Commercial,Massachusetts Dept of Fish & Game,NA,Boston,MA,NA,NA,Christine,Chisholm,christine.chisholm@state.ma.us,Department of Fish and Game,Westborough,MA,1581,Sponsor,1 Rabbit Hill Road,2019,ILF,no,no,no,yes,no,govt
5392,"2019-Coastal/S -Nemasket River Preservation Parcel- Middleborough, MA",23/05/2019,23/05/2019,"{ ""type"": ""Point"", ""coordinates"": [-70.927022, 41.93011] }",TRUE,Wetland,Emergent,,"Palustrine, Upland",Approved,MA,Plymouth [MA],41.93011,-70.927022,Public Commercial,Massachusetts Dept of Fish & Game,NA,Boston,MA,NA,NA,Christine,Chisholm,christine.chisholm@state.ma.us,Department of Fish and Game,Westborough,MA,1581,Sponsor,1 Rabbit Hill Road,2019,ILF,no,no,no,yes,no,govt
5926,School Springs,18/12/2020,18/12/2020,"{ ""type"": ""Point"", ""coordinates"": [-88.298024567811, 42.4258466426458] }",TRUE,"Stream, Wetland",,,"Palustrine, Riverine",Approved,IL,McHenry [IL],42.42584664,-88.29802457,Public Commercial,McHenry County Conservation District,18410 US Highway 14,Woodstock,IL,60098,NA,Gabe,Powers,gpowers@mccdistrict.org,18410 US Highway 14,Woodstock,IL,60098,Owner,NA,2020,Standard,no,no,no,yes,no,govt
680,Mesa County Wetland,01/06/2005,01/06/2005,"{ ""type"": ""Point"", ""coordinates"": [-108.623720366061, 39.0906111691998] }",TRUE,Wetland,,,Palustrine,Approved,CO,Mesa [CO],39.09061117,-108.6237204,Public Commercial,Mesa County Department of Public Works,PO Box 20000,Grand Junction,CO,81502,NA,Carrie,Gudorf,carrie.gudorf@mesacounty.us,Mesa County Public Works-Engineering Department,Grand Junction,CO,81502,POC,Post Office Box 20000,2005,Standard,no,no,no,yes,no,govt
5601,Mitchell County Conservation Wetland Mitigation Bank,12/07/2022,12/07/2022,"{ ""type"": ""Point"", ""coordinates"": [-92.785133, 43.314494] }",TRUE,Wetland,Emergent,,Palustrine,Approved,IA,Mitchell [IA],43.314494,-92.785133,Public Commercial,Mike Miner,"Executive Director, Mitchell County Conservation Board",Osage,IA,50461,18793 Hwy 9,Mike,Miner,mminer@mitchellcoia.us,18793 Hwy 9,Osage,IA,50461,Sponsor,NA,2022,Standard,no,no,no,yes,no,govt
6157,MN - Roseau - S9787-1829 - Badger Properties Wetland Bank Development (LGRWRP),NA,16/05/2025,"{ ""type"": ""Point"", ""coordinates"": [-96.049844, 48.924529] }",TRUE,Wetland,Emergent,Persistent,Palustrine,Approved,MN,Roseau [MN],48.924529,-96.049844,Public Commercial,Mike Reed,ICB Land LLC,Warroad,MN,56763,P.O. Box 1212,Dennis,Rodacker,dennis.rodacker@mn.state.us,BWSR,NA,MN,55155,Consultant,520 Lafayette Road North,NA,Standard,no,no,no,yes,no,govt
1370,MN - Carver - S131-131 * Minnehaha Ck  WD,10/08/1998,10/08/1998,"{ ""type"": ""Point"", ""coordinates"": [-93.5985409083195, 44.8580100832076] }",TRUE,Wetland,Emergent,Persistent,Palustrine,Approved,MN,Carver [MN],44.85801008,-93.59854091,Public Commercial,Minnehaha Creek Watershed District,"18202 Minnetonka Blvd,","Deephaven, MN 55391",MN,55391,NA,NA,NA,NA,NA,NA,NA,NA,NA,NA,1998,Standard,no,no,no,yes,no,govt
4624,Indian Creek Mitigation Bank,23/08/2018,23/08/2018,"{ ""type"": ""Point"", ""coordinates"": [-81.03315, 39.1736] }",TRUE,"Stream, Wetland",,,"Palustrine, Riverine",Approved,WV,Ritchie [WV],39.1736,-81.03315,Public Commercial,Mountain State Mitigation Credits Company,NA,NA,WV,NA,NA,Kem,Abraham,Kemalabraham382@gmail.com,P.O. Box 4255,Chapmanville,WV,25508,POC,NA,2018,Umbrella,no,no,no,yes,no,govt
3319,"2014-AHL - Salmon Brook - Washburn, ME",17/11/2014,04/04/2017,"{ ""type"": ""Point"", ""coordinates"": [-68.1562683180135, 46.7928293536556] }",TRUE,,,,,Withdrawn,ME,Aroostook [ME],46.79282935,-68.15626832,Public Commercial,NA,NA,NA,NA,NA,NA,Alex,Mas,amas@tnc.org,The Nature Conservancy,Brunswick,ME,40111,Sales POC,"14 Maine Street, Suite 401",2014,ILF,no,no,no,Maine Department of Inland Fisheries and Wildlife,no,govt
3323,"2014-CIM - Parker Head Road - Phippsburg, ME",20/03/2015,20/03/2015,"{ ""type"": ""Point"", ""coordinates"": [-69.8055158219139, 43.7871881905359] }",TRUE,Wetland,,,Estuarine,Approved,ME,Sagadahoc [ME],43.78718819,-69.80551582,Public Commercial,NA,NA,NA,NA,NA,NA,Alex,Mas,amas@tnc.org,The Nature Conservancy,Brunswick,ME,40111,POC,"14 Maine Street, Suite 401",2015,ILF,no,no,no,Maine Department of Inland Fisheries and Wildlife,no,govt
3947,NCDMS Moores Fork,01/11/2012,01/11/2012,"{ ""type"": ""Point"", ""coordinates"": [-80.7202038384211, 36.5079886327111] }",TRUE,Stream,,,Riverine,Approved,NC,Surry [NC],36.50798863,-80.72020384,Public Commercial,NA,NA,NA,NA,NA,NA,Beth,Harmon,beth.harmon@deq.nc.gov,Department of Environmental Quality ,NA,NA,NA,Sales POC,Division of Mitigation Services ,2012,ILF,no,no,no,yes,no,govt
3620,"2015-CIM - Boothbay Source Water Prot - Boothbay, ME",08/12/2015,08/12/2015,"{ ""type"": ""Point"", ""coordinates"": [-69.6398689426983, 43.8930979119064] }",TRUE,"Stream, Wetland",Forested,,"Palustrine, Riverine, Upland",Approved,ME,Lincoln [ME],43.89309791,-69.63986894,Public Commercial,NA,NA,NA,NA,NA,NA,Bryan,Emerson,bryan.emerson@tnc.org,14 Maine Street,Brunswick,ME,4011,POC,Suite 401,2015,ILF,no,no,no,Maine Department of Inland Fisheries and Wildlife,no,govt
5212,"2018-SM - Fixing Furbish Phase I - Wells, ME",29/11/2018,29/11/2018,"{ ""type"": ""Point"", ""coordinates"": [-70.581677, 43.282704] }",TRUE,,,,,Approved,ME,York [ME],43.282704,-70.581677,Public Commercial,NA,NA,NA,NA,NA,NA,Bryan,Emerson,bryan.emerson@tnc.org,14 Maine Street,Brunswick,ME,4011,POC,Suite 401,2018,ILF,no,no,no,Maine Department of Inland Fisheries and Wildlife,no,govt
7057,"2023 CIM - Penobscot Mill Creek Marsh Tidal Resilience Project - Penobscot, ME",NA,NA,"{ ""type"": ""Point"", ""coordinates"": [-68.726948, 44.474373] }",TRUE,,,,,Pending,ME,Hancock [ME],44.474373,-68.726948,Public Commercial,NA,NA,NA,NA,NA,NA,Bryan,Emerson,bryan.emerson@tnc.org,14 Maine Street,Brunswick,ME,4011,POC,Suite 401,NA,ILF,no,no,no,Maine Department of Inland Fisheries and Wildlife,no,govt
7063,"2023 SM - Goosefare Salt Marsh Enhancement - Saco, ME",NA,NA,"{ ""type"": ""Point"", ""coordinates"": [-70.392875, 43.493752] }",TRUE,,,,,Pending,ME,York [ME],43.493752,-70.392875,Public Commercial,NA,NA,NA,NA,NA,NA,Bryan,Emerson,bryan.emerson@tnc.org,14 Maine Street,Brunswick,ME,4011,POC,Suite 401,NA,ILF,no,no,no,Maine Department of Inland Fisheries and Wildlife,no,govt
7065,"2023 SM - Spurwink Marsh Restoration/Road Removal - Scarborough, ME",NA,NA,"{ ""type"": ""Point"", ""coordinates"": [-70.269358, 43.590424] }",TRUE,,,,,Pending,ME,Cumberland [ME],43.590424,-70.269358,Public Commercial,NA,NA,NA,NA,NA,NA,Bryan,Emerson,bryan.emerson@tnc.org,14 Maine Street,Brunswick,ME,4011,POC,Suite 401,NA,ILF,no,no,no,Maine Department of Inland Fisheries and Wildlife,no,govt
3004,* ILF-KDFWR-Elm Fork Minors Creek Kleber WMA (MOA) (LRL-2012-263),12/02/2013,12/02/2013,"{ ""type"": ""Point"", ""coordinates"": [-84.7525458117572, 38.3613864130858] }",TRUE,,,,,Approved,KY,Owen [KY],38.36138641,-84.75254581,Public Commercial,NA,NA,NA,NA,NA,NA,Clifford,Scott,clifford.scott@ky.gov,Kentucky Department of Fish and Wildlife Resources,Frankfort,KY,40501,Sales POC,#1 Sportman's Lane,2013,ILF,no,no,no,Kentucky Department of Fish & Wildlife Resources ,no,govt
3005,* ILF-KDFWR-EF Indian Creek Stream Restoration (MOA) (LRL-2012-273),09/07/2013,09/07/2013,"{ ""type"": ""Point"", ""coordinates"": [-83.6508019889071, 37.8816561778995] }",TRUE,,,,,Approved,KY,Menifee [KY],37.88165618,-83.65080199,Public Commercial,NA,NA,NA,NA,NA,NA,Clifford,Scott,clifford.scott@ky.gov,Kentucky Department of Fish and Wildlife Resources,Frankfort,KY,40501,Sales POC,#1 Sportman's Lane,2013,ILF,no,no,no,Kentucky Department of Fish & Wildlife Resources ,no,govt
3009,* ILF-KDFWR-Rogers Gap Stream Restoration (MOA) (LRL-2012-134),18/12/2013,06/01/2014,"{ ""type"": ""Point"", ""coordinates"": [-84.547051879553, 38.3224921169283] }",TRUE,,,,,Approved,KY,Scott [KY],38.32249212,-84.54705188,Public Commercial,NA,NA,NA,NA,NA,NA,Clifford,Scott,clifford.scott@ky.gov,Kentucky Department of Fish and Wildlife Resources,Frankfort,KY,40501,Sales POC,#1 Sportman's Lane,2013,ILF,no,no,no,Kentucky Department of Fish & Wildlife Resources ,no,govt
3103,* ILF-KDFWR-Whites Creek Restoration (ILF-I) (LRL-2012-634),15/10/2021,15/10/2021,"{ ""type"": ""Point"", ""coordinates"": [-82.6002457415265, 38.330327695992] }",TRUE,"Stream, Wetland",Forested,,"Palustrine, Riverine",Approved,KY,Boyd [KY],38.3303277,-82.60024574,Public Commercial,NA,NA,NA,NA,NA,NA,Clifford,Scott,clifford.scott@ky.gov,Kentucky Department of Fish and Wildlife Resources,Frankfort,KY,40501,Sales POC,#1 Sportman's Lane,2021,ILF,no,no,no,Kentucky Department of Fish & Wildlife Resources ,no,govt
3105,* ILF-KDFWR-Meyer's Station Stream Restoration (ILF-I) (LRL-2012-637),20/04/2016,20/04/2016,"{ ""type"": ""Point"", ""coordinates"": [-83.9385569938909, 38.3549721043176] }",TRUE,Stream,,,Riverine,Approved,KY,Nicholas [KY],38.3549721,-83.93855699,Public Commercial,NA,NA,NA,NA,NA,NA,Clifford,Scott,clifford.scott@ky.gov,Kentucky Department of Fish and Wildlife Resources,Frankfort,KY,40501,Sales POC,#1 Sportman's Lane,2016,ILF,no,no,no,Kentucky Department of Fish & Wildlife Resources ,no,govt
3107,* ILF-KDFWR-Eagle Creek/Higgins & Henry WMA (MOA) (LRL-2012-716),23/01/2015,23/01/2015,"{ ""type"": ""Point"", ""coordinates"": [-87.9077855040666, 37.6385917542243] }",TRUE,"Stream, Wetland",Forested,,"Palustrine, Riverine",Approved,KY,Union [KY],37.63859175,-87.9077855,Public Commercial,NA,NA,NA,NA,NA,NA,Clifford,Scott,clifford.scott@ky.gov,Kentucky Department of Fish and Wildlife Resources,Frankfort,KY,40501,Sales POC,#1 Sportman's Lane,2015,ILF,no,no,no,Kentucky Department of Fish & Wildlife Resources ,no,govt
3108,* ILF-KDFWR-White Oak Creek Restoration (ILF-I) (LRL-2012-787),NA,30/10/2024,"{ ""type"": ""Point"", ""coordinates"": [-82.963946316492, 38.570619951211] }",TRUE,,,,,Withdrawn,KY,Greenup [KY],38.57061995,-82.96394632,Public Commercial,NA,NA,NA,NA,NA,NA,Clifford,Scott,clifford.scott@ky.gov,Kentucky Department of Fish and Wildlife Resources,Frankfort,KY,40501,Sales POC,#1 Sportman's Lane,NA,ILF,no,no,no,Kentucky Department of Fish & Wildlife Resources ,no,govt
3109,* ILF-KDFWR-Otter Creek Restoration Project (ILF-I) (LRL-2013-425),NA,NA,"{ ""type"": ""Point"", ""coordinates"": [-86.1212761255704, 37.8385120404396] }",TRUE,,,,,Pending,KY,"Butler [KY], Meade [KY]",37.83851204,-86.12127613,Public Commercial,NA,NA,NA,NA,NA,NA,Clifford,Scott,clifford.scott@ky.gov,Kentucky Department of Fish and Wildlife Resources,Frankfort,KY,40501,Sales POC,#1 Sportman's Lane,NA,ILF,no,no,no,Kentucky Department of Fish & Wildlife Resources ,no,govt
3110,* ILF-KDFWR-Wolf Run & Dodge Gap Restoration Project s(ILF-I) (LRL-2014-00060 & LRL-2018-00124)),NA,NA,"{ ""type"": ""Point"", ""coordinates"": [-85.7801758876188, 38.0920765524443] }",TRUE,,,,,Pending,KY,Jefferson [KY],38.09207655,-85.78017589,Public Commercial,NA,NA,NA,NA,NA,NA,Clifford,Scott,clifford.scott@ky.gov,Kentucky Department of Fish and Wildlife Resources,Frankfort,KY,40501,Sales POC,#1 Sportman's Lane,NA,ILF,no,no,no,Kentucky Department of Fish & Wildlife Resources ,no,govt
3171,* ILF-KDFWR-Boyd Creek Stream Restoration (ILF-I) (LRL-2013-545),NA,30/10/2024,"{ ""type"": ""Point"", ""coordinates"": [-85.8561303223482, 36.9763761128727] }",TRUE,,,,,Withdrawn,KY,Barren [KY],36.97637611,-85.85613032,Public Commercial,NA,NA,NA,NA,NA,NA,Clifford,Scott,clifford.scott@ky.gov,Kentucky Department of Fish and Wildlife Resources,Frankfort,KY,40501,Sales POC,#1 Sportman's Lane,NA,ILF,no,no,no,Kentucky Department of Fish & Wildlife Resources ,no,govt
3172,* ILF-KDFWR-Mart Whitt Fork Stream Restoration (ILF-I) (LRL-2013-598),NA,NA,"{ ""type"": ""Point"", ""coordinates"": [-83.2174570911929, 38.1201308989355] }",TRUE,,,,,Pending,KY,Elliott [KY],38.1201309,-83.21745709,Public Commercial,NA,NA,NA,NA,NA,NA,Clifford,Scott,clifford.scott@ky.gov,Kentucky Department of Fish and Wildlife Resources,Frankfort,KY,40501,Sales POC,#1 Sportman's Lane,NA,ILF,no,no,no,Kentucky Department of Fish & Wildlife Resources ,no,govt
3174,* ILF-KDFWR-Pond Creek Wetland and Stream Restoration (ILF-I)(LRL-2014-191),NA,NA,"{ ""type"": ""Point"", ""coordinates"": [-84.9045268684052, 38.4447567426423] }",TRUE,,,,,Pending,KY,Owen [KY],38.44475674,-84.90452687,Public Commercial,NA,NA,NA,NA,NA,NA,Clifford,Scott,clifford.scott@ky.gov,Kentucky Department of Fish and Wildlife Resources,Frankfort,KY,40501,Sales POC,#1 Sportman's Lane,NA,ILF,no,no,no,Kentucky Department of Fish & Wildlife Resources ,no,govt
3175,* ILF-KDFWR-Old Trace Creek Restoration (ILF-I) (LRL-2013-336),13/02/2017,13/02/2017,"{ ""type"": ""Point"", ""coordinates"": [-83.2818903343834, 38.3816039545742] }",TRUE,Stream,,,Riverine,Approved,KY,Lewis [KY],38.38160395,-83.28189033,Public Commercial,NA,NA,NA,NA,NA,NA,Clifford,Scott,clifford.scott@ky.gov,Kentucky Department of Fish and Wildlife Resources,Frankfort,KY,40501,Sales POC,#1 Sportman's Lane,2017,ILF,no,no,no,Kentucky Department of Fish & Wildlife Resources ,no,govt
3645,"* ILF-KDFWR-Big Farm Indian Creek Restoration Project (ILF-I), LRL-2014-209",29/05/2019,29/05/2019,"{ ""type"": ""Point"", ""coordinates"": [-83.7258813873106, 38.2602702919796] }",TRUE,"Stream, Wetland",Forested,,"Palustrine, Riverine",Approved,KY,"Bath [KY], Fleming [KY]",38.26027029,-83.72588139,Public Commercial,NA,NA,NA,NA,NA,NA,Clifford,Scott,clifford.scott@ky.gov,Kentucky Department of Fish and Wildlife Resources,Frankfort,KY,40501,Sales POC,#1 Sportman's Lane,2019,ILF,no,no,no,Kentucky Department of Fish & Wildlife Resources ,no,govt
3646,"* ILF-KDFWR-Smith Property Stream Restoration Project (ILF-I), LRL-2013-1013",01/06/2021,01/06/2021,"{ ""type"": ""Point"", ""coordinates"": [-83.206773729008, 38.1556795834026] }",TRUE,,,,,Approved,KY,Elliott [KY],38.15567958,-83.20677373,Public Commercial,NA,NA,NA,NA,NA,NA,Clifford,Scott,clifford.scott@ky.gov,Kentucky Department of Fish and Wildlife Resources,Frankfort,KY,40501,Sales POC,#1 Sportman's Lane,2021,Standard,no,no,no,Kentucky Department of Fish & Wildlife Resources ,no,govt
4307,* ILF-KDFWR-Ross Creek Stream and Wetland Restoration Phase I and II (MOA & ILF-I)(LRL-2013-143),06/11/2017,06/11/2017,"{ ""type"": ""Point"", ""coordinates"": [-83.860812574474, 37.6070850318674] }",TRUE,"Stream, Wetland",,,"Palustrine, Riverine",Approved,KY,"Estill [KY], Lee [KY]",37.60708503,-83.86081257,Public Commercial,NA,NA,NA,NA,NA,NA,Clifford,Scott,clifford.scott@ky.gov,Kentucky Department of Fish and Wildlife Resources,Frankfort,KY,40501,Sales POC,#1 Sportman's Lane,2017,ILF,no,no,no,Kentucky Department of Fish & Wildlife Resources ,no,govt
4308,* ILF-KDFWR-York Property Stream Restoration Project (ILF-I) (LRL-2013-1012),NA,NA,"{ ""type"": ""Point"", ""coordinates"": [-83.1677, 38.12856] }",TRUE,,,,,Pending,KY,Elliott [KY],38.12856,-83.1677,Public Commercial,NA,NA,NA,NA,NA,NA,Clifford,Scott,clifford.scott@ky.gov,Kentucky Department of Fish and Wildlife Resources,Frankfort,KY,40501,Sales POC,#1 Sportman's Lane,NA,ILF,no,no,no,Kentucky Department of Fish & Wildlife Resources ,no,govt
4309,* ILF-KDFWR-Red Oak Creek Restoration Project (ILF-I) (LRL-2014-500),17/04/2018,17/04/2018,"{ ""type"": ""Point"", ""coordinates"": [-84.71315, 38.42123] }",TRUE,Stream,,,Riverine,Approved,KY,Owen [KY],38.42123,-84.71315,Public Commercial,NA,NA,NA,NA,NA,NA,Clifford,Scott,clifford.scott@ky.gov,Kentucky Department of Fish and Wildlife Resources,Frankfort,KY,40501,Sales POC,#1 Sportman's Lane,2018,ILF,no,no,no,Kentucky Department of Fish & Wildlife Resources ,no,govt
4310,* ILF-KDFWR-Farmers Creek Restoration Project (ILF-I) (LRL-2014-58),NA,30/10/2024,"{ ""type"": ""Point"", ""coordinates"": [-87.693, 37.5] }",TRUE,,,,,Withdrawn,KY,Webster [KY],37.5,-87.693,Public Commercial,NA,NA,NA,NA,NA,NA,Clifford,Scott,clifford.scott@ky.gov,Kentucky Department of Fish and Wildlife Resources,Frankfort,KY,40501,Sales POC,#1 Sportman's Lane,NA,ILF,no,no,no,Kentucky Department of Fish & Wildlife Resources ,no,govt
5381,"2019-Coastal/N- Town Farm - Ipswich, MA",23/05/2019,23/05/2019,"{ ""type"": ""Point"", ""coordinates"": [-70.839625, 42.710731] }",TRUE,Wetland,Emergent,,"Palustrine, Upland",Approved,MA,Essex [MA],42.710731,-70.839625,Public Commercial,NA,NA,NA,NA,NA,NA,Elisabeth,Cianciola,elisabeth.cianciola@mass.gov,"100 Cambridge St, Suite 600",Boston,MA,2114,Sponsor,NA,2019,ILF,no,no,no,yes,no,govt
5390,"2019-Coastal/S-Marine Habitat Enhacement Artifical Reef- Yarmouth, MA",28/03/2019,28/03/2019,"{ ""type"": ""Point"", ""coordinates"": [-70.194167, 41.606944] }",TRUE,Wetland,Unconsolidated Bottom,,Marine,Approved,,,41.606944,-70.194167,Public Commercial,NA,NA,NA,NA,NA,NA,Elisabeth,Cianciola,elisabeth.cianciola@mass.gov,"100 Cambridge St, Suite 600",Boston,MA,2114,Sponsor,NA,2019,ILF,no,no,no,yes,no,govt
5941,2020 - QW - Barre Land - MGLT - MA,NA,23/01/2023,"{ ""type"": ""Point"", ""coordinates"": [-72.083215, 42.464978] }",TRUE,"Stream, Wetland",Forested,,"Palustrine, Upland",Approved,MA,Worcester [MA],42.464978,-72.083215,Public Commercial,NA,NA,NA,NA,NA,NA,Elisabeth,Cianciola,elisabeth.cianciola@mass.gov,"100 Cambridge St, Suite 600",Boston,MA,2114,Sponsor,NA,NA,ILF,no,no,no,yes,no,govt
5943,"2020 - CS - Mashpee Cranberry Bog Restoration Project - Mashpee, MA",22/09/2025,22/09/2025,"{ ""type"": ""Point"", ""coordinates"": [-70.455581, 41.655789] }",TRUE,Wetland,Emergent,,Palustrine,Approved,MA,Barnstable [MA],41.655789,-70.455581,Public Commercial,NA,NA,NA,NA,NA,NA,Elisabeth,Cianciola,elisabeth.cianciola@mass.gov,"100 Cambridge St, Suite 600",Boston,MA,2114,Sponsor,NA,2025,ILF,no,no,no,yes,no,govt
6199,"2021 - CN - Pye Brook and Hood Pond Wetlands Restoration - Topsfield & Ipswich, MA",NA,NA,"{ ""type"": ""Point"", ""coordinates"": [-70.95645555555555, 42.663266666666665] }",TRUE,,,,,Pending,MA,Essex [MA],42.66326667,-70.95645556,Public Commercial,NA,NA,NA,NA,NA,NA,Elisabeth,Cianciola,elisabeth.cianciola@mass.gov,"100 Cambridge St, Suite 600",Boston,MA,2114,Sponsor,NA,NA,ILF,no,no,no,yes,no,govt
6714,"2022 - CC - Blackwater Swamp Restoration - Kingston, MA",NA,23/09/2025,"{ ""type"": ""Point"", ""coordinates"": [-70.740814, 42.009853] }",TRUE,"Stream, Wetland",Emergent,,"Palustrine, Riverine",Approved,MA,Plymouth [MA],42.009853,-70.740814,Public Commercial,NA,NA,NA,NA,NA,NA,Elisabeth,Cianciola,elisabeth.cianciola@mass.gov,"100 Cambridge St, Suite 600",Boston,MA,2114,Sponsor,NA,NA,ILF,no,no,no,yes,no,govt
6758,"2022 – CT River – Laughing Brook Wildlife Sanctuary – Hampden, MA",18/12/2023,18/12/2023,"{ ""type"": ""Point"", ""coordinates"": [-72.402331, 42.058528] }",TRUE,"Group, Stream, Wetland",,,"Palustrine, Riverine, Upland",Approved,MA,Hampden [MA],42.058528,-72.402331,Public Commercial,NA,NA,NA,NA,NA,NA,Elisabeth,Cianciola,elisabeth.cianciola@mass.gov,"100 Cambridge St, Suite 600",Boston,MA,2114,Sponsor,NA,2023,ILF,no,no,no,yes,no,govt
7113,"2024 - QWP - Stow Acres Wetland Restoration - Stow, MA",NA,NA,"{ ""type"": ""Point"", ""coordinates"": [-71.530624, 42.419089] }",TRUE,,,,,Pending,MA,Middlesex [MA],42.419089,-71.530624,Public Commercial,NA,NA,NA,NA,NA,NA,Elisabeth,Cianciola,elisabeth.cianciola@mass.gov,"100 Cambridge St, Suite 600",Boston,MA,2114,Sponsor,NA,NA,ILF,no,no,no,yes,no,govt
5576,* ILF-NKU-St Anne's Wetland Restoration Project (ILF-I) LRL-2014-00859,09/11/2020,09/11/2020,"{ ""type"": ""Point"", ""coordinates"": [-84.372007, 39.034353] }",TRUE,,,,,Approved,KY,Campbell [KY],39.034353,-84.372007,Public Commercial,NA,NA,NA,NA,NA,NA,Scott,Fennell,fennells@nku.edu,NKU Center for Applied Ecology ,Highland Heights,KY,41076,Sponsor,15 Clearview Drive ,2020,ILF,no,no,no,yes,no,govt
5577,* ILF-NKU-Central Park Stream Restoration (ILF-I) LRL-2012-00443,28/01/2021,28/01/2021,"{ ""type"": ""Point"", ""coordinates"": [-84.719064, 38.967095] }",TRUE,,,,,Approved,KY,Boone [KY],38.967095,-84.719064,Public Commercial,NA,NA,NA,NA,NA,NA,Scott,Fennell,fennells@nku.edu,NKU Center for Applied Ecology ,Highland Heights,KY,41076,Sponsor,15 Clearview Drive ,2021,ILF,no,no,no,yes,no,govt
6669,* ILF-INSWMP-Fall Creek Woods Stream and Wetland Mitigation Site (LRL-2021-552),19/09/2023,19/09/2023,"{ ""type"": ""Point"", ""coordinates"": [-85.5640218932461, 40.0155628155476] }",TRUE,"Stream, Wetland",,,"Palustrine, Riverine",Approved,IN,Henry [IN],40.01556282,-85.56402189,Public Commercial,NA,NA,NA,NA,NA,NA,Brad,Baldwin,INSWMP-Inquiry@dnr.in.gov,"402 W. Washington Street, W255C",Indianapolis,IN,46204,Sponsor,NA,2023,ILF,no,no,no,yes,no,govt
1611,MN - Clearwater - S1801-1156 Red Lake WD,19/08/2004,11/12/2014,"{ ""type"": ""Point"", ""coordinates"": [-95.3753031742119, 47.7810703415398] }",TRUE,Wetland,Forested,Broad-Leaved Deciduous,Palustrine,Sold-Out,MN,Clearwater [MN],47.78107034,-95.37530317,Public Commercial,NA,NA,NA,NA,NA,NA,Myron,Jesme,jesme@wiktel.com,Red Lake Watershed District,Thief River Falls,MN,56701,POC,1000 Pennington Ave S,2004,Standard,no,no,no,yes,no,govt
4826,WI - Portage - Soik WWCT Site,26/07/2019,26/07/2019,"{ ""type"": ""Point"", ""coordinates"": [-89.48422, 44.47614] }",TRUE,Wetland,,,Palustrine,Approved,WI,Portage [WI],44.47614,-89.48422,Public Commercial,NA,NA,NA,NA,NA,NA,Joshua,Brown,JoshuaA.Brown@wisconsin.gov,P.O. Box 7921,Madison,WI,53703,Sponsor,101 S. Webster Street,2019,ILF,no,no,no,yes,no,govt
4919,WI - Bayfield - Froney Road ILF Site,07/08/2019,07/08/2019,"{ ""type"": ""Point"", ""coordinates"": [-91.440072, 46.712925] }",TRUE,Wetland,,,Palustrine,Approved,WI,Bayfield [WI],46.712925,-91.440072,Public Commercial,NA,NA,NA,NA,NA,NA,Joshua,Brown,JoshuaA.Brown@wisconsin.gov,P.O. Box 7921,Madison,WI,53703,Sponsor,101 S. Webster Street,2019,ILF,no,no,no,yes,no,govt
5520,WI - Waukesha - Hickory Hills WWCT ILF Site,NA,16/04/2021,"{ ""type"": ""Point"", ""coordinates"": [-88.25959, 43.13308] }",TRUE,Wetland,,,Palustrine,Approved,WI,Waukesha [WI],43.13308,-88.25959,Public Commercial,NA,NA,NA,NA,NA,NA,Joshua,Brown,JoshuaA.Brown@wisconsin.gov,P.O. Box 7921,Madison,WI,53703,Sponsor,101 S. Webster Street,NA,ILF,no,no,no,yes,no,govt
5711,WI - Rock - Evansville Wildlife Area WWCT site,NA,03/11/2021,"{ ""type"": ""Point"", ""coordinates"": [-89.28971, 42.76181] }",TRUE,Wetland,,,Palustrine,Approved,WI,Rock [WI],42.76181,-89.28971,Public Commercial,NA,NA,NA,NA,NA,NA,Joshua,Brown,JoshuaA.Brown@wisconsin.gov,P.O. Box 7921,Madison,WI,53703,Sponsor,101 S. Webster Street,NA,ILF,no,no,no,yes,no,govt
6246,WI - Jackson - Jackson County ILF Site,NA,12/01/2023,"{ ""type"": ""Point"", ""coordinates"": [-90.362128, 44.3815] }",TRUE,,,,,Withdrawn,WI,Sheboygan [WI],44.3815,-90.362128,Public Commercial,NA,NA,NA,NA,NA,NA,Joshua,Brown,JoshuaA.Brown@wisconsin.gov,P.O. Box 7921,Madison,WI,53703,Sponsor,101 S. Webster Street,NA,ILF,no,no,no,yes,no,govt
7199,Funderburg South Conservation Area Wetland Bank,NA,NA,"{ ""type"": ""Point"", ""coordinates"": [-88.81119268119993, 42.28305841221663] }",TRUE,,,,,Pending,IL,Boone [IL],42.28305841,-88.81119268,Public Commercial,NA,NA,NA,NA,NA,NA,Joshua,Sage,jsage@bccdil.org,NA,NA,NA,NA,Sponsor,NA,NA,Standard,no,no,no,yes,no,govt
4923,NCDMS Browns Summit,03/11/2015,03/11/2015,"{ ""type"": ""Point"", ""coordinates"": [-79.749, 36.237] }",TRUE,"Stream, Wetland",,,"Palustrine, Riverine",Approved,NC,Guilford [NC],36.237,-79.749,Public Commercial,NA,NA,NA,NA,NA,NA,Kelly,Williams,Kelly.williams@deq.nc.gov,1652 Mail Service Center,Raleigh,NC,27699,Sales POC,NA,2015,ILF,no,no,no,yes,no,govt
2316,"2010 PEMI-WINNI Tioga River - Belmont, NH",09/07/2010,09/07/2010,"{ ""type"": ""Point"", ""coordinates"": [-71.535358, 43.449575] }",TRUE,Wetland,Scrub-Shrub,,Palustrine,Approved,NH,Belknap [NH],43.449575,-71.535358,Public Commercial,NA,NA,NA,NA,NA,NA,Lori,Sommer,lsommer@des.state.nh.us,NH DES Wetlands Bureau,Concord,NH,3302,POC,29 Hazen Drive,2010,ILF,no,no,no,New Hampshire Department of Environmental Services,no,govt
5730,KDFWR- Crow Creek,NA,NA,"{ ""type"": ""Point"", ""coordinates"": [-85.214142, 36.845571] }",TRUE,Stream,,,Riverine,Pending,KY,Clinton [KY],36.845571,-85.214142,Public Commercial,NA,NA,NA,NA,NA,NA,Mitchell,Boles,mitchell.boles@ky.gov,NA,NA,KY,NA,Sponsor,NA,NA,ILF,no,no,no,yes,no,govt
3830,NCDMS Harrell Site,16/04/2007,31/12/2012,"{ ""type"": ""Point"", ""coordinates"": [-77.6820066941796, 36.0196117257188] }",TRUE,,,,,Sold-Out,NC,Edgecombe [NC],36.01961173,-77.68200669,Public Commercial,NA,NA,NA,NA,NA,NA,Paul ,Wiesner,paul.wiesner@deq.nc.gov,NA,NA,NA,NA,Sponsor,NA,2007,ILF,no,no,no,yes,no,govt
2317,"2010 PEMI-WINNI Coffin Brook Road - Alton, NH",09/07/2010,06/02/2018,"{ ""type"": ""Point"", ""coordinates"": [-71.232286, 43.424056] }",TRUE,Wetland,"Emergent, Scrub-Shrub",,Palustrine,Sold-Out,NH,Belknap [NH],43.424056,-71.232286,Public Commercial,NA,NA,NA,NA,NA,NA,Seta,Detzel,seta.a.detzel@des.nh.gov,NA,NA,NA,NA,POC,NA,2010,ILF,no,no,no,New Hampshire Department of Environmental Services,no,govt
2324,"2010 SALMON-PISC Siemon Family Trust - Milton, NH",19/01/2011,06/02/2018,"{ ""type"": ""Point"", ""coordinates"": [-71.0234266232951, 43.4670914299745] }",TRUE,Wetland,"Emergent, Forested, Scrub-Shrub",,"Palustrine, Upland",Sold-Out,NH,Strafford [NH],43.46709143,-71.02342662,Public Commercial,NA,NA,NA,NA,NA,NA,Seta,Detzel,seta.a.detzel@des.nh.gov,NA,NA,NA,NA,POC,NA,2011,ILF,no,no,no,New Hampshire Department of Environmental Services,no,govt
2326,"2010 SALMON-PISC Odiorne - Rye, NH",19/01/2011,06/02/2018,"{ ""type"": ""Point"", ""coordinates"": [-70.7191783723475, 43.04949628049] }",TRUE,Wetland,,,Palustrine,Sold-Out,NH,Rockingham [NH],43.04949628,-70.71917837,Public Commercial,NA,NA,NA,NA,NA,NA,Seta,Detzel,seta.a.detzel@des.nh.gov,NA,NA,NA,NA,POC,NA,2011,ILF,no,no,no,New Hampshire Department of Environmental Services,no,govt
2327,"2010 SALMON-PISC River Road Marsh - New Castle, NH",19/01/2011,06/02/2018,"{ ""type"": ""Point"", ""coordinates"": [-70.7231425827348, 43.0707942047699] }",TRUE,Wetland,Emergent,,Estuarine,Sold-Out,NH,Rockingham [NH],43.0707942,-70.72314258,Public Commercial,NA,NA,NA,NA,NA,NA,Seta,Detzel,seta.a.detzel@des.nh.gov,NA,NA,NA,NA,POC,NA,2011,ILF,no,no,no,New Hampshire Department of Environmental Services,no,govt
2329,"2011 PEMI-WINNI Snake River/Baird Property - New Hampton, NH",18/10/2011,18/10/2011,"{ ""type"": ""Point"", ""coordinates"": [-71.5470331341528, 43.6637081692296] }",TRUE,Wetland,Emergent,Persistent,"Lacustrine, Palustrine, Upland",Approved,NH,Belknap [NH],43.66370817,-71.54703313,Public Commercial,NA,NA,NA,NA,NA,NA,Seta,Detzel,seta.a.detzel@des.nh.gov,NA,NA,NA,NA,POC,NA,2011,ILF,no,no,no,New Hampshire Department of Environmental Services,no,govt
3575,"2015 ANDROSCOGGIN Milan Forest - Milan, NH",09/11/2015,09/11/2015,"{ ""type"": ""Point"", ""coordinates"": [-71.180603, 44.556619] }",TRUE,"Stream, Wetland",Scrub-Shrub,,"Palustrine, Riverine, Upland",Approved,NH,Coos [NH],44.556619,-71.180603,Public Commercial,NA,NA,NA,NA,NA,NA,Seta,Detzel,seta.a.detzel@des.nh.gov,NA,NA,NA,NA,POC,NA,2015,ILF,no,no,no,New Hampshire Department of Environmental Services,no,govt
3577,"2015 SALMON-PISC Cutts Cove - Portsmouth, NH",09/11/2015,09/11/2015,"{ ""type"": ""Point"", ""coordinates"": [-70.766317, 43.084708] }",TRUE,Wetland,"Emergent, Unconsolidated Shore",,"Estuarine, Upland",Approved,NH,Rockingham [NH],43.084708,-70.766317,Public Commercial,NA,NA,NA,NA,NA,NA,Seta,Detzel,seta.a.detzel@des.nh.gov,NA,NA,NA,NA,POC,NA,2015,ILF,no,no,no,New Hampshire Department of Environmental Services,no,govt
3579,"2015 MERRIMACK McQuesten Brook Culverts - Bedford, NH",09/11/2015,09/11/2015,"{ ""type"": ""Point"", ""coordinates"": [-71.478233, 42.964983] }",TRUE,Stream,,,Riverine,Approved,NH,Hillsborough [NH],42.964983,-71.478233,Public Commercial,NA,NA,NA,NA,NA,NA,Seta,Detzel,seta.a.detzel@des.nh.gov,NA,NA,NA,NA,POC,NA,2015,ILF,no,no,no,New Hampshire Department of Environmental Services,no,govt
3581,"2015 MERRIMACK Haller Farm - Concord, NH",09/11/2015,05/02/2018,"{ ""type"": ""Point"", ""coordinates"": [-71.597342, 43.238283] }",TRUE,"Stream, Wetland","Forested, Scrub-Shrub",,"Palustrine, Upland",Sold-Out,NH,Merrimack [NH],43.238283,-71.597342,Public Commercial,NA,NA,NA,NA,NA,NA,Seta,Detzel,seta.a.detzel@des.nh.gov,NA,NA,NA,NA,POC,NA,2015,ILF,no,no,no,New Hampshire Department of Environmental Services,no,govt
4474,"2016 MERRIMACK Portsmouth St Stream Restoration - Concord, NH",23/11/2016,23/11/2016,"{ ""type"": ""Point"", ""coordinates"": [-71.531386, 43.233628] }",TRUE,Stream,,,Riverine,Approved,NH,Merrimack [NH],43.233628,-71.531386,Public Commercial,NA,NA,NA,NA,NA,NA,Seta,Detzel,seta.a.detzel@des.nh.gov,NA,NA,NA,NA,POC,NA,2016,ILF,no,no,no,New Hampshire Department of Environmental Services,no,govt
5864,"2020 - Merrimack - Steel Addition - NWT - New Ipswich, NH",19/12/2022,19/12/2022,"{ ""type"": ""Point"", ""coordinates"": [-71.901086, 42.726622] }",TRUE,Wetland,,,"Palustrine, Upland",Approved,NH,Hillsborough [NH],42.726622,-71.901086,Combination Public/Private,NA,NA,NA,NA,NA,NA,Seta,Detzel,seta.a.detzel@des.nh.gov,NA,NA,NA,NA,POC,NA,2022,ILF,no,no,no,New Hampshire Department of Environmental Services,no,govt
5865,"2020 - Merrimack - Stillhouse Forest - SPNH - Northfield, NH",19/12/2022,19/12/2022,"{ ""type"": ""Point"", ""coordinates"": [-71.650456, 43.372844] }",TRUE,"Stream, Wetland",,,"Other, Palustrine, Upland",Approved,NH,Merrimack [NH],43.372844,-71.650456,Combination Public/Private,NA,NA,NA,NA,NA,NA,Seta,Detzel,seta.a.detzel@des.nh.gov,NA,NA,NA,NA,POC,NA,2022,ILF,no,no,no,New Hampshire Department of Environmental Services,no,govt
5866,"2020 - Merrimack - Burnes Conservation - PLC - Goffstown, NH",25/02/2022,25/02/2022,"{ ""type"": ""Point"", ""coordinates"": [-71.613853, 43.0452] }",TRUE,"Stream, Wetland",Scrub-Shrub,Broad-Leaved Deciduous,"Palustrine, Riverine, Upland",Approved,NH,Hillsborough [NH],43.0452,-71.613853,Combination Public/Private,NA,NA,NA,NA,NA,NA,Seta,Detzel,seta.a.detzel@des.nh.gov,NA,NA,NA,NA,POC,NA,2022,ILF,no,no,no,New Hampshire Department of Environmental Services,no,govt
5867,"2020 - Salmon-Pisc - Barnes Conservation - BPRG - Strafford, NH",19/12/2022,19/12/2022,"{ ""type"": ""Point"", ""coordinates"": [-71.169031, 43.259944] }",TRUE,Wetland,,,"Other, Palustrine, Upland",Approved,NH,Strafford [NH],43.259944,-71.169031,Combination Public/Private,NA,NA,NA,NA,NA,NA,Seta,Detzel,seta.a.detzel@des.nh.gov,NA,NA,NA,NA,POC,NA,2022,ILF,no,no,no,New Hampshire Department of Environmental Services,no,govt
5868,"2020 - Salmon-Pisc - Clay Brook Forest - SPNHF - Hampton Falls, NH",25/02/2022,25/02/2022,"{ ""type"": ""Point"", ""coordinates"": [-70.881797, 42.943506] }",TRUE,"Stream, Wetland",Forested,Broad-Leaved Deciduous,"Palustrine, Riverine, Upland",Approved,NH,Rockingham [NH],42.943506,-70.881797,Combination Public/Private,NA,NA,NA,NA,NA,NA,Seta,Detzel,seta.a.detzel@des.nh.gov,NA,NA,NA,NA,POC,NA,2022,ILF,no,no,no,New Hampshire Department of Environmental Services,no,govt
5869,"2020 - Salmon-Pisc - Teneriffe Mountain - Milton, NH",07/06/2023,07/06/2023,"{ ""type"": ""Point"", ""coordinates"": [-71.015478, 43.435831] }",TRUE,"Stream, Wetland",,,"Palustrine, Upland",Approved,NH,Strafford [NH],43.435831,-71.015478,Combination Public/Private,NA,NA,NA,NA,NA,NA,Seta,Detzel,seta.a.detzel@des.nh.gov,NA,NA,NA,NA,POC,NA,2023,ILF,no,no,no,New Hampshire Department of Environmental Services,no,govt
5870,"2020 - Salmon-Pisc - Leighton Forest - SLT - Barrington & Stafford, NH",25/02/2022,25/02/2022,"{ ""type"": ""Point"", ""coordinates"": [-71.103581, 43.227106] }",TRUE,"Stream, Wetland","Forested, Scrub-Shrub",Broad-Leaved Deciduous,"Other, Palustrine, Riverine, Upland",Approved,NH,Strafford [NH],43.227106,-71.103581,Combination Public/Private,NA,NA,NA,NA,NA,NA,Seta,Detzel,seta.a.detzel@des.nh.gov,NA,NA,NA,NA,POC,NA,2022,ILF,no,no,no,New Hampshire Department of Environmental Services,no,govt
5871,"2020 - Pemi-Winni - Beebe River Restorarion - GCCD - Campton, NH",NA,NA,"{ ""type"": ""Point"", ""coordinates"": [-71.587881, 43.794364] }",TRUE,Stream,,,Riverine,Pending,NH,Grafton [NH],43.794364,-71.587881,Combination Public/Private,NA,NA,NA,NA,NA,NA,Seta,Detzel,seta.a.detzel@des.nh.gov,NA,NA,NA,NA,POC,NA,NA,ILF,no,no,no,New Hampshire Department of Environmental Services,no,govt
5872,"2020 - Pemi-Winni - West Branch Brook Forest - CCC - Campton, NH",25/02/2022,25/02/2022,"{ ""type"": ""Point"", ""coordinates"": [-71.672606, 43.853408] }",TRUE,"Stream, Wetland",Forested,Needle-Leaved Evergreen,"Other, Palustrine, Riverine, Upland",Approved,NH,Grafton [NH],43.853408,-71.672606,Combination Public/Private,NA,NA,NA,NA,NA,NA,Seta,Detzel,seta.a.detzel@des.nh.gov,NA,NA,NA,NA,POC,NA,2022,ILF,no,no,no,New Hampshire Department of Environmental Services,no,govt
5873,"2020 - Saco - Dundee Community Forest - TPL - Jackson, NH",19/12/2022,19/12/2022,"{ ""type"": ""Point"", ""coordinates"": [-71.142739, 44.145236] }",TRUE,"Stream, Wetland",,,"Palustrine, Upland",Approved,NH,Carroll [NH],44.145236,-71.142739,Combination Public/Private,NA,NA,NA,NA,NA,NA,Seta,Detzel,seta.a.detzel@des.nh.gov,NA,NA,NA,NA,POC,NA,2022,ILF,no,no,no,New Hampshire Department of Environmental Services,no,govt
5874,"2020 - Androscoggin - Shelburne Riverland - MLT - Shelburne, NH",25/02/2022,25/02/2022,"{ ""type"": ""Point"", ""coordinates"": [-71.020581, 44.389256] }",TRUE,"Stream, Wetland","Forested, Scrub-Shrub",Broad-Leaved Deciduous,"Lacustrine, Palustrine, Riverine, Upland",Approved,NH,Coos [NH],44.389256,-71.020581,Combination Public/Private,NA,NA,NA,NA,NA,NA,Seta,Detzel,seta.a.detzel@des.nh.gov,NA,NA,NA,NA,POC,NA,2022,ILF,no,no,no,New Hampshire Department of Environmental Services,no,govt
6398,"2021 - Salmon Falls-Piscataqua River - Champlin Forest Addition - SPNH - Rochester, NH",19/12/2022,19/12/2022,"{ ""type"": ""Point"", ""coordinates"": [-70.939581, 43.277967] }",TRUE,Wetland,,,"Palustrine, Upland",Approved,NH,Strafford [NH],43.277967,-70.939581,Public Commercial,NA,NA,NA,NA,NA,NA,Seta,Detzel,seta.a.detzel@des.nh.gov,NA,NA,NA,NA,POC,NA,2022,ILF,no,no,no,New Hampshire Department of Environmental Services,no,govt
6399,"2021 - Salmon Falls-Piscataqua River - Jones Brook-Branch River Project - SELT - Milton, NH",28/02/2023,28/02/2023,"{ ""type"": ""Point"", ""coordinates"": [-71.048033, 43.454403] }",TRUE,"Stream, Wetland",,,"Other, Palustrine, Upland",Approved,NH,Strafford [NH],43.454403,-71.048033,Public Commercial,NA,NA,NA,NA,NA,NA,Seta,Detzel,seta.a.detzel@des.nh.gov,NA,NA,NA,NA,POC,NA,2023,ILF,no,no,no,New Hampshire Department of Environmental Services,no,govt
6400,"2021 - Salmon Falls-Piscataqua River - Pike-Lamprey River Addition - SELT - Durham, NH",19/12/2022,19/12/2022,"{ ""type"": ""Point"", ""coordinates"": [-70.966258, 43.110753] }",TRUE,"Stream, Wetland",,,"Other, Palustrine, Upland",Approved,NH,Strafford [NH],43.110753,-70.966258,Public Commercial,NA,NA,NA,NA,NA,NA,Seta,Detzel,seta.a.detzel@des.nh.gov,NA,NA,NA,NA,POC,NA,2022,ILF,no,no,no,New Hampshire Department of Environmental Services,no,govt
7010,"2023 - Salmon Falls Pisc - Gonic Dam Removal - Rochester, NH",NA,NA,"{ ""type"": ""Point"", ""coordinates"": [-70.977147, 43.274107] }",TRUE,,,,,Pending,NH,Strafford [NH],43.274107,-70.977147,Public Commercial,NA,NA,NA,NA,NA,NA,Seta,Detzel,seta.a.detzel@des.nh.gov,NA,NA,NA,NA,POC,NA,NA,ILF,no,no,no,New Hampshire Department of Environmental Services,no,govt
7094,"2024 -Salmon-Pisc-Upper College Brook Restoration-Durham,NH",NA,NA,"{ ""type"": ""Point"", ""coordinates"": [-70.944, 43.14] }",TRUE,,,,,Pending,NH,Strafford [NH],43.14,-70.944,Public Commercial,NA,NA,NA,NA,NA,NA,Seta,Detzel,seta.a.detzel@des.nh.gov,NA,NA,NA,NA,POC,NA,NA,ILF,no,no,no,New Hampshire Department of Environmental Services,no,govt
7095,"2023 - Upper CT - Lancaster Restoration - Lancaster, NH",NA,NA,"{ ""type"": ""Point"", ""coordinates"": [-71.5837, 44.4996] }",TRUE,,,,,Pending,NH,Coos [NH],44.4996,-71.5837,Public Commercial,NA,NA,NA,NA,NA,NA,Seta,Detzel,seta.a.detzel@des.nh.gov,NA,NA,NA,NA,POC,NA,NA,ILF,no,no,no,New Hampshire Department of Environmental Services,no,govt
4347,Lower San Pedro Wildlife Area - AZGFD,NA,NA,"{ ""type"": ""Point"", ""coordinates"": [-110.716603, 32.838355] }",TRUE,"Stream, Wetland",,,"Palustrine, Upland",Pending,AZ,Pinal [AZ],32.838355,-110.716603,Public Commercial,NA,NA,NA,NA,NA,NA,Shawn,Lowery,slowery@azgfd.gov,Arizona Game and Fish Department,Phoenix,AZ,85086,POC,5000 West Carefree Highway,NA,ILF,no,no,no,yes,no,govt
6047,Clear Creek Mitigation Bank,02/10/2023,02/10/2023,"{ ""type"": ""Point"", ""coordinates"": [-91.636857, 41.69755] }",TRUE,Stream,,,Riverine,Approved,IA,Johnson [IA],41.69755,-91.636857,Public Commercial,NA,NA,NA,NA,NA,NA,Sherri,Proud,sproud@coralville.org,1506 8th Street,Coralville,IA,52241,Sponsor,NA,2023,Standard,no,no,no,yes,no,govt
5555,"2019 - Southwest - Fromson/Strassler Property - Weston, CT",02/04/2024,02/04/2024,"{ ""type"": ""Point"", ""coordinates"": [-73.422142, 41.247783] }",TRUE,"Stream, Wetland",Forested,Broad-Leaved Deciduous,"Palustrine, Riverine, Upland",Approved,CT,Fairfield [CT],41.247783,-73.422142,Public Commercial,National Audubon Society - CT Chapter,185 East Flat Hill Road,Southbury,CT,6488,NA,NA,NA,NA,NA,NA,NA,NA,NA,NA,2024,ILF,no,no,no,yes,no,govt
2119,ILF-ENP-Hole-in-the-Donut,11/09/2015,11/09/2015,"{ ""type"": ""Point"", ""coordinates"": [-80.6703767184651, 25.3785919262401] }",TRUE,Wetland,Emergent,,Palustrine,Approved,FL,Dade [FL],25.37859193,-80.67037672,Public Commercial,National Park Service,Everglades National Park,Homestead,FL,33034,40001 SR 9336,NA,NA,NA,NA,NA,NA,NA,NA,NA,2015,ILF,no,no,no,yes,no,govt
3329,"2014 SALMON-PISC Exeter Great Dam - Exeter, NH",04/11/2014,04/11/2014,"{ ""type"": ""Point"", ""coordinates"": [-70.944788, 42.981403] }",TRUE,Stream,,,Riverine,Approved,NH,Rockingham [NH],42.981403,-70.944788,Public Commercial,New Hampshire Department of Environmental Services,29 Hazen Drive,Concord,NH,3302,NA,Lori,Sommer,lsommer@des.state.nh.us,NH DES Wetlands Bureau,Concord,NH,3302,Sponsor,29 Hazen Drive,2014,ILF,no,no,no,New Hampshire Department of Environmental Services,no,govt
5311,Mosquito Creek Mitigation Bank,26/04/2021,26/04/2021,"{ ""type"": ""Point"", ""coordinates"": [-95.4144, 41.7743] }",TRUE,Stream,,,Riverine,Approved,IA,Shelby [IA],41.7743,-95.4144,Public Commercial,Nick Preston,Shelby County Conservation ,Harlan,IA,51537,516 Maple Road,Michael,Heller,mike.heller@foth.com,8191 Birchwood Court,Johnston,IA,50131,Consultant,Suite L,2021,Standard,no,no,no,yes,no,govt
3068,* ILF-NKU-Canterbury Stream Restoration Project (MOA) (LRL-2012-203),07/11/2014,07/11/2014,"{ ""type"": ""Point"", ""coordinates"": [-84.4707072453271, 39.064513855758] }",TRUE,,,,,Approved,KY,Campbell [KY],39.06451386,-84.47070725,Public Commercial,NKU Center for Environmental Restoration,NA,Highland Heights,KY,41076,15 Clearview Drive ,Patti,Grace-Jarrett,Patti.G.Jarrett@usace.army.mil,Louisville District Corps of Engineers,Louisville,KY,40201-0059,POC,"Room 752, P.O. Box 59  ",2014,ILF,no,no,no,yes,no,govt
3069,* ILF-NKU-Lloyd Wildlife Management Stream and Wetland Restoration Project (MOA) (LRL-2012-200),12/02/2014,12/02/2014,"{ ""type"": ""Point"", ""coordinates"": [-84.5918078992927, 38.7629831265403] }",TRUE,,,,,Approved,KY,Grant [KY],38.76298313,-84.5918079,Public Commercial,NKU Center for Environmental Restoration,NA,Highland Heights,KY,41076,15 Clearview Drive ,Patti,Grace-Jarrett,Patti.G.Jarrett@usace.army.mil,Louisville District Corps of Engineers,Louisville,KY,40201-0059,POC,"Room 752, P.O. Box 59  ",2014,ILF,no,no,no,yes,no,govt
3153,"* ILF-NKU-Sleepy Hollow Restoration Project Tracts I-III (ILF-I) (LRL-2013-85, LRL-2014-867, LRL-2016-51)",NA,01/12/2020,"{ ""type"": ""Point"", ""coordinates"": [-83.732946196061, 38.6188541863338] }",TRUE,Stream,,,Riverine,Approved,KY,Mason [KY],38.61885419,-83.7329462,Public Commercial,NKU Center for Environmental Restoration,NA,Highland Heights,KY,41076,15 Clearview Drive ,Scott,Fennell,fennells@nku.edu,NKU Center for Applied Ecology ,Highland Heights,KY,41076,POC,15 Clearview Drive ,NA,ILF,no,no,no,yes,no,govt
5307,* ILF-NKU-Darlington Farm Stream Restoration Project (ILF-I) (LRL-2013-00086),14/08/2018,14/08/2018,"{ ""type"": ""Point"", ""coordinates"": [-84.710285, 39.027195] }",TRUE,Stream,,,Riverine,Approved,KY,Boone [KY],39.027195,-84.710285,Public Commercial,NKU Center for Environmental Restoration,NA,Highland Heights,KY,41076,15 Clearview Drive ,Patti,Grace-Jarrett,Patti.G.Jarrett@usace.army.mil,Louisville District Corps of Engineers,Louisville,KY,40201-0059,POC,"Room 752, P.O. Box 59  ",2018,ILF,no,no,no,yes,no,govt
3651,NCDMS 601 North II Stream Restoration Site,01/06/2012,01/06/2012,"{ ""type"": ""Point"", ""coordinates"": [-80.4727381575283, 34.8968807182994] }",TRUE,Stream,,,Riverine,Approved,NC,Union [NC],34.89688072,-80.47273816,Public Commercial,North Carolina Division of Mitigation Services,1652 Mail Service Center,Raleigh,NC,27699-1652,NA,Kelly,Williams,Kelly.williams@deq.nc.gov,1652 Mail Service Center,Raleigh,NC,27699,POC,NA,2012,ILF,no,no,no,North Carolina Division of Mitigation Services,no,govt
3654,NCDMS Abbey Lamm Stream and Wetland Restoration Site,01/12/2014,01/12/2014,"{ ""type"": ""Point"", ""coordinates"": [-79.3948844877757, 35.8861107498338] }",TRUE,"Stream, Wetland",,,Riverine,Approved,NC,Alamance [NC],35.88611075,-79.39488449,Public Commercial,North Carolina Division of Mitigation Services,1652 Mail Service Center,Raleigh,NC,27699-1652,NA,Kelly,Williams,Kelly.williams@deq.nc.gov,1652 Mail Service Center,Raleigh,NC,27699,POC,NA,2014,ILF,no,no,no,North Carolina Division of Mitigation Services,no,govt
3659,NCDMS Agony Acres,01/08/2014,01/08/2014,"{ ""type"": ""Point"", ""coordinates"": [-79.5460336904169, 36.1789392812891] }",TRUE,Stream,,,Riverine,Approved,NC,Guilford [NC],36.17893928,-79.54603369,Public Commercial,North Carolina Division of Mitigation Services,1652 Mail Service Center,Raleigh,NC,27699-1652,NA,Kelly,Williams,Kelly.williams@deq.nc.gov,1652 Mail Service Center,Raleigh,NC,27699,POC,NA,2014,ILF,no,no,no,North Carolina Division of Mitigation Services,no,govt
3663,NCDMS Aycock Springs,28/07/2010,28/07/2010,"{ ""type"": ""Point"", ""coordinates"": [-79.5238296962824, 36.1278892251972] }",TRUE,"Stream, Wetland",,,"Palustrine, Riverine",Approved,NC,Alamance [NC],36.12788923,-79.5238297,Public Commercial,North Carolina Division of Mitigation Services,1652 Mail Service Center,Raleigh,NC,27699-1652,NA,Kelly,Williams,Kelly.williams@deq.nc.gov,1652 Mail Service Center,Raleigh,NC,27699,POC,NA,2010,ILF,no,no,no,North Carolina Division of Mitigation Services,no,govt
3670,NCDMS Barra Farms I,NA,02/09/1997,"{ ""type"": ""Point"", ""coordinates"": [-78.6786295446681, 34.9267078573281] }",TRUE,,,,,Approved,NC,Cumberland [NC],34.92670786,-78.67862954,Public Commercial,North Carolina Division of Mitigation Services,1652 Mail Service Center,Raleigh,NC,27699-1652,NA,Kelly,Williams,Kelly.williams@deq.nc.gov,1652 Mail Service Center,Raleigh,NC,27699,POC,NA,NA,ILF,no,no,no,North Carolina Division of Mitigation Services,no,govt
3671,NCDMS Bear Basin,01/07/2014,01/07/2014,"{ ""type"": ""Point"", ""coordinates"": [-77.6075004581273, 34.9253175621221] }",TRUE,Wetland,,,Palustrine,Approved,NC,Onslow [NC],34.92531756,-77.60750046,Public Commercial,North Carolina Division of Mitigation Services,1652 Mail Service Center,Raleigh,NC,27699-1652,NA,Kelly,Williams,Kelly.williams@deq.nc.gov,1652 Mail Service Center,Raleigh,NC,27699,POC,NA,2014,ILF,no,no,no,North Carolina Division of Mitigation Services,no,govt
3681,NCDMS Best Site,01/10/2013,01/10/2013,"{ ""type"": ""Point"", ""coordinates"": [-77.7461115232841, 34.911541984447] }",TRUE,"Stream, Wetland",,,"Palustrine, Riverine",Approved,NC,Duplin [NC],34.91154198,-77.74611152,Public Commercial,North Carolina Division of Mitigation Services,1652 Mail Service Center,Raleigh,NC,27699-1652,NA,Kelly,Williams,Kelly.williams@deq.nc.gov,1652 Mail Service Center,Raleigh,NC,27699,POC,NA,2013,ILF,no,no,no,North Carolina Division of Mitigation Services,no,govt
3684,NCDMS Big Harris Creek,04/11/2016,04/11/2016,"{ ""type"": ""Point"", ""coordinates"": [-81.6086917919619, 35.4048814245924] }",TRUE,,,,,Approved,NC,Cleveland [NC],35.40488142,-81.60869179,Public Commercial,North Carolina Division of Mitigation Services,1652 Mail Service Center,Raleigh,NC,27699-1652,NA,Kelly,Williams,Kelly.williams@deq.nc.gov,1652 Mail Service Center,Raleigh,NC,27699,Sales POC,NA,2016,ILF,no,no,no,North Carolina Division of Mitigation Services,no,govt
3695,NCDMS Bowl Basin,01/10/2014,01/10/2014,"{ ""type"": ""Point"", ""coordinates"": [-77.3194433423222, 34.9220144745644] }",TRUE,Wetland,,,Palustrine,Approved,NC,Onslow [NC],34.92201447,-77.31944334,Public Commercial,North Carolina Division of Mitigation Services,1652 Mail Service Center,Raleigh,NC,27699-1652,NA,Kelly,Williams,Kelly.williams@deq.nc.gov,1652 Mail Service Center,Raleigh,NC,27699,POC,NA,2014,ILF,no,no,no,North Carolina Division of Mitigation Services,no,govt
3703,NCDMS Brown Creek Tributaries,28/07/2010,28/07/2010,"{ ""type"": ""Point"", ""coordinates"": [-80.0387714552703, 35.0468393178183] }",TRUE,Stream,,,Riverine,Approved,NC,Anson [NC],35.04683932,-80.03877146,Public Commercial,North Carolina Division of Mitigation Services,1652 Mail Service Center,Raleigh,NC,27699-1652,NA,Kelly,Williams,Kelly.williams@deq.nc.gov,1652 Mail Service Center,Raleigh,NC,27699,POC,NA,2010,ILF,no,no,no,North Carolina Division of Mitigation Services,no,govt
3711,NCDMS Byrd's Creek Mitigation Site,01/01/2013,01/01/2013,"{ ""type"": ""Point"", ""coordinates"": [-79.0451776154472, 36.2471736927614] }",TRUE,Stream,,,Riverine,Approved,NC,Person [NC],36.24717369,-79.04517762,Public Commercial,North Carolina Division of Mitigation Services,1652 Mail Service Center,Raleigh,NC,27699-1652,NA,Kelly,Williams,Kelly.williams@deq.nc.gov,1652 Mail Service Center,Raleigh,NC,27699,POC,NA,2013,ILF,no,no,no,North Carolina Division of Mitigation Services,no,govt
3714,NCDMS Candy Creek,28/07/2010,28/07/2010,"{ ""type"": ""Point"", ""coordinates"": [-79.6622822089905, 36.2328007176439] }",TRUE,Stream,,,Riverine,Approved,NC,Guilford [NC],36.23280072,-79.66228221,Public Commercial,North Carolina Division of Mitigation Services,1652 Mail Service Center,Raleigh,NC,27699-1652,NA,John,Hutton,jhutton@wildlandseng.com,312 West Millbrook Road,Raleigh,NC,27609,Consultant,Suite 225,2010,ILF,no,no,no,North Carolina Division of Mitigation Services,no,govt
3721,NCDMS Cedar Creek,01/08/2014,01/08/2014,"{ ""type"": ""Point"", ""coordinates"": [-78.3667733153481, 34.9667988860295] }",TRUE,"Stream, Wetland",,,"Palustrine, Riverine",Approved,NC,Sampson [NC],34.96679889,-78.36677332,Public Commercial,North Carolina Division of Mitigation Services,1652 Mail Service Center,Raleigh,NC,27699-1652,NA,Kelly,Williams,Kelly.williams@deq.nc.gov,1652 Mail Service Center,Raleigh,NC,27699,POC,NA,2014,ILF,no,no,no,North Carolina Division of Mitigation Services,no,govt
3729,NCDMS Clarks Creek,08/08/2009,06/08/2024,"{ ""type"": ""Point"", ""coordinates"": [-79.98576537901, 35.2777777755911] }",TRUE,,,,,Withdrawn,NC,Montgomery [NC],35.27777778,-79.98576538,Public Commercial,North Carolina Division of Mitigation Services,1652 Mail Service Center,Raleigh,NC,27699-1652,NA,Kelly,Williams,Kelly.williams@deq.nc.gov,1652 Mail Service Center,Raleigh,NC,27699,Sales POC,NA,2009,ILF,no,no,no,North Carolina Division of Mitigation Services,no,govt
3771,NCDMS Dye Branch II Stream Restoration,19/01/2006,17/02/2021,"{ ""type"": ""Point"", ""coordinates"": [-80.8122197082987, 35.5765547437131] }",TRUE,,,,,Sold-Out,NC,Iredell [NC],35.57655474,-80.81221971,Public Commercial,North Carolina Division of Mitigation Services,1652 Mail Service Center,Raleigh,NC,27699-1652,NA,Kelly,Williams,Kelly.williams@deq.nc.gov,1652 Mail Service Center,Raleigh,NC,27699,POC,NA,2006,ILF,no,no,no,North Carolina Division of Mitigation Services,no,govt
3841,NCDMS Helms,22/07/2003,22/07/2003,"{ ""type"": ""Point"", ""coordinates"": [-80.5331194255488, 35.5452960983075] }",TRUE,,,,,Approved,NC,Rowan [NC],35.5452961,-80.53311943,Public Commercial,North Carolina Division of Mitigation Services,1652 Mail Service Center,Raleigh,NC,27699-1652,NA,Kelly,Williams,Kelly.williams@deq.nc.gov,1652 Mail Service Center,Raleigh,NC,27699,POC,NA,2003,ILF,no,no,no,North Carolina Division of Mitigation Services,no,govt
3843,NCDMS Henry Fork Stream and Wetland Mitigation Project,14/09/2015,14/09/2015,"{ ""type"": ""Point"", ""coordinates"": [-81.3650923229328, 35.7031777620188] }",TRUE,"Stream, Wetland",,,"Palustrine, Riverine",Approved,NC,Catawba [NC],35.70317776,-81.36509232,Public Commercial,North Carolina Division of Mitigation Services,1652 Mail Service Center,Raleigh,NC,27699-1652,NA,Kelly,Williams,Kelly.williams@deq.nc.gov,1652 Mail Service Center,Raleigh,NC,27699,POC,NA,2015,ILF,no,no,no,North Carolina Division of Mitigation Services,no,govt
3851,NCDMS Holman Mill Stream,28/07/2010,28/07/2010,"{ ""type"": ""Point"", ""coordinates"": [-79.3853169870057, 35.8523926307972] }",TRUE,Stream,,,Riverine,Approved,NC,Alamance [NC],35.85239263,-79.38531699,Public Commercial,North Carolina Division of Mitigation Services,1652 Mail Service Center,Raleigh,NC,27699-1652,NA,Kelly,Williams,Kelly.williams@deq.nc.gov,1652 Mail Service Center,Raleigh,NC,27699,POC,NA,2010,ILF,no,no,no,North Carolina Division of Mitigation Services,no,govt
3856,NCDMS Hudson,28/07/2010,28/07/2010,"{ ""type"": ""Point"", ""coordinates"": [-77.103958674988, 35.4485001139358] }",TRUE,Stream,,,Riverine,Approved,NC,Beaufort [NC],35.44850011,-77.10395867,Public Commercial,North Carolina Division of Mitigation Services,1652 Mail Service Center,Raleigh,NC,27699-1652,NA,Kelly,Williams,Kelly.williams@deq.nc.gov,1652 Mail Service Center,Raleigh,NC,27699,Sponsor,NA,2010,ILF,no,no,no,North Carolina Division of Mitigation Services,no,govt
3861,NCDMS Jacob's Ladder Stream Mitigation Project,07/09/2012,07/09/2012,"{ ""type"": ""Point"", ""coordinates"": [-80.6534728350824, 35.5540020348459] }",TRUE,Stream,,,Riverine,Approved,NC,Rowan [NC],35.55400203,-80.65347284,Public Commercial,North Carolina Division of Mitigation Services,1652 Mail Service Center,Raleigh,NC,27699-1652,NA,Kelly,Williams,Kelly.williams@deq.nc.gov,1652 Mail Service Center,Raleigh,NC,27699,POC,NA,2012,ILF,no,no,no,North Carolina Division of Mitigation Services,no,govt
3862,NCDMS Jacob's Landing Stream Mitigation Project,07/09/2012,07/09/2012,"{ ""type"": ""Point"", ""coordinates"": [-80.665191277211, 35.5674907131366] }",TRUE,Stream,,,Riverine,Approved,NC,Rowan [NC],35.56749071,-80.66519128,Public Commercial,North Carolina Division of Mitigation Services,1652 Mail Service Center,Raleigh,NC,27699-1652,NA,Kelly,Williams,Kelly.williams@deq.nc.gov,1652 Mail Service Center,Raleigh,NC,27699,POC,NA,2012,ILF,no,no,no,North Carolina Division of Mitigation Services,no,govt
3877,NCDMS Langley Site-Cypress Creek,23/12/2004,22/07/2003,"{ ""type"": ""Point"", ""coordinates"": [-78.2071402276323, 36.048086709071] }",TRUE,"Stream, Wetland",,,Riverine,Approved,NC,Franklin [NC],36.04808671,-78.20714023,Public Commercial,North Carolina Division of Mitigation Services,1652 Mail Service Center,Raleigh,NC,27699-1652,NA,NA,NA,NA,NA,NA,NA,NA,NA,NA,2004,ILF,no,no,no,North Carolina Division of Mitigation Services,no,govt
3890,NCDMS Little Pine Creek II,10/04/2017,10/04/2017,"{ ""type"": ""Point"", ""coordinates"": [-80.9892011545124, 36.5054204609706] }",TRUE,"Stream, Wetland",,,"Palustrine, Riverine",Approved,NC,Alleghany [NC],36.50542046,-80.98920115,Public Commercial,North Carolina Division of Mitigation Services,1652 Mail Service Center,Raleigh,NC,27699-1652,NA,Kelly,Williams,Kelly.williams@deq.nc.gov,1652 Mail Service Center,Raleigh,NC,27699,POC,NA,2017,ILF,no,no,no,North Carolina Division of Mitigation Services,no,govt
3932,NCDMS McKee Creek,13/11/2008,24/11/2020,"{ ""type"": ""Point"", ""coordinates"": [-80.6401361268161, 35.2647023077658] }",TRUE,,,,,Sold-Out,NC,Cabarrus [NC],35.26470231,-80.64013613,Public Commercial,North Carolina Division of Mitigation Services,1652 Mail Service Center,Raleigh,NC,27699-1652,NA,Kelly,Williams,Kelly.williams@deq.nc.gov,1652 Mail Service Center,Raleigh,NC,27699,POC,NA,2008,ILF,no,no,no,North Carolina Division of Mitigation Services,no,govt
3953,NCDMS Mud Lick Creek - Thomas Site,01/12/2015,01/12/2015,"{ ""type"": ""Point"", ""coordinates"": [-79.4346926847403, 35.8130062358018] }",TRUE,Stream,,,Riverine,Approved,NC,Chatham [NC],35.81300624,-79.43469268,Public Commercial,North Carolina Division of Mitigation Services,1652 Mail Service Center,Raleigh,NC,27699-1652,NA,Kelly,Williams,Kelly.williams@deq.nc.gov,1652 Mail Service Center,Raleigh,NC,27699,POC,NA,2015,ILF,no,no,no,North Carolina Division of Mitigation Services,no,govt
3977,NCDMS Northgate Park (Ellerbe) (G),06/11/2006,24/11/2020,"{ ""type"": ""Point"", ""coordinates"": [-78.8969991714395, 36.0222396673925] }",TRUE,,,,,Sold-Out,NC,Durham [NC],36.02223967,-78.89699917,Public Commercial,North Carolina Division of Mitigation Services,1652 Mail Service Center,Raleigh,NC,27699-1652,NA,Kelly,Williams,Kelly.williams@deq.nc.gov,1652 Mail Service Center,Raleigh,NC,27699,POC,NA,2006,ILF,no,no,no,North Carolina Division of Mitigation Services,no,govt
3985,NCDMS Paschal GC (Richland Ck) (G),14/11/2005,17/02/2021,"{ ""type"": ""Point"", ""coordinates"": [-78.5215840153953, 35.9814060003348] }",TRUE,,,,,Sold-Out,NC,Wake [NC],35.981406,-78.52158402,Public Commercial,North Carolina Division of Mitigation Services,1652 Mail Service Center,Raleigh,NC,27699-1652,NA,Kelly,Williams,Kelly.williams@deq.nc.gov,1652 Mail Service Center,Raleigh,NC,27699,POC,NA,2005,ILF,no,no,no,North Carolina Division of Mitigation Services,no,govt
3987,NCDMS Pee Dee Stream Restoration Site,01/12/2013,01/12/2013,"{ ""type"": ""Point"", ""coordinates"": [-80.0264109318714, 35.2531280095853] }",TRUE,Stream,,,Riverine,Approved,NC,Montgomery [NC],35.25312801,-80.02641093,Public Commercial,North Carolina Division of Mitigation Services,1652 Mail Service Center,Raleigh,NC,27699-1652,NA,Kelly,Williams,Kelly.williams@deq.nc.gov,1652 Mail Service Center,Raleigh,NC,27699,POC,NA,2013,ILF,no,no,no,North Carolina Division of Mitigation Services,no,govt
3993,NCDMS Poplin Ridge,21/05/2014,21/05/2014,"{ ""type"": ""Point"", ""coordinates"": [-80.571277240497, 35.0560191402813] }",TRUE,Stream,,,Riverine,Approved,NC,Union [NC],35.05601914,-80.57127724,Public Commercial,North Carolina Division of Mitigation Services,1652 Mail Service Center,Raleigh,NC,27699-1652,NA,Kelly,Williams,Kelly.williams@deq.nc.gov,1652 Mail Service Center,Raleigh,NC,27699,POC,NA,2014,ILF,no,no,no,North Carolina Division of Mitigation Services,no,govt
4027,NCDMS Shadrick Creek,27/02/2015,27/02/2015,"{ ""type"": ""Point"", ""coordinates"": [-81.8965908910078, 35.720385387246] }",TRUE,,,,,Approved,NC,McDowell [NC],35.72038539,-81.89659089,Public Commercial,North Carolina Division of Mitigation Services,1652 Mail Service Center,Raleigh,NC,27699-1652,NA,Kelly,Williams,Kelly.williams@deq.nc.gov,1652 Mail Service Center,Raleigh,NC,27699,Sponsor,NA,2015,ILF,no,no,no,North Carolina Division of Mitigation Services,no,govt
4046,NCDMS Sliver Moon Non-Riparian Wetland Mitigation Site,01/02/2012,24/11/2020,"{ ""type"": ""Point"", ""coordinates"": [-77.361435518403, 35.2056434684953] }",TRUE,Wetland,,,Palustrine,Sold-Out,NC,Craven [NC],35.20564347,-77.36143552,Public Commercial,North Carolina Division of Mitigation Services,1652 Mail Service Center,Raleigh,NC,27699-1652,NA,Kelly,Williams,Kelly.williams@deq.nc.gov,1652 Mail Service Center,Raleigh,NC,27699,POC,NA,2012,ILF,no,no,no,North Carolina Division of Mitigation Services,no,govt
4049,NCDMS Snowbird Tributaries,05/08/2019,05/08/2019,"{ ""type"": ""Point"", ""coordinates"": [-83.8473075986304, 35.3065544040188] }",TRUE,,,,,Approved,NC,Graham [NC],35.3065544,-83.8473076,Public Commercial,North Carolina Division of Mitigation Services,1652 Mail Service Center,Raleigh,NC,27699-1652,NA,Kelly,Williams,Kelly.williams@deq.nc.gov,1652 Mail Service Center,Raleigh,NC,27699,POC,NA,2019,ILF,no,no,no,North Carolina Division of Mitigation Services,no,govt
4057,NCDMS St. Clair Creek,01/09/2013,01/09/2013,"{ ""type"": ""Point"", ""coordinates"": [-76.7295125564597, 35.4549366746817] }",TRUE,"Stream, Wetland",,,"Palustrine, Riverine",Approved,NC,Beaufort [NC],35.45493667,-76.72951256,Public Commercial,North Carolina Division of Mitigation Services,1652 Mail Service Center,Raleigh,NC,27699-1652,NA,Kelly,Williams,Kelly.williams@deq.nc.gov,1652 Mail Service Center,Raleigh,NC,27699,POC,NA,2013,ILF,no,no,no,North Carolina Division of Mitigation Services,no,govt
4058,NCDMS Stanley's Slough,01/08/2013,01/08/2013,"{ ""type"": ""Point"", ""coordinates"": [-77.350018398669, 36.5372615352857] }",TRUE,"Stream, Wetland",,,"Palustrine, Riverine",Approved,NC,Northampton [NC],36.53726154,-77.3500184,Public Commercial,North Carolina Division of Mitigation Services,1652 Mail Service Center,Raleigh,NC,27699-1652,NA,Kelly,Williams,Kelly.williams@deq.nc.gov,1652 Mail Service Center,Raleigh,NC,27699,POC,NA,2013,ILF,no,no,no,North Carolina Division of Mitigation Services,no,govt
4059,NCDMS Stanley's Slough II,01/08/2013,01/08/2013,"{ ""type"": ""Point"", ""coordinates"": [-77.3507599329292, 36.5348679014432] }",TRUE,Wetland,,,Palustrine,Approved,NC,Northampton [NC],36.5348679,-77.35075993,Public Commercial,North Carolina Division of Mitigation Services,1652 Mail Service Center,Raleigh,NC,27699-1652,NA,Kelly,Williams,Kelly.williams@deq.nc.gov,1652 Mail Service Center,Raleigh,NC,27699,POC,NA,2013,ILF,no,no,no,North Carolina Division of Mitigation Services,no,govt
4092,NCDMS Town Creek Restoration Project,01/02/2015,01/02/2015,"{ ""type"": ""Point"", ""coordinates"": [-80.24182, 35.43418] }",TRUE,Stream,,,Riverine,Approved,NC,Stanly [NC],35.43418,-80.24182,Public Commercial,North Carolina Division of Mitigation Services,1652 Mail Service Center,Raleigh,NC,27699-1652,NA,Kelly,Williams,Kelly.williams@deq.nc.gov,1652 Mail Service Center,Raleigh,NC,27699,Sponsor,NA,2015,ILF,no,no,no,North Carolina Division of Mitigation Services,no,govt
4093,NCDMS Tributaries of Wicker Branch Stream Enhancement,01/11/2013,01/11/2013,"{ ""type"": ""Point"", ""coordinates"": [-80.447910725524, 34.8938022789671] }",TRUE,Stream,,,Riverine,Approved,NC,Union [NC],34.89380228,-80.44791073,Public Commercial,North Carolina Division of Mitigation Services,1652 Mail Service Center,Raleigh,NC,27699-1652,NA,Kelly,Williams,Kelly.williams@deq.nc.gov,1652 Mail Service Center,Raleigh,NC,27699,POC,NA,2013,ILF,no,no,no,North Carolina Division of Mitigation Services,no,govt
4097,NCDMS Twin Bays,01/04/2013,01/04/2013,"{ ""type"": ""Point"", ""coordinates"": [-78.0271688442484, 34.7486392578885] }",TRUE,Wetland,,,Palustrine,Approved,NC,Duplin [NC],34.74863926,-78.02716884,Public Commercial,North Carolina Division of Mitigation Services,1652 Mail Service Center,Raleigh,NC,27699-1652,NA,Kelly,Williams,Kelly.williams@deq.nc.gov,1652 Mail Service Center,Raleigh,NC,27699,POC,NA,2013,ILF,no,no,no,North Carolina Division of Mitigation Services,no,govt
4105,NCDMS UT Neuse (The Big Ditch),24/10/2012,24/10/2012,"{ ""type"": ""Point"", ""coordinates"": [-77.9947783184128, 35.373398981293] }",TRUE,,,,,Approved,NC,Wayne [NC],35.37339898,-77.99477832,Public Commercial,North Carolina Division of Mitigation Services,1652 Mail Service Center,Raleigh,NC,27699-1652,NA,Kelly,Williams,Kelly.williams@deq.nc.gov,1652 Mail Service Center,Raleigh,NC,27699,POC,NA,2012,ILF,no,no,no,North Carolina Division of Mitigation Services,no,govt
4112,NCDMS UT to Cane Creek,01/01/2014,01/01/2014,"{ ""type"": ""Point"", ""coordinates"": [-79.318688247303, 35.8930733003702] }",TRUE,Stream,,,Riverine,Approved,NC,Alamance [NC],35.8930733,-79.31868825,Public Commercial,North Carolina Division of Mitigation Services,1652 Mail Service Center,Raleigh,NC,27699-1652,NA,Kelly,Williams,Kelly.williams@deq.nc.gov,1652 Mail Service Center,Raleigh,NC,27699,POC,NA,2014,ILF,no,no,no,North Carolina Division of Mitigation Services,no,govt
4125,NCDMS UT to Mill Swamp,01/11/2012,01/11/2012,"{ ""type"": ""Point"", ""coordinates"": [-77.5886781653281, 34.9369801886415] }",TRUE,"Stream, Wetland",,,"Palustrine, Riverine",Approved,NC,Onslow [NC],34.93698019,-77.58867817,Public Commercial,North Carolina Division of Mitigation Services,1652 Mail Service Center,Raleigh,NC,27699-1652,NA,Kelly,Williams,Kelly.williams@deq.nc.gov,1652 Mail Service Center,Raleigh,NC,27699,POC,NA,2012,ILF,no,no,no,North Carolina Division of Mitigation Services,no,govt
4135,NCDMS UT to Town Creek,01/08/2014,01/08/2014,"{ ""type"": ""Point"", ""coordinates"": [-80.2477137500301, 35.4325110720405] }",TRUE,"Stream, Wetland",,,"Palustrine, Riverine",Approved,NC,Stanly [NC],35.43251107,-80.24771375,Public Commercial,North Carolina Division of Mitigation Services,1652 Mail Service Center,Raleigh,NC,27699-1652,NA,Kelly,Williams,Kelly.williams@deq.nc.gov,1652 Mail Service Center,Raleigh,NC,27699,POC,NA,2014,ILF,no,no,no,North Carolina Division of Mitigation Services,no,govt
4139,NCDMS UT West Branch Rocky River,11/02/2019,11/02/2019,"{ ""type"": ""Point"", ""coordinates"": [-80.7984050171318, 35.4865004249229] }",TRUE,Stream,,,Riverine,Approved,NC,Mecklenburg [NC],35.48650042,-80.79840502,Public Commercial,North Carolina Division of Mitigation Services,1652 Mail Service Center,Raleigh,NC,27699-1652,NA,Kelly,Williams,Kelly.williams@deq.nc.gov,1652 Mail Service Center,Raleigh,NC,27699,POC,NA,2019,ILF,no,no,no,North Carolina Division of Mitigation Services,no,govt
4407,NCDMS Rough Horn Swamp II,02/07/2019,02/07/2019,"{ ""type"": ""Point"", ""coordinates"": [-78.9355133096067, 34.4476847957736] }",TRUE,"Stream, Wetland",,,"Palustrine, Riverine",Approved,NC,Columbus [NC],34.4476848,-78.93551331,Public Commercial,North Carolina Division of Mitigation Services,1652 Mail Service Center,Raleigh,NC,27699-1652,NA,Kelly,Williams,Kelly.williams@deq.nc.gov,1652 Mail Service Center,Raleigh,NC,27699,Sales POC,NA,2019,ILF,no,no,no,North Carolina Division of Mitigation Services,no,govt
4425,NCDMS Tar River Headwaters Wetland,22/12/2016,22/12/2016,"{ ""type"": ""Point"", ""coordinates"": [-78.817244, 36.393785] }",TRUE,Wetland,,,Palustrine,Approved,NC,Person [NC],36.393785,-78.817244,Public Commercial,North Carolina Division of Mitigation Services,1652 Mail Service Center,Raleigh,NC,27699-1652,NA,Kelly,Williams,Kelly.williams@deq.nc.gov,1652 Mail Service Center,Raleigh,NC,27699,POC,NA,2016,ILF,no,no,no,North Carolina Division of Mitigation Services,no,govt
4426,NCDMS Russell Gap Mitigation Site,10/12/2018,10/12/2018,"{ ""type"": ""Point"", ""coordinates"": [-81.203878, 36.018884] }",TRUE,"Stream, Wetland",,,"Palustrine, Riverine",Approved,NC,Alexander [NC],36.018884,-81.203878,Public Commercial,North Carolina Division of Mitigation Services,1652 Mail Service Center,Raleigh,NC,27699-1652,NA,Kelly,Williams,Kelly.williams@deq.nc.gov,1652 Mail Service Center,Raleigh,NC,27699,POC,NA,2018,ILF,no,no,no,North Carolina Division of Mitigation Services,no,govt
4427,NCDMS Harrell Stream and Wetland Mitigation Site,17/04/2019,17/04/2019,"{ ""type"": ""Point"", ""coordinates"": [-83.134084, 35.300373] }",TRUE,"Stream, Wetland",,,"Palustrine, Riverine",Approved,NC,Jackson [NC],35.300373,-83.134084,Public Commercial,North Carolina Division of Mitigation Services,1652 Mail Service Center,Raleigh,NC,27699-1652,NA,Kelly,Williams,Kelly.williams@deq.nc.gov,1652 Mail Service Center,Raleigh,NC,27699,POC,NA,2019,ILF,no,no,no,North Carolina Division of Mitigation Services,no,govt
4428,NCDMS Fletcher Stream and Wetland Mitigation Site,30/10/2018,30/10/2018,"{ ""type"": ""Point"", ""coordinates"": [-82.486423, 35.422624] }",TRUE,"Stream, Wetland",,,"Palustrine, Riverine",Approved,NC,Henderson [NC],35.422624,-82.486423,Public Commercial,North Carolina Division of Mitigation Services,1652 Mail Service Center,Raleigh,NC,27699-1652,NA,Kelly,Williams,Kelly.williams@deq.nc.gov,1652 Mail Service Center,Raleigh,NC,27699,POC,NA,2018,ILF,no,no,no,North Carolina Division of Mitigation Services,no,govt
4439,NCDMS Foust Creek Mitigation Site,04/12/2012,04/12/2012,"{ ""type"": ""Point"", ""coordinates"": [-79.402, 35.833] }",TRUE,"Stream, Wetland",,,"Palustrine, Riverine",Approved,NC,Chatham [NC],35.833,-79.402,Public Commercial,North Carolina Division of Mitigation Services,1652 Mail Service Center,Raleigh,NC,27699-1652,NA,Kelly,Williams,Kelly.williams@deq.nc.gov,1652 Mail Service Center,Raleigh,NC,27699,POC,NA,2012,ILF,no,no,no,North Carolina Division of Mitigation Services,no,govt
4440,NCDMS 601 East Stream Restoration Project,14/11/2012,14/11/2012,"{ ""type"": ""Point"", ""coordinates"": [-80.4256, 34.839339] }",TRUE,Stream,,,Riverine,Approved,NC,Union [NC],34.839339,-80.4256,Public Commercial,North Carolina Division of Mitigation Services,1652 Mail Service Center,Raleigh,NC,27699-1652,NA,NA,NA,NA,NA,NA,NA,NA,NA,NA,2012,ILF,no,no,no,North Carolina Division of Mitigation Services,no,govt
4441,NCDMS UT to Millers Creek,12/12/2012,12/12/2012,"{ ""type"": ""Point"", ""coordinates"": [-78.067625, 34.894467] }",TRUE,"Stream, Wetland",,,"Palustrine, Riverine",Approved,NC,Duplin [NC],34.894467,-78.067625,Public Commercial,North Carolina Division of Mitigation Services,1652 Mail Service Center,Raleigh,NC,27699-1652,NA,Kelly,Williams,Kelly.williams@deq.nc.gov,1652 Mail Service Center,Raleigh,NC,27699,POC,NA,2012,ILF,no,no,no,North Carolina Division of Mitigation Services,no,govt
4495,NCDMS Cedar Branch Restoration Site,22/08/2018,22/08/2018,"{ ""type"": ""Point"", ""coordinates"": [-79.90959, 35.82248] }",TRUE,Stream,,,Riverine,Approved,NC,Randolph [NC],35.82248,-79.90959,Public Commercial,North Carolina Division of Mitigation Services,1652 Mail Service Center,Raleigh,NC,27699-1652,NA,Kelly,Williams,Kelly.williams@deq.nc.gov,1652 Mail Service Center,Raleigh,NC,27699,Sponsor,NA,2018,ILF,no,no,no,North Carolina Division of Mitigation Services,no,govt
4496,NCDMS Rough Horn Swamp,02/07/2019,02/07/2019,"{ ""type"": ""Point"", ""coordinates"": [-78.93905, 34.44886] }",TRUE,Wetland,,,Palustrine,Approved,NC,Columbus [NC],34.44886,-78.93905,Public Commercial,North Carolina Division of Mitigation Services,1652 Mail Service Center,Raleigh,NC,27699-1652,NA,Kelly,Williams,Kelly.williams@deq.nc.gov,1652 Mail Service Center,Raleigh,NC,27699,Sales POC,NA,2019,ILF,no,no,no,North Carolina Division of Mitigation Services,no,govt
4515,NCDMS Matthew Site,02/01/2020,02/01/2020,"{ ""type"": ""Point"", ""coordinates"": [-78.408924, 35.42468] }",TRUE,"Stream, Wetland",,,"Palustrine, Riverine",Approved,NC,Johnston [NC],35.42468,-78.408924,Public Commercial,North Carolina Division of Mitigation Services,1652 Mail Service Center,Raleigh,NC,27699-1652,NA,Kelly,Williams,Kelly.williams@deq.nc.gov,1652 Mail Service Center,Raleigh,NC,27699,POC,NA,2020,ILF,no,no,no,North Carolina Division of Mitigation Services,no,govt
4522,NCDMS Alliance Headwaters,03/12/2018,03/12/2018,"{ ""type"": ""Point"", ""coordinates"": [-78.346201, 35.376378] }",TRUE,"Stream, Wetland",,,"Palustrine, Riverine",Approved,NC,Johnston [NC],35.376378,-78.346201,Public Commercial,North Carolina Division of Mitigation Services,1652 Mail Service Center,Raleigh,NC,27699-1652,NA,Kelly,Williams,Kelly.williams@deq.nc.gov,1652 Mail Service Center,Raleigh,NC,27699,POC,NA,2018,ILF,no,no,no,North Carolina Division of Mitigation Services,no,govt
4523,NCDMS Mill Dam Creek Restoration Site,24/01/2019,24/01/2019,"{ ""type"": ""Point"", ""coordinates"": [-80.5201, 36.239] }",TRUE,Stream,,,Riverine,Approved,NC,Yadkin [NC],36.239,-80.5201,Public Commercial,North Carolina Division of Mitigation Services,1652 Mail Service Center,Raleigh,NC,27699-1652,NA,Kelly,Williams,Kelly.williams@deq.nc.gov,1652 Mail Service Center,Raleigh,NC,27699,POC,NA,2019,ILF,no,no,no,North Carolina Division of Mitigation Services,no,govt
4524,NCDMS Lone Hickory,30/11/2017,30/11/2017,"{ ""type"": ""Point"", ""coordinates"": [-80.658424, 36.085587] }",TRUE,"Stream, Wetland",,,"Palustrine, Riverine",Approved,NC,Yadkin [NC],36.085587,-80.658424,Public Commercial,North Carolina Division of Mitigation Services,1652 Mail Service Center,Raleigh,NC,27699-1652,NA,Kelly,Williams,Kelly.williams@deq.nc.gov,1652 Mail Service Center,Raleigh,NC,27699,Sponsor,NA,2017,ILF,no,no,no,North Carolina Division of Mitigation Services,no,govt
4525,NCDMS Deep Meadow,29/05/2018,29/05/2018,"{ ""type"": ""Point"", ""coordinates"": [-80.45049, 35.02253] }",TRUE,"Stream, Wetland",,,"Palustrine, Riverine",Approved,NC,Union [NC],35.02253,-80.45049,Public Commercial,North Carolina Division of Mitigation Services,1652 Mail Service Center,Raleigh,NC,27699-1652,NA,Kelly,Williams,Kelly.williams@deq.nc.gov,1652 Mail Service Center,Raleigh,NC,27699,Sponsor,NA,2018,ILF,no,no,no,North Carolina Division of Mitigation Services,no,govt
4535,NCDMS Martin Dairy,14/03/2017,14/03/2017,"{ ""type"": ""Point"", ""coordinates"": [-79.00402, 36.12329] }",TRUE,Stream,,,Riverine,Approved,NC,Orange [NC],36.12329,-79.00402,Public Commercial,North Carolina Division of Mitigation Services,1652 Mail Service Center,Raleigh,NC,27699-1652,NA,Kelly,Williams,Kelly.williams@deq.nc.gov,1652 Mail Service Center,Raleigh,NC,27699,POC,NA,2017,ILF,no,no,no,North Carolina Division of Mitigation Services,no,govt
4553,NCDMS John Deere Stream and Wetland Site,NA,23/02/2021,"{ ""type"": ""Point"", ""coordinates"": [-81.82307, 35.34838] }",TRUE,"Stream, Wetland",,,"Palustrine, Riverine",Terminated,NC,Rutherford [NC],35.34838,-81.82307,Public Commercial,North Carolina Division of Mitigation Services,1652 Mail Service Center,Raleigh,NC,27699-1652,NA,Kelly,Williams,Kelly.williams@deq.nc.gov,1652 Mail Service Center,Raleigh,NC,27699,POC,NA,NA,ILF,no,no,no,North Carolina Division of Mitigation Services,no,govt
4554,NCDMS Edwards Johnson Mitigation Site,12/01/2018,12/01/2018,"{ ""type"": ""Point"", ""coordinates"": [-78.353026, 35.726202] }",TRUE,Stream,,,Riverine,Approved,NC,Johnston [NC],35.726202,-78.353026,Public Commercial,North Carolina Division of Mitigation Services,1652 Mail Service Center,Raleigh,NC,27699-1652,NA,Kelly,Williams,Kelly.williams@deq.nc.gov,1652 Mail Service Center,Raleigh,NC,27699,Sales POC,NA,2018,ILF,no,no,no,North Carolina Division of Mitigation Services,no,govt
4555,NCDMS Lake Wendell Mitigation Site,03/10/2017,03/10/2017,"{ ""type"": ""Point"", ""coordinates"": [-78.355917, 35.73726] }",TRUE,Stream,,,Riverine,Approved,NC,Johnston [NC],35.73726,-78.355917,Public Commercial,North Carolina Division of Mitigation Services,1652 Mail Service Center,Raleigh,NC,27699-1652,NA,Kelly,Williams,Kelly.williams@deq.nc.gov,1652 Mail Service Center,Raleigh,NC,27699,Sales POC,NA,2017,ILF,no,no,no,North Carolina Division of Mitigation Services,no,govt
4556,NCDMS Pen Dell Mitigation Site,27/11/2017,27/11/2017,"{ ""type"": ""Point"", ""coordinates"": [-78.351264, 35.731084] }",TRUE,Stream,,,Riverine,Approved,NC,Johnston [NC],35.731084,-78.351264,Public Commercial,North Carolina Division of Mitigation Services,1652 Mail Service Center,Raleigh,NC,27699-1652,NA,Kelly,Williams,Kelly.williams@deq.nc.gov,1652 Mail Service Center,Raleigh,NC,27699,Sales POC,NA,2017,ILF,no,no,no,North Carolina Division of Mitigation Services,no,govt
4557,NCDMS Buckwater Mitigation Site,11/08/2017,11/08/2017,"{ ""type"": ""Point"", ""coordinates"": [-79.024885, 36.10653] }",TRUE,Stream,,,Riverine,Approved,NC,Orange [NC],36.10653,-79.024885,Public Commercial,North Carolina Division of Mitigation Services,1652 Mail Service Center,Raleigh,NC,27699-1652,NA,Kelly,Williams,Kelly.williams@deq.nc.gov,1652 Mail Service Center,Raleigh,NC,27699,POC,NA,2017,ILF,no,no,no,North Carolina Division of Mitigation Services,no,govt
4558,NCDMS Lochill Farm,19/03/2018,19/03/2018,"{ ""type"": ""Point"", ""coordinates"": [-78.990626, 36.117381] }",TRUE,Stream,,,Riverine,Approved,NC,Orange [NC],36.117381,-78.990626,Public Commercial,North Carolina Division of Mitigation Services,1652 Mail Service Center,Raleigh,NC,27699-1652,NA,Kelly,Williams,Kelly.williams@deq.nc.gov,1652 Mail Service Center,Raleigh,NC,27699,POC,NA,2018,ILF,no,no,no,North Carolina Division of Mitigation Services,no,govt
4575,NCDMS Stony Fork Stream Restoration,22/10/2018,22/10/2018,"{ ""type"": ""Point"", ""coordinates"": [-78.523263, 35.45288] }",TRUE,Stream,,,Riverine,Approved,NC,Johnston [NC],35.45288,-78.523263,Public Commercial,North Carolina Division of Mitigation Services,1652 Mail Service Center,Raleigh,NC,27699-1652,NA,Kelly,Williams,Kelly.williams@deq.nc.gov,1652 Mail Service Center,Raleigh,NC,27699,POC,NA,2018,ILF,no,no,no,North Carolina Division of Mitigation Services,no,govt
4633,NCDMS Thomas Creek,27/08/2013,27/08/2013,"{ ""type"": ""Point"", ""coordinates"": [-78.9538, 35.6638] }",TRUE,Stream,,,Riverine,Approved,NC,Wake [NC],35.6638,-78.9538,Public Commercial,North Carolina Division of Mitigation Services,1652 Mail Service Center,Raleigh,NC,27699-1652,NA,Kelly,Williams,Kelly.williams@deq.nc.gov,1652 Mail Service Center,Raleigh,NC,27699,POC,NA,2013,ILF,no,no,no,North Carolina Division of Mitigation Services,no,govt
4743,NCDMS Major Hill Stream and Wetland,15/05/2018,15/05/2018,"{ ""type"": ""Point"", ""coordinates"": [-79.360906, 35.873206] }",TRUE,"Stream, Wetland",,,"Palustrine, Riverine",Approved,NC,Alamance [NC],35.873206,-79.360906,Public Commercial,North Carolina Division of Mitigation Services,1652 Mail Service Center,Raleigh,NC,27699-1652,NA,Kelly,Williams,Kelly.williams@deq.nc.gov,1652 Mail Service Center,Raleigh,NC,27699,Sponsor,NA,2018,ILF,no,no,no,North Carolina Division of Mitigation Services,no,govt
4744,NCDMS Heron Stream and Wetland,10/10/2018,10/10/2018,"{ ""type"": ""Point"", ""coordinates"": [-79.363458, 35.853955] }",TRUE,"Stream, Wetland",,,"Palustrine, Riverine",Approved,NC,Alamance [NC],35.853955,-79.363458,Public Commercial,North Carolina Division of Mitigation Services,1652 Mail Service Center,Raleigh,NC,27699-1652,NA,Kelly,Williams,Kelly.williams@deq.nc.gov,1652 Mail Service Center,Raleigh,NC,27699,Sponsor,NA,2018,ILF,no,no,no,North Carolina Division of Mitigation Services,no,govt
4747,NCDMS Whittier Creek Site,14/05/2020,14/05/2020,"{ ""type"": ""Point"", ""coordinates"": [-80.600176, 36.37814] }",TRUE,Stream,,,Riverine,Approved,NC,Surry [NC],36.37814,-80.600176,Public Commercial,North Carolina Division of Mitigation Services,1652 Mail Service Center,Raleigh,NC,27699-1652,NA,Kelly,Williams,Kelly.williams@deq.nc.gov,1652 Mail Service Center,Raleigh,NC,27699,Sponsor,NA,2020,ILF,no,no,no,North Carolina Division of Mitigation Services,no,govt
4748,NCDMS Key Mill Site,11/02/2019,11/02/2019,"{ ""type"": ""Point"", ""coordinates"": [-80.603406, 36.396] }",TRUE,Stream,,,Riverine,Approved,NC,Surry [NC],36.396,-80.603406,Public Commercial,North Carolina Division of Mitigation Services,1652 Mail Service Center,Raleigh,NC,27699-1652,NA,Kelly,Williams,Kelly.williams@deq.nc.gov,1652 Mail Service Center,Raleigh,NC,27699,Sponsor,NA,2019,ILF,no,no,no,North Carolina Division of Mitigation Services,no,govt
4753,NCDMS Sandy Bridge Farm,22/02/2019,22/02/2019,"{ ""type"": ""Point"", ""coordinates"": [-81.936702, 35.411495] }",TRUE,"Stream, Wetland",,,"Palustrine, Riverine",Approved,NC,Rutherford [NC],35.411495,-81.936702,Public Commercial,North Carolina Division of Mitigation Services,1652 Mail Service Center,Raleigh,NC,27699-1652,NA,Kelly,Williams,Kelly.williams@deq.nc.gov,1652 Mail Service Center,Raleigh,NC,27699,Sales POC,NA,2019,ILF,no,no,no,North Carolina Division of Mitigation Services,no,govt
4756,NCDMS Vile Creek,28/04/2017,28/04/2017,"{ ""type"": ""Point"", ""coordinates"": [-81.102008, 36.508185] }",TRUE,"Stream, Wetland",,,"Palustrine, Riverine",Approved,NC,Alleghany [NC],36.508185,-81.102008,Public Commercial,North Carolina Division of Mitigation Services,1652 Mail Service Center,Raleigh,NC,27699-1652,NA,Kelly,Williams,Kelly.williams@deq.nc.gov,1652 Mail Service Center,Raleigh,NC,27699,Sales POC,NA,2017,ILF,no,no,no,North Carolina Division of Mitigation Services,no,govt
4758,NCDMS Screech Owl,NA,29/11/2021,"{ ""type"": ""Point"", ""coordinates"": [-79.46375, 35.885386] }",TRUE,"Stream, Wetland",,,"Palustrine, Riverine",Withdrawn,NC,Alamance [NC],35.885386,-79.46375,Public Commercial,North Carolina Division of Mitigation Services,1652 Mail Service Center,Raleigh,NC,27699-1652,NA,Kelly,Williams,Kelly.williams@deq.nc.gov,1652 Mail Service Center,Raleigh,NC,27699,Sponsor,NA,NA,ILF,no,no,no,North Carolina Division of Mitigation Services,no,govt
4762,NCDMS Stewarts Creek Tributaries,18/07/2019,18/07/2019,"{ ""type"": ""Point"", ""coordinates"": [-80.698388, 36.51265] }",TRUE,Stream,,,Riverine,Approved,NC,Surry [NC],36.51265,-80.698388,Public Commercial,North Carolina Division of Mitigation Services,1652 Mail Service Center,Raleigh,NC,27699-1652,NA,Kelly,Williams,Kelly.williams@deq.nc.gov,1652 Mail Service Center,Raleigh,NC,27699,Sponsor,NA,2019,ILF,no,no,no,North Carolina Division of Mitigation Services,no,govt
4773,NCDMS Meadow Brook,29/10/2018,29/10/2018,"{ ""type"": ""Point"", ""coordinates"": [-80.818889, 36.141389] }",TRUE,Stream,,,Riverine,Approved,NC,Yadkin [NC],36.141389,-80.818889,Public Commercial,North Carolina Division of Mitigation Services,1652 Mail Service Center,Raleigh,NC,27699-1652,NA,Kelly,Williams,Kelly.williams@deq.nc.gov,1652 Mail Service Center,Raleigh,NC,27699,Sponsor,NA,2018,ILF,no,no,no,North Carolina Division of Mitigation Services,no,govt
4776,NCDMS Warren Wilson College Stream,13/05/2019,13/05/2019,"{ ""type"": ""Point"", ""coordinates"": [-82.44354, 35.609817] }",TRUE,Stream,,,Riverine,Approved,NC,Buncombe [NC],35.609817,-82.44354,Public Commercial,North Carolina Division of Mitigation Services,1652 Mail Service Center,Raleigh,NC,27699-1652,NA,Kelly,Williams,Kelly.williams@deq.nc.gov,1652 Mail Service Center,Raleigh,NC,27699,POC,NA,2019,ILF,no,no,no,North Carolina Division of Mitigation Services,no,govt
4777,NCDMS Seniard Creek,22/07/2020,22/07/2020,"{ ""type"": ""Point"", ""coordinates"": [-82.627334, 35.409486] }",TRUE,Stream,,,Riverine,Approved,NC,Henderson [NC],35.409486,-82.627334,Public Commercial,North Carolina Division of Mitigation Services,1652 Mail Service Center,Raleigh,NC,27699-1652,NA,Kelly,Williams,Kelly.williams@deq.nc.gov,1652 Mail Service Center,Raleigh,NC,27699,POC,NA,2020,ILF,no,no,no,North Carolina Division of Mitigation Services,no,govt
4788,NCDMS Shake Rag,11/06/2019,11/06/2019,"{ ""type"": ""Point"", ""coordinates"": [-82.495278, 35.875694] }",TRUE,Stream,,,Riverine,Approved,NC,Madison [NC],35.875694,-82.495278,Public Commercial,North Carolina Division of Mitigation Services,1652 Mail Service Center,Raleigh,NC,27699-1652,NA,Kelly,Williams,Kelly.williams@deq.nc.gov,1652 Mail Service Center,Raleigh,NC,27699,POC,NA,2019,ILF,no,no,no,North Carolina Division of Mitigation Services,no,govt
4792,NCDMS Catbird Site,26/07/2019,26/07/2019,"{ ""type"": ""Point"", ""coordinates"": [-80.500865, 36.030644] }",TRUE,Stream,,,Riverine,Approved,NC,Davie [NC],36.030644,-80.500865,Public Commercial,North Carolina Division of Mitigation Services,1652 Mail Service Center,Raleigh,NC,27699-1652,NA,Kelly,Williams,Kelly.williams@deq.nc.gov,1652 Mail Service Center,Raleigh,NC,27699,Sponsor,NA,2019,ILF,no,no,no,North Carolina Division of Mitigation Services,no,govt
4793,NCDMS Horne Creek Tributaries,15/01/2020,15/01/2020,"{ ""type"": ""Point"", ""coordinates"": [-80.503219, 36.284938] }",TRUE,Stream,,,Riverine,Approved,NC,Surry [NC],36.284938,-80.503219,Public Commercial,North Carolina Division of Mitigation Services,1652 Mail Service Center,Raleigh,NC,27699-1652,NA,Kelly,Williams,Kelly.williams@deq.nc.gov,1652 Mail Service Center,Raleigh,NC,27699,Sponsor,NA,2020,ILF,no,no,no,North Carolina Division of Mitigation Services,no,govt
4794,NCDMS Mockingbird,26/07/2019,26/07/2019,"{ ""type"": ""Point"", ""coordinates"": [-80.50302, 36.029909] }",TRUE,Stream,,,Riverine,Approved,NC,Davie [NC],36.029909,-80.50302,Public Commercial,North Carolina Division of Mitigation Services,1652 Mail Service Center,Raleigh,NC,27699-1652,NA,Kelly,Williams,Kelly.williams@deq.nc.gov,1652 Mail Service Center,Raleigh,NC,27699,Sponsor,NA,2019,ILF,no,no,no,North Carolina Division of Mitigation Services,no,govt
4795,NCDMS Little Sebastian,16/04/2020,16/04/2020,"{ ""type"": ""Point"", ""coordinates"": [-80.861755, 36.395995] }",TRUE,Stream,,,Riverine,Approved,NC,Surry [NC],36.395995,-80.861755,Public Commercial,North Carolina Division of Mitigation Services,1652 Mail Service Center,Raleigh,NC,27699-1652,NA,Kelly,Williams,Kelly.williams@deq.nc.gov,1652 Mail Service Center,Raleigh,NC,27699,Sponsor,NA,2020,ILF,no,no,no,North Carolina Division of Mitigation Services,no,govt
4901,NCDMS  Alexander Farm,26/11/2019,26/11/2019,"{ ""type"": ""Point"", ""coordinates"": [-81.120683, 35.811767] }",TRUE,Stream,,,Riverine,Approved,NC,Alexander [NC],35.811767,-81.120683,Public Commercial,North Carolina Division of Mitigation Services,1652 Mail Service Center,Raleigh,NC,27699-1652,NA,Shawn,Wilkerson,swilkerson@wildlandsinc.com,Wildlands,NA,GA,NA,Consultant,NA,2019,ILF,no,no,no,North Carolina Division of Mitigation Services,no,govt
5035,NCDMS Bear Swamp Stream and Wetland,28/04/2020,28/04/2020,"{ ""type"": ""Point"", ""coordinates"": [-79.155474, 34.679825] }",TRUE,"Stream, Wetland",,,Riverine,Approved,NC,Robeson [NC],34.679825,-79.155474,Public Commercial,North Carolina Division of Mitigation Services,1652 Mail Service Center,Raleigh,NC,27699-1652,NA,Kelly,Williams,Kelly.williams@deq.nc.gov,1652 Mail Service Center,Raleigh,NC,27699,Sales POC,NA,2020,ILF,no,no,no,North Carolina Division of Mitigation Services,no,govt
5042,NCDMS Arabia Bay,02/07/2019,02/07/2019,"{ ""type"": ""Point"", ""coordinates"": [-79.1379, 34.957] }",TRUE,Wetland,,,Palustrine,Approved,NC,Hoke [NC],34.957,-79.1379,Public Commercial,North Carolina Division of Mitigation Services,1652 Mail Service Center,Raleigh,NC,27699-1652,NA,Kelly,Williams,Kelly.williams@deq.nc.gov,1652 Mail Service Center,Raleigh,NC,27699,POC,NA,2019,ILF,no,no,no,North Carolina Division of Mitigation Services,no,govt
5101,NCDMS Wyant Lands,27/07/2020,27/07/2020,"{ ""type"": ""Point"", ""coordinates"": [-81.319206, 35.529831] }",TRUE,"Stream, Wetland",,,Riverine,Approved,NC,Lincoln [NC],35.529831,-81.319206,Public Commercial,North Carolina Division of Mitigation Services,1652 Mail Service Center,Raleigh,NC,27699-1652,NA,Kelly,Williams,Kelly.williams@deq.nc.gov,1652 Mail Service Center,Raleigh,NC,27699,POC,NA,2020,ILF,no,no,no,North Carolina Division of Mitigation Services,no,govt
5106,NCDMS Apple Valley,17/04/2020,17/04/2020,"{ ""type"": ""Point"", ""coordinates"": [-82.633506, 35.41749] }",TRUE,"Stream, Wetland",,,Riverine,Approved,NC,Henderson [NC],35.41749,-82.633506,Public Commercial,North Carolina Division of Mitigation Services,1652 Mail Service Center,Raleigh,NC,27699-1652,NA,Kelly,Williams,Kelly.williams@deq.nc.gov,1652 Mail Service Center,Raleigh,NC,27699,POC,NA,2020,ILF,no,no,no,North Carolina Division of Mitigation Services,no,govt
5110,NCDMS Banner Farm,23/07/2020,23/07/2020,"{ ""type"": ""Point"", ""coordinates"": [-82.553683, 35.351936] }",TRUE,"Stream, Wetland",,,Riverine,Approved,NC,Henderson [NC],35.351936,-82.553683,Public Commercial,North Carolina Division of Mitigation Services,1652 Mail Service Center,Raleigh,NC,27699-1652,NA,NA,NA,NA,NA,NA,NA,NA,NA,NA,2020,ILF,no,no,no,North Carolina Division of Mitigation Services,no,govt
5111,NCDMS Hardin Farm,NA,30/08/2018,"{ ""type"": ""Point"", ""coordinates"": [-79.918613, 36.228554] }",TRUE,Stream,,,Riverine,Withdrawn,NC,Guilford [NC],36.228554,-79.918613,Public Commercial,North Carolina Division of Mitigation Services,1652 Mail Service Center,Raleigh,NC,27699-1652,NA,Kelly,Williams,Kelly.williams@deq.nc.gov,1652 Mail Service Center,Raleigh,NC,27699,POC,NA,NA,ILF,no,no,no,North Carolina Division of Mitigation Services,no,govt
5112,NCDMS Phantom Mill Stream and Wetland,01/04/2020,01/04/2020,"{ ""type"": ""Point"", ""coordinates"": [-79.4757, 35.8924] }",TRUE,"Stream, Wetland",,,Riverine,Approved,NC,Alamance [NC],35.8924,-79.4757,Public Commercial,North Carolina Division of Mitigation Services,1652 Mail Service Center,Raleigh,NC,27699-1652,NA,Kelly,Williams,Kelly.williams@deq.nc.gov,1652 Mail Service Center,Raleigh,NC,27699,Sales POC,NA,2020,ILF,no,no,no,North Carolina Division of Mitigation Services,no,govt
5114,NCDMS Hip Bone Creek,06/05/2020,06/05/2020,"{ ""type"": ""Point"", ""coordinates"": [-79.4018, 35.6804] }",TRUE,"Stream, Wetland",,,Riverine,Approved,NC,Chatham [NC],35.6804,-79.4018,Public Commercial,North Carolina Division of Mitigation Services,1652 Mail Service Center,Raleigh,NC,27699-1652,NA,Kelly,Williams,Kelly.williams@deq.nc.gov,1652 Mail Service Center,Raleigh,NC,27699,POC,NA,2020,ILF,no,no,no,North Carolina Division of Mitigation Services,no,govt
5129,NCDMS Shaw's Run,09/03/2020,09/03/2020,"{ ""type"": ""Point"", ""coordinates"": [-78.8666, 34.3193] }",TRUE,"Stream, Wetland",,,Riverine,Approved,NC,Columbus [NC],34.3193,-78.8666,Public Commercial,North Carolina Division of Mitigation Services,1652 Mail Service Center,Raleigh,NC,27699-1652,NA,Kelly,Williams,Kelly.williams@deq.nc.gov,1652 Mail Service Center,Raleigh,NC,27699,Sales POC,NA,2020,ILF,no,no,no,North Carolina Division of Mitigation Services,no,govt
5171,NCDMS Monkey Wall,27/05/2020,27/05/2020,"{ ""type"": ""Point"", ""coordinates"": [-82.209589, 36.054906] }",TRUE,Stream,,,Riverine,Approved,NC,Mitchell [NC],36.054906,-82.209589,Public Commercial,North Carolina Division of Mitigation Services,1652 Mail Service Center,Raleigh,NC,27699-1652,NA,Kelly,Williams,Kelly.williams@deq.nc.gov,1652 Mail Service Center,Raleigh,NC,27699,POC,NA,2020,ILF,no,no,no,North Carolina Division of Mitigation Services,no,govt
5172,NCDMS Lyon Hills,27/07/2020,27/07/2020,"{ ""type"": ""Point"", ""coordinates"": [-81.01125, 36.32577777777778] }",TRUE,Stream,,,Riverine,Approved,NC,Wilkes [NC],36.32577778,-81.01125,Public Commercial,North Carolina Division of Mitigation Services,1652 Mail Service Center,Raleigh,NC,27699-1652,NA,Kelly,Williams,Kelly.williams@deq.nc.gov,1652 Mail Service Center,Raleigh,NC,27699,POC,NA,2020,ILF,no,no,no,North Carolina Division of Mitigation Services,no,govt
5178,NCDMS Sandy Branch,NA,29/12/2021,"{ ""type"": ""Point"", ""coordinates"": [-79.38722, 35.643888] }",TRUE,"Stream, Wetland",,,Riverine,Approved,NC,Chatham [NC],35.643888,-79.38722,Public Commercial,North Carolina Division of Mitigation Services,1652 Mail Service Center,Raleigh,NC,27699-1652,NA,Kelly,Williams,Kelly.williams@deq.nc.gov,1652 Mail Service Center,Raleigh,NC,27699,POC,NA,NA,ILF,no,no,no,North Carolina Division of Mitigation Services,no,govt
5183,NCDMS Honey Mill,03/11/2020,03/11/2020,"{ ""type"": ""Point"", ""coordinates"": [-80.613689, 36.426278] }",TRUE,Stream,,,Riverine,Approved,NC,Surry [NC],36.426278,-80.613689,Public Commercial,North Carolina Division of Mitigation Services,1652 Mail Service Center,Raleigh,NC,27699-1652,NA,Kelly,Williams,Kelly.williams@deq.nc.gov,1652 Mail Service Center,Raleigh,NC,27699,POC,NA,2020,ILF,no,no,no,North Carolina Division of Mitigation Services,no,govt
5192,NCDMS Slingshot Stream and Wetland,08/01/2020,08/01/2020,"{ ""type"": ""Point"", ""coordinates"": [-79.711665, 36.334687] }",TRUE,"Stream, Wetland",,,"Palustrine, Riverine",Approved,NC,Rockingham [NC],36.334687,-79.711665,Public Commercial,North Carolina Division of Mitigation Services,1652 Mail Service Center,Raleigh,NC,27699-1652,NA,Kelly,Williams,Kelly.williams@deq.nc.gov,1652 Mail Service Center,Raleigh,NC,27699,POC,NA,2020,ILF,no,no,no,North Carolina Division of Mitigation Services,no,govt
5194,NCDMS UT to Rush Fork,06/09/2022,17/06/2021,"{ ""type"": ""Point"", ""coordinates"": [-82.940796, 35.643769] }",TRUE,Stream,,,Riverine,Approved,NC,Haywood [NC],35.643769,-82.940796,Public Commercial,North Carolina Division of Mitigation Services,1652 Mail Service Center,Raleigh,NC,27699-1652,NA,Kelly,Williams,Kelly.williams@deq.nc.gov,1652 Mail Service Center,Raleigh,NC,27699,Sponsor,NA,2022,ILF,no,no,no,North Carolina Division of Mitigation Services,no,govt
5260,NCDMS Round Hill Branch Restoration Site,05/01/2021,05/01/2021,"{ ""type"": ""Point"", ""coordinates"": [-82.7369, 35.6305] }",TRUE,Stream,,,Riverine,Approved,NC,Buncombe [NC],35.6305,-82.7369,Public Commercial,North Carolina Division of Mitigation Services,1652 Mail Service Center,Raleigh,NC,27699-1652,NA,Kelly,Williams,Kelly.williams@deq.nc.gov,1652 Mail Service Center,Raleigh,NC,27699,Sponsor,NA,2021,ILF,no,no,no,North Carolina Division of Mitigation Services,no,govt
5268,NCDMS Bug Headwaters,30/10/2020,30/10/2020,"{ ""type"": ""Point"", ""coordinates"": [-80.9859, 36.31959] }",TRUE,Stream,,,Riverine,Approved,NC,Wilkes [NC],36.31959,-80.9859,Public Commercial,North Carolina Division of Mitigation Services,1652 Mail Service Center,Raleigh,NC,27699-1652,NA,Kelly,Williams,Kelly.williams@deq.nc.gov,1652 Mail Service Center,Raleigh,NC,27699,POC,NA,2020,ILF,no,no,no,North Carolina Division of Mitigation Services,no,govt
5269,NCDMS Double H Farms,22/07/2020,22/07/2020,"{ ""type"": ""Point"", ""coordinates"": [-80.99146, 36.531766] }",TRUE,"Stream, Wetland",,,Riverine,Approved,NC,Alleghany [NC],36.531766,-80.99146,Public Commercial,North Carolina Division of Mitigation Services,1652 Mail Service Center,Raleigh,NC,27699-1652,NA,Kelly,Williams,Kelly.williams@deq.nc.gov,1652 Mail Service Center,Raleigh,NC,27699,POC,NA,2020,ILF,no,no,no,North Carolina Division of Mitigation Services,no,govt
5270,NCDMS Hornpipe Branch Tributaries,01/02/2012,27/07/2020,"{ ""type"": ""Point"", ""coordinates"": [-77.655106, 35.133519] }",TRUE,Stream,,,Riverine,Approved,NC,Lenoir [NC],35.133519,-77.655106,Public Commercial,North Carolina Division of Mitigation Services,1652 Mail Service Center,Raleigh,NC,27699-1652,NA,Kelly,Williams,Kelly.williams@deq.nc.gov,1652 Mail Service Center,Raleigh,NC,27699,Sales POC,NA,2012,ILF,no,no,no,North Carolina Division of Mitigation Services,no,govt
5271,NCDMS Sliver Moon II,01/02/2012,02/03/2021,"{ ""type"": ""Point"", ""coordinates"": [-77.3654, 35.2036] }",TRUE,Wetland,,,Palustrine,Approved,NC,Craven [NC],35.2036,-77.3654,Public Commercial,North Carolina Division of Mitigation Services,1652 Mail Service Center,Raleigh,NC,27699-1652,NA,Kelly,Williams,Kelly.williams@deq.nc.gov,1652 Mail Service Center,Raleigh,NC,27699,Sales POC,NA,2012,ILF,no,no,no,North Carolina Division of Mitigation Services,no,govt
5273,NCDMS Greenbrier Stream Restoration Site,06/02/2020,06/02/2020,"{ ""type"": ""Point"", ""coordinates"": [-80.828755, 36.149289] }",TRUE,Stream,,,Riverine,Approved,NC,Yadkin [NC],36.149289,-80.828755,Public Commercial,North Carolina Division of Mitigation Services,1652 Mail Service Center,Raleigh,NC,27699-1652,NA,Kelly,Williams,Kelly.williams@deq.nc.gov,1652 Mail Service Center,Raleigh,NC,27699,POC,NA,2020,ILF,no,no,no,North Carolina Division of Mitigation Services,no,govt
5278,NCDMS UT to Magness Creek,20/06/2023,05/10/2021,"{ ""type"": ""Point"", ""coordinates"": [-81.5293, 35.4065] }",TRUE,"Stream, Wetland",,,Riverine,Approved,NC,Cleveland [NC],35.4065,-81.5293,Public Commercial,North Carolina Division of Mitigation Services,1652 Mail Service Center,Raleigh,NC,27699-1652,NA,Kelly,Williams,Kelly.williams@deq.nc.gov,1652 Mail Service Center,Raleigh,NC,27699,Sales POC,NA,2023,ILF,no,no,no,North Carolina Division of Mitigation Services,no,govt
5282,NCDMS Banner Branch,24/07/2020,24/07/2020,"{ ""type"": ""Point"", ""coordinates"": [-80.20647, 36.52748] }",TRUE,"Stream, Wetland",,,Riverine,Approved,NC,Stokes [NC],36.52748,-80.20647,Public Commercial,North Carolina Division of Mitigation Services,1652 Mail Service Center,Raleigh,NC,27699-1652,NA,Kelly,Williams,Kelly.williams@deq.nc.gov,1652 Mail Service Center,Raleigh,NC,27699,Sales POC,NA,2020,ILF,no,no,no,North Carolina Division of Mitigation Services,no,govt
5287,NCDMS Owen Farms,30/03/2020,30/03/2020,"{ ""type"": ""Point"", ""coordinates"": [-82.938382, 35.18397] }",TRUE,"Stream, Wetland",,,Riverine,Approved,NC,Transylvania [NC],35.18397,-82.938382,Public Commercial,North Carolina Division of Mitigation Services,1652 Mail Service Center,Raleigh,NC,27699-1652,NA,Kelly,Williams,Kelly.williams@deq.nc.gov,1652 Mail Service Center,Raleigh,NC,27699,POC,NA,2020,ILF,no,no,no,North Carolina Division of Mitigation Services,no,govt
5330,NCDMS Cowford,22/04/2021,22/04/2021,"{ ""type"": ""Point"", ""coordinates"": [-77.59429, 34.922805] }",TRUE,"Stream, Wetland",,,Riverine,Approved,NC,Onslow [NC],34.922805,-77.59429,Public Commercial,North Carolina Division of Mitigation Services,1652 Mail Service Center,Raleigh,NC,27699-1652,NA,Kelly,Williams,Kelly.williams@deq.nc.gov,1652 Mail Service Center,Raleigh,NC,27699,POC,NA,2021,ILF,no,no,no,North Carolina Division of Mitigation Services,no,govt
5331,NCDMS Strawberry Hill,NA,09/07/2021,"{ ""type"": ""Point"", ""coordinates"": [-78.317065, 35.466233] }",TRUE,Stream,,,Riverine,Approved,NC,Johnston [NC],35.466233,-78.317065,Public Commercial,North Carolina Division of Mitigation Services,1652 Mail Service Center,Raleigh,NC,27699-1652,NA,Kelly,Williams,Kelly.williams@deq.nc.gov,1652 Mail Service Center,Raleigh,NC,27699,Sponsor,NA,NA,ILF,no,no,no,North Carolina Division of Mitigation Services,no,govt
5332,NCDMS Brahma,27/07/2020,27/07/2020,"{ ""type"": ""Point"", ""coordinates"": [-79.408585, 35.856773] }",TRUE,"Stream, Wetland",,,Riverine,Approved,NC,Alamance [NC],35.856773,-79.408585,Public Commercial,North Carolina Division of Mitigation Services,1652 Mail Service Center,Raleigh,NC,27699-1652,NA,Kelly,Williams,Kelly.williams@deq.nc.gov,1652 Mail Service Center,Raleigh,NC,27699,POC,NA,2020,ILF,no,no,no,North Carolina Division of Mitigation Services,no,govt
5333,NCDMS Perry Hill,27/07/2020,27/07/2020,"{ ""type"": ""Point"", ""coordinates"": [-79.12943, 36.10517] }",TRUE,Stream,,,Riverine,Approved,NC,Orange [NC],36.10517,-79.12943,Public Commercial,North Carolina Division of Mitigation Services,1652 Mail Service Center,Raleigh,NC,27699-1652,NA,Kelly,Williams,Kelly.williams@deq.nc.gov,1652 Mail Service Center,Raleigh,NC,27699,POC,NA,2020,ILF,no,no,no,North Carolina Division of Mitigation Services,no,govt
5395,NCDMS Nesbit,NA,12/07/2021,"{ ""type"": ""Point"", ""coordinates"": [-80.657722, 34.890237] }",TRUE,"Stream, Wetland",,,Riverine,Approved,NC,Union [NC],34.890237,-80.657722,Public Commercial,North Carolina Division of Mitigation Services,1652 Mail Service Center,Raleigh,NC,27699-1652,NA,Kelly,Williams,Kelly.williams@deq.nc.gov,1652 Mail Service Center,Raleigh,NC,27699,POC,NA,NA,ILF,no,no,no,North Carolina Division of Mitigation Services,no,govt
5396,NCDMS Carpenter Bottom,09/12/2020,09/12/2020,"{ ""type"": ""Point"", ""coordinates"": [-81.259878, 35.409572] }",TRUE,"Stream, Wetland",,,Riverine,Approved,NC,Gaston [NC],35.409572,-81.259878,Public Commercial,North Carolina Division of Mitigation Services,1652 Mail Service Center,Raleigh,NC,27699-1652,NA,Kelly,Williams,Kelly.williams@deq.nc.gov,1652 Mail Service Center,Raleigh,NC,27699,POC,NA,2020,ILF,no,no,no,North Carolina Division of Mitigation Services,no,govt
5401,NCDMS Oak Hill Dairy,NA,26/05/2021,"{ ""type"": ""Point"", ""coordinates"": [-81.3509, 35.406798] }",TRUE,"Stream, Wetland",,,Riverine,Approved,NC,Gaston [NC],35.406798,-81.3509,Public Commercial,North Carolina Division of Mitigation Services,1652 Mail Service Center,Raleigh,NC,27699-1652,NA,Kelly,Williams,Kelly.williams@deq.nc.gov,1652 Mail Service Center,Raleigh,NC,27699,Sales POC,NA,NA,ILF,no,no,no,North Carolina Division of Mitigation Services,no,govt
5402,NCDMS Morgan Branch,NA,20/05/2024,"{ ""type"": ""Point"", ""coordinates"": [-82.746952, 35.61106] }",TRUE,Stream,,,Riverine,Approved,NC,Buncombe [NC],35.61106,-82.746952,Public Commercial,North Carolina Division of Mitigation Services,1652 Mail Service Center,Raleigh,NC,27699-1652,NA,Kelly,Williams,Kelly.williams@deq.nc.gov,1652 Mail Service Center,Raleigh,NC,27699,Sales POC,NA,NA,ILF,no,no,no,North Carolina Division of Mitigation Services,no,govt
5403,NCDMS Dales Creek,06/01/2021,06/01/2021,"{ ""type"": ""Point"", ""coordinates"": [-82.742577, 35.597005] }",TRUE,Stream,,,Riverine,Approved,NC,Buncombe [NC],35.597005,-82.742577,Public Commercial,North Carolina Division of Mitigation Services,1652 Mail Service Center,Raleigh,NC,27699-1652,NA,Kelly,Williams,Kelly.williams@deq.nc.gov,1652 Mail Service Center,Raleigh,NC,27699,POC,NA,2021,ILF,no,no,no,North Carolina Division of Mitigation Services,no,govt
5404,NCDMS Huntsman,NA,27/08/2021,"{ ""type"": ""Point"", ""coordinates"": [-80.932166, 36.140658] }",TRUE,Stream,,,Riverine,Approved,NC,Wilkes [NC],36.140658,-80.932166,Public Commercial,North Carolina Division of Mitigation Services,1652 Mail Service Center,Raleigh,NC,27699-1652,NA,Kelly,Williams,Kelly.williams@deq.nc.gov,1652 Mail Service Center,Raleigh,NC,27699,POC,NA,NA,ILF,no,no,no,North Carolina Division of Mitigation Services,no,govt
5405,NCDMS Swamp Grape,NA,23/03/2021,"{ ""type"": ""Point"", ""coordinates"": [-79.349819, 34.557018] }",TRUE,"Stream, Wetland",,,Riverine,Approved,NC,Robeson [NC],34.557018,-79.349819,Public Commercial,North Carolina Division of Mitigation Services,1652 Mail Service Center,Raleigh,NC,27699-1652,NA,Kelly,Williams,Kelly.williams@deq.nc.gov,1652 Mail Service Center,Raleigh,NC,27699,POC,NA,NA,ILF,no,no,no,North Carolina Division of Mitigation Services,no,govt
5406,NCDMS Longbranch,NA,19/10/2019,"{ ""type"": ""Point"", ""coordinates"": [-77.745202, 36.101622] }",TRUE,,,,,Pending,NC,Nash [NC],36.101622,-77.745202,Public Commercial,North Carolina Division of Mitigation Services,1652 Mail Service Center,Raleigh,NC,27699-1652,NA,Kelly,Williams,Kelly.williams@deq.nc.gov,1652 Mail Service Center,Raleigh,NC,27699,POC,NA,NA,ILF,no,no,no,North Carolina Division of Mitigation Services,no,govt
5407,NCDMS Morton Farms,NA,29/07/2019,"{ ""type"": ""Point"", ""coordinates"": [-78.712849, 36.360833] }",TRUE,,,,,Withdrawn,NC,Granville [NC],36.360833,-78.712849,Public Commercial,North Carolina Division of Mitigation Services,1652 Mail Service Center,Raleigh,NC,27699-1652,NA,Kelly,Williams,Kelly.williams@deq.nc.gov,1652 Mail Service Center,Raleigh,NC,27699,POC,NA,NA,ILF,no,no,no,North Carolina Division of Mitigation Services,no,govt
5408,NCDMS Dynamite Creek,NA,17/03/2021,"{ ""type"": ""Point"", ""coordinates"": [-79.711394, 36.484931] }",TRUE,"Stream, Wetland",,,Riverine,Approved,NC,Rockingham [NC],36.484931,-79.711394,Public Commercial,North Carolina Division of Mitigation Services,1652 Mail Service Center,Raleigh,NC,27699-1652,NA,Kelly,Williams,Kelly.williams@deq.nc.gov,1652 Mail Service Center,Raleigh,NC,27699,POC,NA,NA,ILF,no,no,no,North Carolina Division of Mitigation Services,no,govt
5417,NCDMS McClenny Acres,09/04/2020,09/04/2020,"{ ""type"": ""Point"", ""coordinates"": [-78.06419, 35.39636] }",TRUE,"Stream, Wetland",,,Riverine,Approved,NC,Wayne [NC],35.39636,-78.06419,Public Commercial,North Carolina Division of Mitigation Services,1652 Mail Service Center,Raleigh,NC,27699-1652,NA,John,Hutton,jhutton@wildlandseng.com,312 West Millbrook Road,Raleigh,NC,27609,Consultant,Suite 225,2020,ILF,no,no,no,North Carolina Division of Mitigation Services,no,govt
5422,NCDMS Barefoot Site,11/07/2019,11/07/2019,"{ ""type"": ""Point"", ""coordinates"": [-78.39209, 35.253501] }",TRUE,Wetland,,,Palustrine,Approved,NC,Sampson [NC],35.253501,-78.39209,Public Commercial,North Carolina Division of Mitigation Services,1652 Mail Service Center,Raleigh,NC,27699-1652,NA,Kelly,Williams,Kelly.williams@deq.nc.gov,1652 Mail Service Center,Raleigh,NC,27699,POC,NA,2019,ILF,no,no,no,North Carolina Division of Mitigation Services,no,govt
5440,NCDMS Sassarixa Swamp,27/07/2020,27/07/2020,"{ ""type"": ""Point"", ""coordinates"": [-78.437318, 35.473294] }",TRUE,Stream,,,Riverine,Approved,NC,Johnston [NC],35.473294,-78.437318,Public Commercial,North Carolina Division of Mitigation Services,1652 Mail Service Center,Raleigh,NC,27699-1652,NA,Kelly,Williams,Kelly.williams@deq.nc.gov,1652 Mail Service Center,Raleigh,NC,27699,POC,NA,2020,ILF,no,no,no,North Carolina Division of Mitigation Services,no,govt
5499,NCDMS Catfish Pond,03/10/2019,03/10/2019,"{ ""type"": ""Point"", ""coordinates"": [-78.910068, 36.162562] }",TRUE,Stream,,,Riverine,Approved,NC,Durham [NC],36.162562,-78.910068,Public Commercial,North Carolina Division of Mitigation Services,1652 Mail Service Center,Raleigh,NC,27699-1652,NA,Kelly,Williams,Kelly.williams@deq.nc.gov,1652 Mail Service Center,Raleigh,NC,27699,POC,NA,2019,ILF,no,no,no,North Carolina Division of Mitigation Services,no,govt
5506,NCDMS Dry Creek,03/10/2019,03/10/2019,"{ ""type"": ""Point"", ""coordinates"": [-78.82655, 36.190677] }",TRUE,Stream,,,Riverine,Approved,NC,Durham [NC],36.190677,-78.82655,Public Commercial,North Carolina Division of Mitigation Services,1652 Mail Service Center,Raleigh,NC,27699-1652,NA,Kelly,Williams,Kelly.williams@deq.nc.gov,1652 Mail Service Center,Raleigh,NC,27699,POC,NA,2019,ILF,no,no,no,North Carolina Division of Mitigation Services,no,govt
5546,NCDMS Norman's Pasture II,12/01/2015,12/01/2015,"{ ""type"": ""Point"", ""coordinates"": [-78.150838, 34.903449] }",TRUE,"Stream, Wetland",,,"Palustrine, Riverine",Approved,NC,Sampson [NC],34.903449,-78.150838,Public Commercial,North Carolina Division of Mitigation Services,1652 Mail Service Center,Raleigh,NC,27699-1652,NA,Kelly,Williams,Kelly.williams@deq.nc.gov,1652 Mail Service Center,Raleigh,NC,27699,POC,NA,2015,ILF,no,no,no,North Carolina Division of Mitigation Services,no,govt
5580,NCDMS Liberty Rock,NA,26/11/2021,"{ ""type"": ""Point"", ""coordinates"": [-79.557691, 35.82231] }",TRUE,"Stream, Wetland",,,Riverine,Approved,NC,Randolph [NC],35.82231,-79.557691,Public Commercial,North Carolina Division of Mitigation Services,1652 Mail Service Center,Raleigh,NC,27699-1652,NA,Kelly,Williams,Kelly.williams@deq.nc.gov,1652 Mail Service Center,Raleigh,NC,27699,POC,NA,NA,ILF,no,no,no,North Carolina Division of Mitigation Services,no,govt
5581,NCDMS Bull Chute,NA,29/07/2021,"{ ""type"": ""Point"", ""coordinates"": [-79.88424, 35.83883] }",TRUE,"Stream, Wetland",,,Riverine,Approved,NC,Randolph [NC],35.83883,-79.88424,Public Commercial,North Carolina Division of Mitigation Services,1652 Mail Service Center,Raleigh,NC,27699-1652,NA,Kelly,Williams,Kelly.williams@deq.nc.gov,1652 Mail Service Center,Raleigh,NC,27699,POC,NA,NA,ILF,no,no,no,North Carolina Division of Mitigation Services,no,govt
5582,NCDMS Yarbro,NA,24/02/2022,"{ ""type"": ""Point"", ""coordinates"": [-81.50445, 35.53377] }",TRUE,"Stream, Wetland",,,"Palustrine, Riverine",Approved,NC,Lincoln [NC],35.53377,-81.50445,Public Commercial,North Carolina Division of Mitigation Services,1652 Mail Service Center,Raleigh,NC,27699-1652,NA,Kelly,Williams,Kelly.williams@deq.nc.gov,1652 Mail Service Center,Raleigh,NC,27699,POC,NA,NA,ILF,no,no,no,North Carolina Division of Mitigation Services,no,govt
5583,NCDMS Cross Creek Ranch,06/09/2022,03/11/2021,"{ ""type"": ""Point"", ""coordinates"": [-80.02008, 35.23404] }",TRUE,"Stream, Wetland",,,Riverine,Approved,NC,Montgomery [NC],35.23404,-80.02008,Public Commercial,North Carolina Division of Mitigation Services,1652 Mail Service Center,Raleigh,NC,27699-1652,NA,Kelly,Williams,Kelly.williams@deq.nc.gov,1652 Mail Service Center,Raleigh,NC,27699,Sponsor,NA,2022,ILF,no,no,no,North Carolina Division of Mitigation Services,no,govt
5584,NCDMS Laurel Valley,NA,14/04/2022,"{ ""type"": ""Point"", ""coordinates"": [-81.648574, 35.701128] }",TRUE,Stream,,,Riverine,Approved,NC,Burke [NC],35.701128,-81.648574,Public Commercial,North Carolina Division of Mitigation Services,1652 Mail Service Center,Raleigh,NC,27699-1652,NA,Kelly,Williams,Kelly.williams@deq.nc.gov,1652 Mail Service Center,Raleigh,NC,27699,Sales POC,NA,NA,ILF,no,no,no,North Carolina Division of Mitigation Services,no,govt
5585,NCDMS Big Branch,NA,08/10/2024,"{ ""type"": ""Point"", ""coordinates"": [-81.097267, 35.834367] }",TRUE,,,,,Approved,NC,Alexander [NC],35.834367,-81.097267,Public Commercial,North Carolina Division of Mitigation Services,1652 Mail Service Center,Raleigh,NC,27699-1652,NA,Kelly,Williams,Kelly.williams@deq.nc.gov,1652 Mail Service Center,Raleigh,NC,27699,Sponsor,NA,NA,ILF,no,no,no,North Carolina Division of Mitigation Services,no,govt
5586,NCDMS Pierce Terrace,01/02/2012,10/08/2022,"{ ""type"": ""Point"", ""coordinates"": [-76.64927, 36.43227] }",TRUE,Wetland,,,Palustrine,Approved,NC,Gates [NC],36.43227,-76.64927,Public Commercial,North Carolina Division of Mitigation Services,1652 Mail Service Center,Raleigh,NC,27699-1652,NA,Kelly,Williams,Kelly.williams@deq.nc.gov,1652 Mail Service Center,Raleigh,NC,27699,Sales POC,NA,2012,ILF,no,no,no,North Carolina Division of Mitigation Services,no,govt
5684,NCDMS Groundhog Hollow,30/10/2018,07/04/2020,"{ ""type"": ""Point"", ""coordinates"": [-81.23825, 35.9383] }",TRUE,Stream,,,Riverine,Approved,NC,Alexander [NC],35.9383,-81.23825,Public Commercial,North Carolina Division of Mitigation Services,1652 Mail Service Center,Raleigh,NC,27699-1652,NA,Kelly,Williams,Kelly.williams@deq.nc.gov,1652 Mail Service Center,Raleigh,NC,27699,POC,NA,2018,ILF,no,no,no,North Carolina Division of Mitigation Services,no,govt
5765,NCDMS Buffalo Creek Tribs,27/07/2020,27/07/2020,"{ ""type"": ""Point"", ""coordinates"": [-78.342849, 35.722751] }",TRUE,"Stream, Wetland",,,Riverine,Approved,NC,Johnston [NC],35.722751,-78.342849,Public Commercial,North Carolina Division of Mitigation Services,1652 Mail Service Center,Raleigh,NC,27699-1652,NA,Kelly,Williams,Kelly.williams@deq.nc.gov,1652 Mail Service Center,Raleigh,NC,27699,Sales POC,NA,2020,ILF,no,no,no,North Carolina Division of Mitigation Services,no,govt
5774,NCDMS Wits End,NA,18/11/2021,"{ ""type"": ""Point"", ""coordinates"": [-80.4782433972859, 35.2405660428538] }",TRUE,"Stream, Wetland",,,Riverine,Approved,NC,"Anson [NC], Cabarrus [NC], Iredell [NC], Mecklenburg [NC], Rowan [NC], Stanly [NC], Union [NC], Chesterfield [SC]",35.24056604,-80.4782434,Public Commercial,North Carolina Division of Mitigation Services,1652 Mail Service Center,Raleigh,NC,27699-1652,NA,Paul ,Wiesner,paul.wiesner@deq.nc.gov,NA,NA,NA,NA,POC,NA,NA,ILF,no,no,no,North Carolina Division of Mitigation Services,no,govt
5779,NCDMS Crane Stream & Wetland Mitigation Site,NA,07/04/2022,"{ ""type"": ""Point"", ""coordinates"": [-79.221674, 35.363338] }",TRUE,"Stream, Wetland",,,Riverine,Approved,NC,Lee [NC],35.363338,-79.221674,Public Commercial,North Carolina Division of Mitigation Services,1652 Mail Service Center,Raleigh,NC,27699-1652,NA,Kelly,Williams,Kelly.williams@deq.nc.gov,1652 Mail Service Center,Raleigh,NC,27699,Sales POC,NA,NA,ILF,no,no,no,North Carolina Division of Mitigation Services,no,govt
5780,NCDMS Cool Springs Mitigation Site,NA,17/02/2022,"{ ""type"": ""Point"", ""coordinates"": [-78.967513, 35.445345] }",TRUE,"Stream, Wetland",,,Riverine,Approved,NC,Harnett [NC],35.445345,-78.967513,Public Commercial,North Carolina Division of Mitigation Services,1652 Mail Service Center,Raleigh,NC,27699-1652,NA,Kelly,Williams,Kelly.williams@deq.nc.gov,1652 Mail Service Center,Raleigh,NC,27699,Sales POC,NA,NA,ILF,no,no,no,North Carolina Division of Mitigation Services,no,govt
5782,NCDMS Cool Run,NA,07/11/2022,"{ ""type"": ""Point"", ""coordinates"": [-78.4804, 33.9637] }",TRUE,"Stream, Wetland",,,Riverine,Approved,NC,Brunswick [NC],33.9637,-78.4804,Public Commercial,North Carolina Division of Mitigation Services,1652 Mail Service Center,Raleigh,NC,27699-1652,NA,Kelly,Williams,Kelly.williams@deq.nc.gov,1652 Mail Service Center,Raleigh,NC,27699,Sales POC,NA,NA,ILF,no,no,no,North Carolina Division of Mitigation Services,no,govt
5820,NCDMS Blair Creek,NA,05/03/2021,"{ ""type"": ""Point"", ""coordinates"": [-83.831862, 35.026069] }",TRUE,"Stream, Wetland",,,Riverine,Approved,NC,Clay [NC],35.026069,-83.831862,Public Commercial,North Carolina Division of Mitigation Services,1652 Mail Service Center,Raleigh,NC,27699-1652,NA,Kelly,Williams,Kelly.williams@deq.nc.gov,1652 Mail Service Center,Raleigh,NC,27699,POC,NA,NA,ILF,no,no,no,North Carolina Division of Mitigation Services,no,govt
5843,NCDMS Bridgefork Dairy,NA,03/01/2023,"{ ""type"": ""Point"", ""coordinates"": [-81.39681, 35.262487] }",TRUE,"Stream, Wetland",,,Riverine,Approved,NC,Cleveland [NC],35.262487,-81.39681,Public Commercial,North Carolina Division of Mitigation Services,1652 Mail Service Center,Raleigh,NC,27699-1652,NA,Kelly,Williams,Kelly.williams@deq.nc.gov,1652 Mail Service Center,Raleigh,NC,27699,Sponsor,NA,NA,ILF,no,no,no,North Carolina Division of Mitigation Services,no,govt
5844,NCDMS Tiger Falls,NA,09/04/2025,"{ ""type"": ""Point"", ""coordinates"": [-81.5183, 35.48943] }",TRUE,,,,,Approved,NC,Cleveland [NC],35.48943,-81.5183,Public Commercial,North Carolina Division of Mitigation Services,1652 Mail Service Center,Raleigh,NC,27699-1652,NA,Kelly,Williams,Kelly.williams@deq.nc.gov,1652 Mail Service Center,Raleigh,NC,27699,POC,NA,NA,ILF,no,no,no,North Carolina Division of Mitigation Services,no,govt
5845,NCDMS Six Runs,NA,08/09/2022,"{ ""type"": ""Point"", ""coordinates"": [-78.23085, 35.09707] }",TRUE,"Stream, Wetland",,,Riverine,Approved,NC,Sampson [NC],35.09707,-78.23085,Public Commercial,North Carolina Division of Mitigation Services,1652 Mail Service Center,Raleigh,NC,27699-1652,NA,Kelly,Williams,Kelly.williams@deq.nc.gov,1652 Mail Service Center,Raleigh,NC,27699,Sponsor,NA,NA,ILF,no,no,no,North Carolina Division of Mitigation Services,no,govt
5852,NCDMS Odells House,13/11/2020,13/11/2020,"{ ""type"": ""Point"", ""coordinates"": [-78.354036, 35.717196] }",TRUE,"Stream, Wetland",,,Riverine,Approved,NC,Johnston [NC],35.717196,-78.354036,Public Commercial,North Carolina Division of Mitigation Services,1652 Mail Service Center,Raleigh,NC,27699-1652,NA,Kelly,Williams,Kelly.williams@deq.nc.gov,1652 Mail Service Center,Raleigh,NC,27699,Sales POC,NA,2020,ILF,no,no,no,North Carolina Division of Mitigation Services,no,govt
5858,NCDMS Cornbread Valley,NA,16/03/2023,"{ ""type"": ""Point"", ""coordinates"": [-83.45439, 35.10351] }",TRUE,,,,,Approved,NC,Macon [NC],35.10351,-83.45439,Public Commercial,North Carolina Division of Mitigation Services,1652 Mail Service Center,Raleigh,NC,27699-1652,NA,Kelly,Williams,Kelly.williams@deq.nc.gov,1652 Mail Service Center,Raleigh,NC,27699,POC,NA,NA,ILF,no,no,no,North Carolina Division of Mitigation Services,no,govt
5903,NCDMS Laurel Springs,NA,07/04/2021,"{ ""type"": ""Point"", ""coordinates"": [-81.9837, 35.9913] }",TRUE,"Stream, Wetland",,,Riverine,Approved,NC,Avery [NC],35.9913,-81.9837,Public Commercial,North Carolina Division of Mitigation Services,1652 Mail Service Center,Raleigh,NC,27699-1652,NA,Kelly,Williams,Kelly.williams@deq.nc.gov,1652 Mail Service Center,Raleigh,NC,27699,Sales POC,NA,NA,ILF,no,no,no,North Carolina Division of Mitigation Services,no,govt
5955,NCDMS Stinking Quarter,NA,23/02/2024,"{ ""type"": ""Point"", ""coordinates"": [-79.640139, 35.920355] }",TRUE,,,,,Approved,NC,Guilford [NC],35.920355,-79.640139,Public Commercial,North Carolina Division of Mitigation Services,1652 Mail Service Center,Raleigh,NC,27699-1652,NA,Kelly,Williams,Kelly.williams@deq.nc.gov,1652 Mail Service Center,Raleigh,NC,27699,POC,NA,NA,ILF,no,no,no,North Carolina Division of Mitigation Services,no,govt
5956,NCDMS Mushroom Meadow,NA,16/12/2022,"{ ""type"": ""Point"", ""coordinates"": [-79.242709, 36.53608] }",TRUE,,,,,Approved,NC,Caswell [NC],36.53608,-79.242709,Public Commercial,North Carolina Division of Mitigation Services,1652 Mail Service Center,Raleigh,NC,27699-1652,NA,Kelly,Williams,Kelly.williams@deq.nc.gov,1652 Mail Service Center,Raleigh,NC,27699,POC,NA,NA,ILF,no,no,no,North Carolina Division of Mitigation Services,no,govt
5957,NCDMS Maple Swamp,NA,24/02/2022,"{ ""type"": ""Point"", ""coordinates"": [-77.552708, 36.004127] }",TRUE,Wetland,,,Riverine,Approved,NC,Edgecombe [NC],36.004127,-77.552708,Public Commercial,North Carolina Division of Mitigation Services,1652 Mail Service Center,Raleigh,NC,27699-1652,NA,Kelly,Williams,Kelly.williams@deq.nc.gov,1652 Mail Service Center,Raleigh,NC,27699,POC,NA,NA,ILF,no,no,no,North Carolina Division of Mitigation Services,no,govt
5958,NCDMS Colonial Farms,NA,14/04/2022,"{ ""type"": ""Point"", ""coordinates"": [-77.556802, 35.855001] }",TRUE,Wetland,,,Palustrine,Approved,NC,Edgecombe [NC],35.855001,-77.556802,Public Commercial,North Carolina Division of Mitigation Services,1652 Mail Service Center,Raleigh,NC,27699-1652,NA,Kelly,Williams,Kelly.williams@deq.nc.gov,1652 Mail Service Center,Raleigh,NC,27699,POC,NA,NA,ILF,no,no,no,North Carolina Division of Mitigation Services,no,govt
6008,NCDMS Cow Branch,NA,07/06/2024,"{ ""type"": ""Point"", ""coordinates"": [-78.647617, 34.143982] }",TRUE,,,,,Approved,NC,Columbus [NC],34.143982,-78.647617,Public Commercial,North Carolina Division of Mitigation Services,1652 Mail Service Center,Raleigh,NC,27699-1652,NA,Kelly,Williams,Kelly.williams@deq.nc.gov,1652 Mail Service Center,Raleigh,NC,27699,POC,NA,NA,ILF,no,no,no,North Carolina Division of Mitigation Services,no,govt
6009,NCDMS Silver Spoon,NA,14/01/2022,"{ ""type"": ""Point"", ""coordinates"": [-78.856212, 34.415923] }",TRUE,,,,,Terminated,NC,Columbus [NC],34.415923,-78.856212,Public Commercial,North Carolina Division of Mitigation Services,1652 Mail Service Center,Raleigh,NC,27699-1652,NA,Kelly,Williams,Kelly.williams@deq.nc.gov,1652 Mail Service Center,Raleigh,NC,27699,POC,NA,NA,ILF,no,no,no,North Carolina Division of Mitigation Services,no,govt
6043,NCDMS Valle Crucis,NA,12/02/2024,"{ ""type"": ""Point"", ""coordinates"": [-81.78885, 36.19506] }",TRUE,,,,,Approved,NC,Watauga [NC],36.19506,-81.78885,Public Commercial,North Carolina Division of Mitigation Services,1652 Mail Service Center,Raleigh,NC,27699-1652,NA,Kelly,Williams,Kelly.williams@deq.nc.gov,1652 Mail Service Center,Raleigh,NC,27699,Sales POC,NA,NA,ILF,no,no,no,North Carolina Division of Mitigation Services,no,govt
6045,NCDMS Haunted Creek,NA,NA,"{ ""type"": ""Point"", ""coordinates"": [-83.44665, 35.26204] }",TRUE,,,,,Pending,NC,Macon [NC],35.26204,-83.44665,Public Commercial,North Carolina Division of Mitigation Services,1652 Mail Service Center,Raleigh,NC,27699-1652,NA,Kelly,Williams,Kelly.williams@deq.nc.gov,1652 Mail Service Center,Raleigh,NC,27699,POC,Division of Mitigation Services ,NA,ILF,no,no,no,North Carolina Division of Mitigation Services,no,govt
6046,NCDMS Falcon Site,NA,NA,"{ ""type"": ""Point"", ""coordinates"": [-83.47452, 35.12179] }",TRUE,,,,,Pending,NC,Macon [NC],35.12179,-83.47452,Public Commercial,North Carolina Division of Mitigation Services,1652 Mail Service Center,Raleigh,NC,27699-1652,NA,Kelly,Williams,Kelly.williams@deq.nc.gov,1652 Mail Service Center,Raleigh,NC,27699,Sales POC,NA,NA,ILF,no,no,no,North Carolina Division of Mitigation Services,no,govt
6049,NCDMS Oakley's Bend,NA,05/09/2025,"{ ""type"": ""Point"", ""coordinates"": [-78.81423, 36.305628] }",TRUE,,,,,Approved,NC,Person [NC],36.305628,-78.81423,Public Commercial,North Carolina Division of Mitigation Services,1652 Mail Service Center,Raleigh,NC,27699-1652,NA,Kelly,Williams,Kelly.williams@deq.nc.gov,1652 Mail Service Center,Raleigh,NC,27699,POC,NA,NA,ILF,no,no,no,North Carolina Division of Mitigation Services,no,govt
6206,NCDMS Wyant Lands II,15/11/2021,21/01/2022,"{ ""type"": ""Point"", ""coordinates"": [-81.319206, 35.529831] }",TRUE,"Stream, Wetland",,,Riverine,Approved,NC,Lincoln [NC],35.529831,-81.319206,Public Commercial,North Carolina Division of Mitigation Services,1652 Mail Service Center,Raleigh,NC,27699-1652,NA,Kelly,Williams,Kelly.williams@deq.nc.gov,1652 Mail Service Center,Raleigh,NC,27699,POC,NA,2021,ILF,no,no,no,North Carolina Division of Mitigation Services,no,govt
6218,NCDMS Love Cats,29/10/2021,27/09/2023,"{ ""type"": ""Point"", ""coordinates"": [-81.41176, 35.52785] }",TRUE,,,,,Approved,NC,Lincoln [NC],35.52785,-81.41176,Public Commercial,North Carolina Division of Mitigation Services,1652 Mail Service Center,Raleigh,NC,27699-1652,NA,Kelly,Williams,Kelly.williams@deq.nc.gov,1652 Mail Service Center,Raleigh,NC,27699,Sales POC,NA,2021,ILF,no,no,no,North Carolina Division of Mitigation Services,no,govt
6219,NCDMS Riverbend,29/10/2021,NA,"{ ""type"": ""Point"", ""coordinates"": [-81.28019, 35.56154] }",TRUE,,,,,Pending,NC,Catawba [NC],35.56154,-81.28019,Public Commercial,North Carolina Division of Mitigation Services,1652 Mail Service Center,Raleigh,NC,27699-1652,NA,Kristie,Corson,kristie.corson@ncdenr.gov,1652 Mail Service Center,Raleigh,NC,27699,POC,NA,2021,ILF,no,no,no,North Carolina Division of Mitigation Services,no,govt
6220,NCDMS Bandys Farm,29/10/2021,03/10/2023,"{ ""type"": ""Point"", ""coordinates"": [-81.09193, 35.63876] }",TRUE,,,,,Approved,NC,Catawba [NC],35.63876,-81.09193,Public Commercial,North Carolina Division of Mitigation Services,1652 Mail Service Center,Raleigh,NC,27699-1652,NA,Kelly,Williams,Kelly.williams@deq.nc.gov,1652 Mail Service Center,Raleigh,NC,27699,Sponsor,NA,2021,ILF,no,no,no,North Carolina Division of Mitigation Services,no,govt
6355,NCDMS Casey Creek,03/05/2022,17/07/2024,"{ ""type"": ""Point"", ""coordinates"": [-78.185976, 35.293856] }",TRUE,,,,,Approved,NC,Wayne [NC],35.293856,-78.185976,Public Commercial,North Carolina Division of Mitigation Services,1652 Mail Service Center,Raleigh,NC,27699-1652,NA,Kelly,Williams,Kelly.williams@deq.nc.gov,1652 Mail Service Center,Raleigh,NC,27699,Sponsor,NA,2022,ILF,no,no,no,North Carolina Division of Mitigation Services,no,govt
6468,NCDMS Mudhoney,04/11/2022,08/10/2025,"{ ""type"": ""Point"", ""coordinates"": [-79.380315, 35.62222] }",TRUE,,,,,Approved,NC,Chatham [NC],35.62222,-79.380315,Public Commercial,North Carolina Division of Mitigation Services,1652 Mail Service Center,Raleigh,NC,27699-1652,NA,Kelly,Williams,Kelly.williams@deq.nc.gov,1652 Mail Service Center,Raleigh,NC,27699,Sponsor,NA,2022,ILF,no,no,no,North Carolina Division of Mitigation Services,no,govt
6469,NCDMS Hunter's Moon,04/11/2022,29/04/2025,"{ ""type"": ""Point"", ""coordinates"": [-79.459977, 35.669306] }",TRUE,,,,,Approved,NC,Chatham [NC],35.669306,-79.459977,Public Commercial,North Carolina Division of Mitigation Services,1652 Mail Service Center,Raleigh,NC,27699-1652,NA,Kelly,Williams,Kelly.williams@deq.nc.gov,1652 Mail Service Center,Raleigh,NC,27699,Sponsor,NA,2022,ILF,no,no,no,North Carolina Division of Mitigation Services,no,govt
6470,NCDMS Golden Hills,04/11/2022,26/08/2024,"{ ""type"": ""Point"", ""coordinates"": [-79.796562, 35.941715] }",TRUE,,,,,Approved,NC,Guilford [NC],35.941715,-79.796562,Public Commercial,North Carolina Division of Mitigation Services,1652 Mail Service Center,Raleigh,NC,27699-1652,NA,Stephanie,MacDonald,stephanie.macdonald@deq.nc.gov,NA,NA,NA,NA,Sponsor,NA,2022,ILF,no,no,no,North Carolina Division of Mitigation Services,no,govt
6471,NCDMS Devil's Alley,04/11/2022,06/12/2024,"{ ""type"": ""Point"", ""coordinates"": [-79.537151, 35.821914] }",TRUE,,,,,Approved,NC,Chatham [NC],35.821914,-79.537151,Public Commercial,North Carolina Division of Mitigation Services,1652 Mail Service Center,Raleigh,NC,27699-1652,NA,Kelly,Williams,Kelly.williams@deq.nc.gov,1652 Mail Service Center,Raleigh,NC,27699,Sponsor,NA,2022,ILF,no,no,no,North Carolina Division of Mitigation Services,no,govt
6472,NCDMS Big Bison,04/11/2022,NA,"{ ""type"": ""Point"", ""coordinates"": [-79.4993904, 35.6464288] }",TRUE,,,,,Pending,NC,Chatham [NC],35.6464288,-79.4993904,Public Commercial,North Carolina Division of Mitigation Services,1652 Mail Service Center,Raleigh,NC,27699-1652,NA,Kelly,Williams,Kelly.williams@deq.nc.gov,1652 Mail Service Center,Raleigh,NC,27699,Sponsor,NA,2022,ILF,no,no,no,North Carolina Division of Mitigation Services,no,govt
6473,NCDMS Dirty Boots,04/11/2022,NA,"{ ""type"": ""Point"", ""coordinates"": [-79.424063, 35.638866] }",TRUE,,,,,Pending,NC,Chatham [NC],35.638866,-79.424063,Public Commercial,North Carolina Division of Mitigation Services,1652 Mail Service Center,Raleigh,NC,27699-1652,NA,Kelly,Williams,Kelly.williams@deq.nc.gov,1652 Mail Service Center,Raleigh,NC,27699,Sponsor,NA,2022,ILF,no,no,no,North Carolina Division of Mitigation Services,no,govt
6474,NCDMS Bluebird,04/11/2022,24/07/2025,"{ ""type"": ""Point"", ""coordinates"": [-79.366384, 35.776103] }",TRUE,,,,,Approved,NC,Chatham [NC],35.776103,-79.366384,Public Commercial,North Carolina Division of Mitigation Services,1652 Mail Service Center,Raleigh,NC,27699-1652,NA,Kelly,Williams,Kelly.williams@deq.nc.gov,1652 Mail Service Center,Raleigh,NC,27699,Sponsor,NA,2022,ILF,no,no,no,North Carolina Division of Mitigation Services,no,govt
6475,NCDMS Big Buffalo,04/11/2022,05/09/2025,"{ ""type"": ""Point"", ""coordinates"": [-79.5255929, 35.83102] }",TRUE,,,,,Approved,NC,Chatham [NC],35.83102,-79.5255929,Public Commercial,North Carolina Division of Mitigation Services,1652 Mail Service Center,Raleigh,NC,27699-1652,NA,Kelly,Williams,Kelly.williams@deq.nc.gov,1652 Mail Service Center,Raleigh,NC,27699,Sponsor,NA,2022,ILF,no,no,no,North Carolina Division of Mitigation Services,no,govt
6496,NCDMS Cannonball,19/12/2022,20/02/2025,"{ ""type"": ""Point"", ""coordinates"": [-81.324026, 35.301535] }",TRUE,"Stream, Wetland",,,"Palustrine, Riverine",Approved,NC,Gaston [NC],35.301535,-81.324026,Public Commercial,North Carolina Division of Mitigation Services,1652 Mail Service Center,Raleigh,NC,27699-1652,NA,Kelly,Williams,Kelly.williams@deq.nc.gov,1652 Mail Service Center,Raleigh,NC,27699,Sponsor,NA,2022,ILF,no,no,no,North Carolina Division of Mitigation Services,no,govt
6544,NCDMS Angel Farm,NA,NA,"{ ""type"": ""Point"", ""coordinates"": [-79.415957, 36.5043] }",TRUE,,,,,Pending,NC,Caswell [NC],36.5043,-79.415957,Public Commercial,North Carolina Division of Mitigation Services,1652 Mail Service Center,Raleigh,NC,27699-1652,NA,Kelly,Williams,Kelly.williams@deq.nc.gov,1652 Mail Service Center,Raleigh,NC,27699,Sponsor,NA,NA,ILF,no,no,no,North Carolina Division of Mitigation Services,no,govt
6545,NCDMS Cow Tail,22/03/2024,22/04/2024,"{ ""type"": ""Point"", ""coordinates"": [-78.847, 34.429058] }",TRUE,,,,,Approved,NC,Columbus [NC],34.429058,-78.847,Public Commercial,North Carolina Division of Mitigation Services,1652 Mail Service Center,Raleigh,NC,27699-1652,NA,Kelly,Williams,Kelly.williams@deq.nc.gov,1652 Mail Service Center,Raleigh,NC,27699,Sponsor,NA,2024,ILF,no,no,no,North Carolina Division of Mitigation Services,no,govt
6546,NCDMS Totten,NA,NA,"{ ""type"": ""Point"", ""coordinates"": [-78.58969, 36.339506] }",TRUE,,,,,Pending,NC,Granville [NC],36.339506,-78.58969,Public Commercial,North Carolina Division of Mitigation Services,1652 Mail Service Center,Raleigh,NC,27699-1652,NA,Kelly,Williams,Kelly.williams@deq.nc.gov,1652 Mail Service Center,Raleigh,NC,27699,Sponsor,NA,NA,ILF,no,no,no,North Carolina Division of Mitigation Services,no,govt
6550,NCDMS Whiskey Jug,NA,NA,"{ ""type"": ""Point"", ""coordinates"": [-81.08614, 35.72188] }",TRUE,,,,,Pending,NC,Catawba [NC],35.72188,-81.08614,Public Commercial,North Carolina Division of Mitigation Services,1652 Mail Service Center,Raleigh,NC,27699-1652,NA,Paul ,Wiesner,paul.wiesner@deq.nc.gov,NA,NA,NA,NA,POC,NA,NA,ILF,no,no,no,North Carolina Division of Mitigation Services,no,govt
6560,NCDMS Bowser's Branch,02/02/2023,25/05/2023,"{ ""type"": ""Point"", ""coordinates"": [-78.8316, 35.1274] }",TRUE,,,,,Terminated,NC,Cumberland [NC],35.1274,-78.8316,Public Commercial,North Carolina Division of Mitigation Services,1652 Mail Service Center,Raleigh,NC,27699-1652,NA,Kelly,Williams,Kelly.williams@deq.nc.gov,1652 Mail Service Center,Raleigh,NC,27699,Sales POC,NA,2023,ILF,no,no,no,North Carolina Division of Mitigation Services,no,govt
6564,NCDMS Kinlaw Swamp,21/08/2024,21/08/2024,"{ ""type"": ""Point"", ""coordinates"": [-78.833195, 35.023427] }",TRUE,,,,,Approved,NC,Cumberland [NC],35.023427,-78.833195,Public Commercial,North Carolina Division of Mitigation Services,1652 Mail Service Center,Raleigh,NC,27699-1652,NA,Kelly,Williams,Kelly.williams@deq.nc.gov,1652 Mail Service Center,Raleigh,NC,27699,Sales POC,NA,2024,ILF,no,no,no,North Carolina Division of Mitigation Services,no,govt
6573,NCDMS Middendorf Springs,NA,NA,"{ ""type"": ""Point"", ""coordinates"": [-80.10923, 34.85725] }",TRUE,,,,,Pending,NC,Anson [NC],34.85725,-80.10923,Public Commercial,North Carolina Division of Mitigation Services,1652 Mail Service Center,Raleigh,NC,27699-1652,NA,Kelly,Williams,Kelly.williams@deq.nc.gov,1652 Mail Service Center,Raleigh,NC,27699,Sales POC,NA,NA,ILF,no,no,no,North Carolina Division of Mitigation Services,no,govt
6621,NCDMS Big Alamance,NA,NA,"{ ""type"": ""Point"", ""coordinates"": [-79.572278, 36.026549] }",TRUE,,,,,Pending,NC,Guilford [NC],36.026549,-79.572278,Public Commercial,North Carolina Division of Mitigation Services,1652 Mail Service Center,Raleigh,NC,27699-1652,NA,Kelly,Williams,Kelly.williams@deq.nc.gov,1652 Mail Service Center,Raleigh,NC,27699,Sales POC,NA,NA,ILF,no,no,no,North Carolina Division of Mitigation Services,no,govt
6624,NCDMS Moon Cabin,NA,NA,"{ ""type"": ""Point"", ""coordinates"": [-80.568063, 35.142622] }",TRUE,,,,,Pending,NC,Union [NC],35.142622,-80.568063,Public Commercial,North Carolina Division of Mitigation Services,1652 Mail Service Center,Raleigh,NC,27699-1652,NA,Kelly,Williams,Kelly.williams@deq.nc.gov,1652 Mail Service Center,Raleigh,NC,27699,Sales POC,NA,NA,ILF,no,no,no,North Carolina Division of Mitigation Services,no,govt
6770,NCDMS Baha Branch,NA,NA,"{ ""type"": ""Point"", ""coordinates"": [-77.487502, 34.910612] }",TRUE,,,,,Pending,NC,Onslow [NC],34.910612,-77.487502,Public Commercial,North Carolina Division of Mitigation Services,1652 Mail Service Center,Raleigh,NC,27699-1652,NA,Zachary,Thomas,zachary.thomas@deq.nc.gov,NA,NA,NA,NA,POC,NA,NA,ILF,no,no,no,North Carolina Division of Mitigation Services,no,govt
6771,NCDMS Hulsey,NA,NA,"{ ""type"": ""Point"", ""coordinates"": [-79.375835, 35.330458] }",TRUE,,,,,Pending,NC,Moore [NC],35.330458,-79.375835,Public Commercial,North Carolina Division of Mitigation Services,1652 Mail Service Center,Raleigh,NC,27699-1652,NA,NA,NA,NA,NA,NA,NA,NA,NA,NA,NA,ILF,no,no,no,North Carolina Division of Mitigation Services,no,govt
6772,NCDMS Highwayman,NA,NA,"{ ""type"": ""Point"", ""coordinates"": [-79.92527, 36.244032] }",TRUE,,,,,Pending,NC,Guilford [NC],36.244032,-79.92527,Public Commercial,North Carolina Division of Mitigation Services,1652 Mail Service Center,Raleigh,NC,27699-1652,NA,NA,NA,NA,NA,NA,NA,NA,NA,NA,NA,ILF,no,no,no,North Carolina Division of Mitigation Services,no,govt
7116,NCDMS Brother Site,21/01/2025,21/01/2025,"{ ""type"": ""Point"", ""coordinates"": [-79.375644, 35.327808] }",TRUE,"Stream, Wetland",,,"Palustrine, Riverine",Pending,NC,Moore [NC],35.327808,-79.375644,Public Commercial,North Carolina Division of Mitigation Services,1652 Mail Service Center,Raleigh,NC,27699-1652,NA,Kelly,Williams,Kelly.williams@deq.nc.gov,1652 Mail Service Center,Raleigh,NC,27699,POC,Division of Mitigation Services ,2025,ILF,no,no,no,North Carolina Division of Mitigation Services,no,govt
7117,NCDMS Chunk Site,21/01/2025,21/01/2025,"{ ""type"": ""Point"", ""coordinates"": [-78.81063, 34.827423] }",TRUE,"Stream, Wetland",,,"Palustrine, Riverine",Pending,NC,Bladen [NC],34.827423,-78.81063,Public Commercial,North Carolina Division of Mitigation Services,1652 Mail Service Center,Raleigh,NC,27699-1652,NA,Kelly,Williams,Kelly.williams@deq.nc.gov,1652 Mail Service Center,Raleigh,NC,27699,POC,Division of Mitigation Services ,2025,ILF,no,no,no,North Carolina Division of Mitigation Services,no,govt
780,White Star,19/12/2001,05/02/2020,"{ ""type"": ""Point"", ""coordinates"": [-83.313, 41.3726] }",TRUE,Wetland,,,Palustrine,Sold-Out,OH,Sandusky [OH],41.3726,-83.313,Public Commercial,North Coast Regional Council of Park Districts,12882 Diagonal Road,LaGrange,OH,44050,NA,Vicki,Derr,vderr@envirotechcon.com,5380 Township Road 143 NE,Somerset,OH,43783,POC,NA,2001,Standard,no,no,no,North Coast Regional Council of Park Districts,no,govt
781,White Star Expansion Area,03/12/2004,17/10/2018,"{ ""type"": ""Point"", ""coordinates"": [-83.313, 41.3726] }",TRUE,Wetland,,,Palustrine,Approved,OH,Sandusky [OH],41.3726,-83.313,Public Commercial,North Coast Regional Council of Park Districts,12882 Diagonal Road,LaGrange,OH,44050,NA,Vicki,Derr,vderr@envirotechcon.com,5380 Township Road 143 NE,Somerset,OH,43783,POC,NA,2004,Standard,no,no,no,North Coast Regional Council of Park Districts,no,govt
782,White Star III,04/05/2009,07/05/2009,"{ ""type"": ""Point"", ""coordinates"": [-83.313, 41.3726] }",TRUE,Wetland,,,Palustrine,Approved,OH,Sandusky [OH],41.3726,-83.313,Public Commercial,North Coast Regional Council of Park Districts,12882 Diagonal Road,LaGrange,OH,44050,NA,Vicki,Derr,vderr@envirotechcon.com,5380 Township Road 143 NE,Somerset,OH,43783,POC,NA,2009,Standard,no,no,no,North Coast Regional Council of Park Districts,no,govt
788,Blue Heron Reserve,19/12/2001,05/02/2020,"{ ""type"": ""Point"", ""coordinates"": [-82.956, 41.4069] }",TRUE,Wetland,,,Palustrine,Sold-Out,OH,Sandusky [OH],41.4069,-82.956,Public Commercial,North Coast Regional Council of Park Districts,12882 Diagonal Road,LaGrange,OH,44050,NA,Vicki,Derr,vderr@envirotechcon.com,5380 Township Road 143 NE,Somerset,OH,43783,POC,NA,2001,Standard,no,no,no,North Coast Regional Council of Park Districts,no,govt
789,Castalia Quarry,19/12/2001,05/02/2020,"{ ""type"": ""Point"", ""coordinates"": [-82.8288, 41.3935] }",TRUE,Wetland,,,Palustrine,Sold-Out,OH,Erie [OH],41.3935,-82.8288,Public Commercial,North Coast Regional Council of Park Districts,12882 Diagonal Road,LaGrange,OH,44050,NA,Vicki,Derr,vderr@envirotechcon.com,5380 Township Road 143 NE,Somerset,OH,43783,POC,NA,2001,Standard,no,no,no,North Coast Regional Council of Park Districts,no,govt
790,Carlisle Reservation,19/12/2001,14/11/2012,"{ ""type"": ""Point"", ""coordinates"": [-82.1588, 41.2798] }",TRUE,Wetland,,,Palustrine,Sold-Out,OH,Lorain [OH],41.2798,-82.1588,Public Commercial,North Coast Regional Council of Park Districts,12882 Diagonal Road,LaGrange,OH,44050,NA,Vicki,Derr,vderr@envirotechcon.com,5380 Township Road 143 NE,Somerset,OH,43783,POC,NA,2001,Standard,no,no,no,North Coast Regional Council of Park Districts,no,govt
800,Letha House,09/07/2009,05/02/2020,"{ ""type"": ""Point"", ""coordinates"": [-82.05551, 41.11693] }",TRUE,Wetland,,,Palustrine,Sold-Out,OH,Medina [OH],41.11693,-82.05551,Public Commercial,North Coast Regional Council of Park Districts,12882 Diagonal Road,LaGrange,OH,44050,NA,Vicki,Derr,vderr@envirotechcon.com,5380 Township Road 143 NE,Somerset,OH,43783,POC,NA,2009,Standard,no,no,no,North Coast Regional Council of Park Districts,no,govt
806,Carlisle Hale Road Site,04/10/2002,05/02/2020,"{ ""type"": ""Point"", ""coordinates"": [-82.1635, 41.2869] }",TRUE,Wetland,,,Palustrine,Sold-Out,OH,Lorain [OH],41.2869,-82.1635,Public Commercial,North Coast Regional Council of Park Districts,12882 Diagonal Road,LaGrange,OH,44050,NA,Vicki,Derr,vderr@envirotechcon.com,5380 Township Road 143 NE,Somerset,OH,43783,POC,NA,2002,Standard,no,no,no,North Coast Regional Council of Park Districts,no,govt
864,Chippewa Central,27/12/2001,22/01/2013,"{ ""type"": ""Point"", ""coordinates"": [-81.914, 41.084] }",TRUE,Wetland,"Emergent, Forested",,Palustrine,Withdrawn,OH,Medina [OH],41.084,-81.914,Public Commercial,North Coast Regional Council of Park Districts,12882 Diagonal Road,LaGrange,OH,44050,NA,Vicki,Derr,vderr@envirotechcon.com,5380 Township Road 143 NE,Somerset,OH,43783,POC,NA,2001,Standard,no,no,no,North Coast Regional Council of Park Districts,no,govt
866,Chippewa North Mitigation Bank,27/12/2001,27/12/2001,"{ ""type"": ""Point"", ""coordinates"": [-81.921, 41.113] }",TRUE,Wetland,Emergent,,Palustrine,Approved,OH,Medina [OH],41.113,-81.921,Public Commercial,North Coast Regional Council of Park Districts,12882 Diagonal Road,LaGrange,OH,44050,NA,NA,NA,NA,NA,NA,NA,NA,NA,NA,2001,Standard,no,no,no,North Coast Regional Council of Park Districts,no,govt
893,Wellington Reservoir,20/07/2005,05/02/2020,"{ ""type"": ""Point"", ""coordinates"": [-82.2435, 41.1458] }",TRUE,Wetland,,,Palustrine,Sold-Out,OH,Lorain [OH],41.1458,-82.2435,Public Commercial,North Coast Regional Council of Park Districts,12882 Diagonal Road,LaGrange,OH,44050,NA,Vicki,Derr,vderr@envirotechcon.com,5380 Township Road 143 NE,Somerset,OH,43783,POC,NA,2005,Standard,no,no,no,North Coast Regional Council of Park Districts,no,govt
894,Edison Woods,05/12/2005,05/12/2005,"{ ""type"": ""Point"", ""coordinates"": [-82.476, 41.3459] }",TRUE,Wetland,,,Palustrine,Approved,OH,Erie [OH],41.3459,-82.476,Public Commercial,North Coast Regional Council of Park Districts,12882 Diagonal Road,LaGrange,OH,44050,NA,Vicki,Derr,vderr@envirotechcon.com,5380 Township Road 143 NE,Somerset,OH,43783,POC,NA,2005,Standard,no,no,no,North Coast Regional Council of Park Districts,no,govt
896,NCRCPD Indian Hollow,NA,10/03/2022,"{ ""type"": ""Point"", ""coordinates"": [-82.08143, 41.2669] }",TRUE,Wetland,,,Palustrine,Withdrawn,OH,Lorain [OH],41.2669,-82.08143,Public Commercial,North Coast Regional Council of Park Districts,12882 Diagonal Road,LaGrange,OH,44050,NA,Vicki,Derr,vderr@envirotechcon.com,5380 Township Road 143 NE,Somerset,OH,43783,POC,NA,NA,Standard,no,no,no,North Coast Regional Council of Park Districts,no,govt
897,Reuthinger,NA,04/05/2018,"{ ""type"": ""Point"", ""coordinates"": [-83.53278, 41.59864] }",TRUE,Wetland,,,Palustrine,Withdrawn,OH,Wood [OH],41.59864,-83.53278,Public Commercial,North Coast Regional Council of Park Districts,12882 Diagonal Road,LaGrange,OH,44050,NA,Vicki,Derr,vderr@envirotechcon.com,5380 Township Road 143 NE,Somerset,OH,43783,POC,NA,NA,Standard,no,no,no,North Coast Regional Council of Park Districts,no,govt
2586,NCRCPD Mowery Wetland Mitigation Bank,NA,09/12/2024,"{ ""type"": ""Point"", ""coordinates"": [-82.1806729268353, 41.3167236755807] }",TRUE,,,,,Withdrawn,OH,Lorain [OH],41.31672368,-82.18067293,Public Commercial,North Coast Regional Council of Park Districts,12882 Diagonal Road,LaGrange,OH,44050,NA,Vicki,Derr,vderr@envirotechcon.com,5380 Township Road 143 NE,Somerset,OH,43783,POC,NA,NA,Standard,no,no,no,North Coast Regional Council of Park Districts,no,govt
2587,NCRCPD Avon Lake Road Wetland Mitigation Bank,NA,15/10/2021,"{ ""type"": ""Point"", ""coordinates"": [-82.0187564430381, 41.1934608760602] }",TRUE,,,,,Withdrawn,OH,Medina [OH],41.19346088,-82.01875644,Public Commercial,North Coast Regional Council of Park Districts,12882 Diagonal Road,LaGrange,OH,44050,NA,Vicki,Derr,vderr@envirotechcon.com,5380 Township Road 143 NE,Somerset,OH,43783,POC,NA,NA,Standard,no,no,no,North Coast Regional Council of Park Districts,no,govt
2588,NCRCPD Harris Road,NA,16/01/2022,"{ ""type"": ""Point"", ""coordinates"": [-82.0993721280447, 41.4806817681401] }",TRUE,,,,,Withdrawn,OH,Lorain [OH],41.48068177,-82.09937213,Public Commercial,North Coast Regional Council of Park Districts,12882 Diagonal Road,LaGrange,OH,44050,NA,Vicki,Derr,vderr@envirotechcon.com,5380 Township Road 143 NE,Somerset,OH,43783,POC,NA,NA,ILF,no,no,no,North Coast Regional Council of Park Districts,no,govt
4621,Avon Jaycox ILF Site - NCRCPD ILF,NA,11/01/2022,"{ ""type"": ""Point"", ""coordinates"": [-82.00476, 41.43851] }",TRUE,,,,,Withdrawn,OH,Lorain [OH],41.43851,-82.00476,Public Commercial,North Coast Regional Council of Park Districts,12882 Diagonal Road,LaGrange,OH,44050,NA,Vicki,Derr,vderr@envirotechcon.com,5380 Township Road 143 NE,Somerset,OH,43783,POC,NA,NA,ILF,no,no,no,North Coast Regional Council of Park Districts,no,govt
4985,NCRCPD Nine Mile Ditch ILF Site,NA,16/01/2022,"{ ""type"": ""Point"", ""coordinates"": [-83.305263, 41.369505] }",TRUE,,,,,Withdrawn,OH,Sandusky [OH],41.369505,-83.305263,Public Commercial,North Coast Regional Council of Park Districts,12882 Diagonal Road,LaGrange,OH,44050,NA,Vicki,Derr,vderr@envirotechcon.com,5380 Township Road 143 NE,Somerset,OH,43783,Consultant,NA,NA,ILF,no,no,no,North Coast Regional Council of Park Districts,no,govt
4990,NCRCPD Dent Ditch ILF Site,NA,16/01/2022,"{ ""type"": ""Point"", ""coordinates"": [-82.088767, 41.268406] }",TRUE,,,,,Withdrawn,OH,Lorain [OH],41.268406,-82.088767,Public Commercial,North Coast Regional Council of Park Districts,12882 Diagonal Road,LaGrange,OH,44050,NA,Vicki,Derr,vderr@envirotechcon.com,5380 Township Road 143 NE,Somerset,OH,43783,Consultant,NA,NA,ILF,no,no,no,North Coast Regional Council of Park Districts,no,govt
5202,NCRCPD Oberlin Preserve ILF Site,NA,16/01/2022,"{ ""type"": ""Point"", ""coordinates"": [-82.2294041652436, 41.2713810573032] }",TRUE,,,,,Withdrawn,OH,Lorain [OH],41.27138106,-82.22940417,Public Commercial,North Coast Regional Council of Park Districts,12882 Diagonal Road,LaGrange,OH,44050,NA,Vicki,Derr,vderr@envirotechcon.com,5380 Township Road 143 NE,Somerset,OH,43783,Consultant,NA,NA,ILF,no,no,no,North Coast Regional Council of Park Districts,no,govt
3022,NY City Small Business Services - Saw Mill Creek Mitigation Bank Phase 1,10/01/2018,10/01/2018,"{ ""type"": ""Point"", ""coordinates"": [-74.18716, 40.60916] }",TRUE,Wetland,,,Estuarine,Approved,NY,Richmond [NY],40.60916,-74.18716,Public Commercial,NY City Dept of Small Business Services,One Liberty Plaza,New York,NY,10006,NA,Max,Taffet,mtaffet@edc.nyc,New York City Economic Development Corp,New York,NY,10006,Sales POC,One Liberty Plaza,2018,Standard,no,no,no,yes,no,govt
6875,MARSHES Initiative UMBI - Bush Terminal Pier 7 Site,NA,04/09/2024,"{ ""type"": ""Point"", ""coordinates"": [-74.0167179780592, 40.6577662274795] }",TRUE,,,,,Withdrawn,NY,Kings [NY],40.65776623,-74.01671798,Public Commercial,NY City Dept of Small Business Services,One Liberty Plaza,New York,NY,10006,NA,NY City Economic Development Corporation,Sarah Murphy,smurphy@edc.nyc,NY City Department of Small Business Services,New York,NY,10006,POC,"1 Liberty Plaza, 11th Floor",NA,Umbrella,no,no,no,yes,no,govt
2595,North Dakota State Wetlands Bank (Closed),01/07/1987,01/07/1995,"{ ""type"": ""Point"", ""coordinates"": [-100.778938, 46.816364] }",TRUE,,,,,Terminated,ND,Burleigh [ND],46.816364,-100.778938,Public Commercial,Office of State Engineer,900 East Boulevard,Bismarck,ND,58505-0850,NA,NA,NA,NA,NA,NA,NA,NA,NA,NA,1987,Standard,no,no,no,yes,no,govt
1822,MN - Dodge - S142-1001 ^ Olmsted CH&P,23/04/1999,21/09/2016,"{ ""type"": ""Point"", ""coordinates"": [-92.9040213865335, 43.9547648720949] }",TRUE,Wetland,Emergent,Persistent,Palustrine,Sold-Out,MN,Dodge [MN],43.95476487,-92.90402139,Public Commercial,Olmsted Highway & Planning Dept.,NA,Rochester,MN,55904-4744,NA,NA,NA,NA,NA,NA,NA,NA,NA,NA,1999,Standard,no,no,no,yes,no,govt
1356,Tamara Quays ILF,30/03/2010,30/03/2010,"{ ""type"": ""Point"", ""coordinates"": [-123.978436917859, 45.0211211821887] }",TRUE,Wetland,,,Estuarine,Approved,OR,Lincoln [OR],45.02112118,-123.9784369,Public Commercial,Oregon Department of State Lands,775 Summer St. NE,Salem,OR,97301,NA,Grey,Wolf,Grey.Wolf@dsl.oregon.gov,"775 Summer Street NE, Suite 100",Salem,OR,97301,Sponsor,NA,2010,ILF,no,no,no,yes,no,govt
1357,Half Mile Lane ILF,30/03/2010,30/03/2010,"{ ""type"": ""Point"", ""coordinates"": [-123.184484217611, 45.5489539687551] }",TRUE,Wetland,,,Palustrine,Approved,OR,Washington [OR],45.54895397,-123.1844842,Public Commercial,Oregon Department of State Lands,775 Summer St. NE,Salem,OR,97301,NA,Melody,Rudenko,melody.rudenko@dsl.state.or.us,775 Summer Street NE,Salem,OR,97301,Sponsor,Suite 100,2010,ILF,no,no,no,yes,no,govt
2625,Pixieland ILF,11/01/2013,11/01/2013,"{ ""type"": ""Point"", ""coordinates"": [-123.967, 45.022] }",TRUE,"Group, Wetland","Emergent, Forested, Unconsolidated Bottom",Non-persistent,"Estuarine, Palustrine, Riverine",Approved,OR,Lincoln [OR],45.022,-123.967,Public Commercial,Oregon Department of State Lands,775 Summer St. NE,Salem,OR,97301,NA,Grey,Wolf,Grey.Wolf@dsl.oregon.gov,"775 Summer Street NE, Suite 100",Salem,OR,97301,Sponsor,NA,2013,ILF,no,no,no,yes,no,govt
4563,Clear Lake ILF,13/02/2019,13/02/2019,"{ ""type"": ""Point"", ""coordinates"": [-123.9426, 46.1728] }",TRUE,"Group, Wetland","Emergent, Forested, Open Water, Scrub-Shrub",,"Palustrine, Upland",Approved,OR,Clatsop [OR],46.1728,-123.9426,Public Commercial,Oregon Department of State Lands,775 Summer St. NE,Salem,OR,97301,NA,Grey,Wolf,Grey.Wolf@dsl.oregon.gov,"775 Summer Street NE, Suite 100",Salem,OR,97301,Sponsor,NA,2019,ILF,no,no,no,yes,no,govt
4564,Kilchis ILF,NA,29/04/2024,"{ ""type"": ""Point"", ""coordinates"": [-123.859388278768, 45.4955368968226] }",TRUE,"Group, Wetland",,,"Estuarine, Riverine, Upland",Approved,OR,Tillamook [OR],45.4955369,-123.8593883,Public Commercial,Oregon Department of State Lands,775 Summer St. NE,Salem,OR,97301,NA,Grey,Wolf,Grey.Wolf@dsl.oregon.gov,"775 Summer Street NE, Suite 100",Salem,OR,97301,Sponsor,NA,NA,ILF,no,no,no,yes,no,govt
1388,MN - Otter Tail - S161-161 ^ CHD,25/09/1998,27/09/2022,"{ ""type"": ""Point"", ""coordinates"": [-96.1022322646414, 46.5177797551432] }",TRUE,Wetland,Emergent,Persistent,Palustrine,Sold-Out,MN,Otter Tail [MN],46.51777976,-96.10223226,Public Commercial,Ottertail County Highway Department,"505 South Court Street, Suite 1",Fergus Falls,MN,56537,NA,Rick,West,NA,"505 South Court Street, Suite 1",Fergus Falls,MN,56537,POC,NA,1998,Standard,no,no,no,yes,no,govt
4267,PCILF - Larchmont Wetland Reserve,14/07/2025,14/07/2025,"{ ""type"": ""Point"", ""coordinates"": [-122.419, 47.1719] }",TRUE,,,,,Approved,WA,Pierce [WA],47.1719,-122.419,Public Commercial,Pierce County Surface Water Management,"2702 South 42nd St, Ste 201",Tacoma,WA,98409,NA,Ann,Boeholt,aboehol@co.pierce.wa.us,Public Works & Utilities,Tacoma,WA,98409,Sponsor,2702 S. 42nd St. Suite 201,2025,ILF,no,no,no,yes,no,govt
2568,Pima County's Pima Pineapple Cactus Mitigation Bank,03/06/2002,03/06/2002,"{ ""type"": ""Point"", ""coordinates"": [-110.879585, 31.953758] }",TRUE,Species,,,,Approved,AZ,Pima [AZ],31.953758,-110.879585,Public Commercial,Pima County Natural Resources Parks and Recreation,3500 West River Road,Tucson,AZ,85741,NA,Julie,Crawford,julie_crawford@fws.gov,USFWS - Flagstaff,Flagstaff,AZ,86001,POC,2500 Pine Knoll Drive,2002,Standard,no,no,no,yes,no,govt
7190,Canoa Ranch: Phase I (San Ignacio Bosque),NA,NA,"{ ""type"": ""Point"", ""coordinates"": [-111.012071093578, 31.7928526105368] }",TRUE,,,,,Pending,AZ,Pima [AZ],31.79285261,-111.0120711,Public Commercial,Pima County Regional Flood Control District,201 N Stone Avenue Suite 7,Tucson,AZ,85701,NA,Michael,Cabrera,Mike.Cabrera@pima.gov,201 N. Stone Avenue Suite 7,Tucson,AZ,85701,Sponsor,NA,NA,ILF,no,no,no,yes,no,govt
5343,Trails End Mitigation Bank,16/03/2023,17/03/2023,"{ ""type"": ""Point"", ""coordinates"": [-93.5493, 41.6652] }",TRUE,Wetland,"Emergent, Forested",,Palustrine,Approved,IA,Polk [IA],41.6652,-93.5493,Public Commercial,Polk County Conservation,11204 NE 118th Street,Maxwell,IA,50161,NA,Michael,Heller,mike.heller@foth.com,8191 Birchwood Court,Johnston,IA,50131,Consultant,Suite L,2023,Standard,no,no,no,yes,no,govt
1390,MN - Pope - S163-163 ^  CHD,14/07/1994,24/04/2015,"{ ""type"": ""Point"", ""coordinates"": [-95.3026417619333, 45.6385567578222] }",TRUE,Wetland,Scrub-Shrub,Broad-Leaved Deciduous,Palustrine,Terminated,MN,Pope [MN],45.63855676,-95.30264176,Public Commercial,Pope County Highway Department,16139 State Hwy 29,Glenwood,MN,56334-2137,NA,Brian,Noetzelman,NA,16139 State Hwy 29,Glenwood,MN,56334-2173,POC,NA,1994,Standard,no,no,no,yes,no,govt
1391,MN - Pope - S164-164 ^  CHD,14/06/1995,24/04/2015,"{ ""type"": ""Point"", ""coordinates"": [-95.4593152198852, 45.4196411373004] }",TRUE,Wetland,Emergent,Persistent,Palustrine,Terminated,MN,Pope [MN],45.41964114,-95.45931522,Public Commercial,Pope County Highway Department,16139 State Hwy 29,Glenwood,MN,56334-2137,NA,Brian,Noetzelman,NA,16139 State Hwy 29,Glenwood,MN,56334-2173,POC,NA,1995,Standard,no,no,no,yes,no,govt
1393,MN - Pope - S168-168 ^ CHD CAS,29/08/1997,24/04/2015,"{ ""type"": ""Point"", ""coordinates"": [-95.4434880845347, 45.4926872277143] }",TRUE,Wetland,Emergent,Persistent,Palustrine,Terminated,MN,Pope [MN],45.49268723,-95.44348808,Public Commercial,Pope County Highway Department,16139 State Hwy 29,Glenwood,MN,56334-2137,NA,Brian,Noetzelman,NA,16139 State Hwy 29,Glenwood,MN,56334-2173,POC,NA,1997,Standard,no,no,no,yes,no,govt
5041,"Port of San Diego - South San Diego Bay Wetland Mitigation Bank (""Pond 20"")",NA,23/04/2025,"{ ""type"": ""Point"", ""coordinates"": [-117.10251, 32.587049] }",TRUE,,,,,Withdrawn,CA,San Diego [CA],32.587049,-117.10251,Public Commercial,Port of San Diego,NA,San Diego,CA,NA,NA,Eileen,Maher,emaher@portofsandiego.org,"Planning & Green Port, Port of San Diego",San Diego,CA,92101,Sponsor,3165 Pacific Highway,NA,Standard,no,no,no,yes,no,govt
3235,Upper Clear Creek Mitigation and Habitat Conservation Bank (Port of Tacoma),07/02/2020,07/02/2020,"{ ""type"": ""Point"", ""coordinates"": [-122.380211, 47.224172] }",TRUE,Wetland,,,Other,Approved,WA,Pierce [WA],47.224172,-122.380211,Public Commercial,"Port of Tacoma, ATTN Mark Rettmann",P.O. Box 1837,Tacoma,WA,98401,NA,Mark,Rettmann,MRettmann@portoftacoma.com,P.O. Box 1837 ,Tacoma,WA,98401,POC,NA,2020,Standard,no,no,no,yes,no,govt
2133,R-Board Environmental,NA,31/10/2011,"{ ""type"": ""Point"", ""coordinates"": [-77.413333, 38.401111] }",TRUE,"Stream, Wetland",,,"Palustrine, Riverine",Terminated,VA,Stafford [VA],38.401111,-77.413333,Public Commercial,Rappahannock Regional Solid Waste Management Board,489 Eskimo Rd,Stafford,VA,NA,NA,John,Brooks,john.brooks@apexcos.com,"Apex Companies, LLC",Midlothian,VA,23113,POC,203 Wylderose Court,NA,Standard,no,no,no,yes,no,govt
2253,MN - Red Lake - S4873-1504 ^ WD Louisville/Parnell 'A',10/01/2012,13/03/2019,"{ ""type"": ""Point"", ""coordinates"": [-96.471552, 47.898467] }",TRUE,Wetland,Emergent,Persistent,"Palustrine, Upland",Approved,MN,Red Lake [MN],47.898467,-96.471552,Public Commercial,Red Lake Watershed District,c/o Myron Jesme,Thief River Falls,MN,56701,1000 Pennington Ave So,NA,NA,NA,NA,NA,NA,NA,NA,NA,2012,Standard,no,no,no,yes,no,govt
1396,MN - Renville - S172-172 ^  CHD,09/03/1998,14/11/2016,"{ ""type"": ""Point"", ""coordinates"": [-94.5465961762749, 44.7487824980268] }",TRUE,Wetland,Emergent,Persistent,Palustrine,Terminated,MN,Renville [MN],44.7487825,-94.54659618,Public Commercial,Renville County Highway Department,500 E. DePue,Olivia,MN,56277,NA,Marlin,Larson,NA,500 E. DePue,Olivia,MN,56277,POC,NA,1998,Standard,no,no,no,yes,no,govt
1397,MN - Rice - S173-173 * CHD,18/02/1997,18/02/1997,"{ ""type"": ""Point"", ""coordinates"": [-93.4601860681541, 44.4635690377683] }",TRUE,Wetland,Emergent,Persistent,Palustrine,Approved,MN,Rice [MN],44.46356904,-93.46018607,Public Commercial,Rice County Highway Department,610 - 20th Street NW,Faribault,MN,55021,NA,Jim,Kollar,NA,610 - 20th St. NW,Faribault,MN,55947,POC,NA,1997,Standard,no,no,no,yes,no,govt
1064,NCDMS Pott Creek,23/09/2015,23/09/2015,"{ ""type"": ""Point"", ""coordinates"": [-81.3053216374748, 35.5240631613011] }",TRUE,"Stream, Wetland",,,"Palustrine, Riverine",Approved,NC,Lincoln [NC],35.52406316,-81.30532164,Public Commercial,RK &amp; K Engineers,"900 Ridgefield Drive, Suite 350",Raleigh,NC,27609,NA,J.T.,Peacock,jpeacock@rkkengineers.com,"5800 Faringdon Place, Suite 105",Raleigh,NC,27609-3960,POC,NA,2015,ILF,no,no,no,yes,no,govt
5414,WI - Trempealeau - South Beaver Creek Mitigation Bank,NA,11/10/2022,"{ ""type"": ""Point"", ""coordinates"": [-91.16964, 44.14047] }",TRUE,,,,,Withdrawn,WI,Trempealeau [WI],44.14047,-91.16964,Public Commercial,Robert Haines,1617 Nakomis Avenue,La Crosse,WI,54603,NA,Heidi,Kennedy,hkenedy@sehinc.com,Short Elliott Hendrickson,Delafield,WI,53018,Consultant,501 Maple Avenue,NA,Standard,no,no,no,yes,no,govt
3178,Tanana Watershed Umbrella Stream& Wetland Mitigation Bank - Lower Chena Flats Greenbelt,12/05/2014,12/05/2014,"{ ""type"": ""Point"", ""coordinates"": [-147.344034, 64.203222] }",TRUE,Wetland,,,Palustrine,Approved,AK,Southeast Fairbanks Census Area [AK],64.203222,-147.344034,Public Commercial,Salcha-Delta Soil & Water Conservation District,P.O. Box 547,Delta Junction,AK,99737,"1420.5 Alaska Highway, Jarvis Building",Jeff,Durham,jeff.durham@salchadeltaswcd.org,PO Box 547,Delta Junction,AK,99737,Sales POC,NA,2014,Standard,no,no,no,yes,no,govt
3179,Tanana Watershed Umbrella Stream & Wetland Mitigation Bank - Jarvis Block F,12/05/2014,12/05/2014,"{ ""type"": ""Point"", ""coordinates"": [-147.116135, 63.987506] }",TRUE,Wetland,,,Palustrine,Approved,AK,Southeast Fairbanks Census Area [AK],63.987506,-147.116135,Public Commercial,Salcha-Delta Soil & Water Conservation District,P.O. Box 547,Delta Junction,AK,99737,"1420.5 Alaska Highway, Jarvis Building",Jeff,Durham,jeff.durham@salchadeltaswcd.org,PO Box 547,Delta Junction,AK,99737,POC,NA,2014,Standard,no,no,no,yes,no,govt
2332,Deer Canyon,21/09/2005,30/08/2010,"{ ""type"": ""Point"", ""coordinates"": [-117.161701463513, 32.9545645169984] }",TRUE,Species,,,,Sold-Out,CA,San Diego [CA],32.95456452,-117.1617015,Public Commercial,"San Diego, City of",Planning Department,San Diego,CA,92101,"1222 First Avenue, MS 413",Kristen,Forburger,KForburger@sandiego.gov,Planning Department,San Diego,CA,92101,POC,1222 First Avenue,2005,Standard,no,no,no,yes,no,govt
6631,Trails End Stream Bank,29/04/2025,29/04/2025,"{ ""type"": ""Point"", ""coordinates"": [-93.550308, 41.668257] }",TRUE,Stream,,,Riverine,Approved,IA,Polk [IA],41.668257,-93.550308,Public Commercial,"SCP Trails End, LLC",2570 Commerce Parkway ,North Port,FL,34289,NA,Michael,Heller,mike.heller@foth.com,8191 Birchwood Court,Johnston,IA,50131,Consultant,Suite L,2025,Standard,no,no,no,yes,no,govt
3544,Natzuhini Bay Mitigation Bank,12/10/2004,12/10/2004,"{ ""type"": ""Point"", ""coordinates"": [-132.8275, 55.27685] }",TRUE,"Group, Stream, Wetland",,,"Estuarine, Other, Palustrine",Approved,AK,Prince of Wales-Outer Ketchika [AK],55.27685,-132.8275,Public Commercial,Sealaska Corporation,"One Sealaska Plaza, Suite 400",Juneau,AK,99801-1276,NA,Jack,Beckman,jack.beckman@sealaska.com,PO Box 504,Craig,AK,99921,Sales POC,NA,2004,Standard,no,no,no,yes,no,govt
3435,WI - Sheboygan - Amsterdam Dunes Wetland Mitigation Bank Site,NA,27/07/2021,"{ ""type"": ""Point"", ""coordinates"": [-87.7978253417459, 43.5569242092752] }",TRUE,Wetland,Emergent,Persistent,Palustrine,Approved,WI,Sheboygan [WI],43.55692421,-87.79782534,Public Commercial,"Sheboygan County, Wisconsin Planning and Conservation Department",508 New York Avenue,Sheboygan,WI,53081-4126,NA,NA,NA,NA,NA,NA,NA,NA,NA,NA,NA,Standard,no,no,no,yes,no,govt
2941,SARW ILF Deleo Mitigation Site,04/10/2013,04/10/2013,"{ ""type"": ""Point"", ""coordinates"": [-117.49514, 33.7998] }",TRUE,Stream,,,"Riverine, Upland",Approved,CA,Riverside [CA],33.7998,-117.49514,Public Commercial,"Shelli Lamb, District Manager",Riverside-Corona Resource Conservation District,Riverside ,CA,92501,"4500 Glenwood Drive, Building A",Shelli,Lamb,lamb@rcrcd.com,Riverside-Corona RCD,Riverside,CA,92501-3042,POC,"4500 Glenwood Dr, Bldg A",2013,ILF,no,no,no,yes,no,govt
814,Snohomish County Airport Wetland Compensation Bank Program (Paine Field) - Swanson,31/10/1998,31/10/1998,"{ ""type"": ""Point"", ""coordinates"": [-122.283344547075, 47.8911362455624] }",TRUE,Wetland,,,Palustrine,Approved,WA,Snohomish [WA],47.89113625,-122.2833445,Public Commercial,Snohomish County Airport Paine Field,3220 100th Street SW,Everett,WA,98204,NA,Andrew,Rardin,andrew.rardin@snoco.org,"3220 100th Street SW, Ste. A",Everett,WA,98204,POC,NA,1998,Standard,no,no,no,yes,no,govt
815,Snohomish County Airport Wetland Compensation Bank Program (Paine Field) - Narbeck,22/03/1999,22/03/1999,"{ ""type"": ""Point"", ""coordinates"": [-122.259042803057, 47.9334353996076] }",TRUE,Wetland,,,Palustrine,Approved,WA,Snohomish [WA],47.9334354,-122.2590428,Public Commercial,Snohomish County Airport Paine Field,3220 100th Street SW,Everett,WA,98204,NA,Andrew,Rardin,andrew.rardin@snoco.org,"3220 100th Street SW, Ste. A",Everett,WA,98204,POC,NA,1999,Standard,no,no,no,yes,no,govt
1721,"2009 MERRIMACK Oxbow - Canterbury, NH",20/07/2010,20/07/2010,"{ ""type"": ""Point"", ""coordinates"": [-71.5934000340982, 43.3063965498321] }",TRUE,"Stream, Wetland","Emergent, Forested, Scrub-Shrub, Unconsolidated Bottom",,"Other, Palustrine, Riverine, Upland",Approved,NH,Merrimack [NH],43.30639655,-71.59340003,Public Commercial,Society for the Protection of New Hampshire Forests,54 Portsmouth St.,Concord,NH,3301,NA,Seta,Detzel,seta.a.detzel@des.nh.gov,NA,NA,NA,NA,POC,NA,2010,ILF,no,no,no,New Hampshire Department of Environmental Services,no,govt
6229,Mecham Road Mitigation Bank,NA,NA,"{ ""type"": ""Point"", ""coordinates"": [-122.735816, 38.297601] }",TRUE,,,,,Pending,CA,Sonoma [CA],38.297601,-122.735816,Public Commercial,Sonoma County Department of Transportation and Public Works,"2300 County Center Drive, Suite B100",Santa Rosa,CA,NA,NA,Ashley,Zavagno,zavagno@wra-ca.com,"WRA, Inc",San Rafael,CA,94901,Consultant,2169-G East Francisco Boulevard,NA,Standard,no,no,no,yes,no,govt
2655,Bracut Marsh,01/01/1980,29/10/2012,"{ ""type"": ""Point"", ""coordinates"": [-124.084526, 40.829807] }",TRUE,,,,,Sold-Out,CA,Humboldt [CA],40.829807,-124.084526,Public Commercial,State Coastal Conservancy,"1330 Broadway, Suite 1100",Oakland,CA,94612,NA,NA,NA,NA,NA,NA,NA,NA,NA,NA,1980,Standard,no,no,no,yes,no,govt
1773,Arrington Creek Stream Mitigation Bank,NA,16/05/2019,"{ ""type"": ""Point"", ""coordinates"": [-86.691889, 35.869381] }",TRUE,,,,,Withdrawn,TN,Williamson [TN],35.869381,-86.691889,Public Commercial,"Tennessee Department of Environment and Conservation, Water Pollution Control",401 Church Street,Nashville,TN,37243-1534,NA,Ronnie,Bowers,ronnie.bowers@tn.gov,401 Church Street,Nashville,TN,37243-1534,Owner,Div. of Water Pollution Control,NA,Standard,no,no,no,yes,no,govt
3151,TSMP-Chilogatee Branch,21/08/2014,22/01/2021,"{ ""type"": ""Point"", ""coordinates"": [-84.0021640070048, 35.5698228188372] }",TRUE,Stream,,,Riverine,Terminated,TN,Blount [TN],35.56982282,-84.00216401,Combination Public/Private,Tennessee Stream Mitigation Program (TSMP),5000 Linbar Drive,Nashville,TN,37211,Suite 275,Joey,Woodard,joey.woodard@tsmp.us,5000 Linbar Drive,Nashville,TN,37211,POC,Suite 275,2014,ILF,no,no,no,Tennessee Stream Mitigation Program (TSMP),no,govt
3590,TSMP-Roseberry Creek,11/09/2007,22/01/2021,"{ ""type"": ""Point"", ""coordinates"": [-83.810056, 36.087222] }",TRUE,Stream,,,Riverine,Terminated,TN,Knox [TN],36.087222,-83.810056,Combination Public/Private,Tennessee Stream Mitigation Program (TSMP),5000 Linbar Drive,Nashville,TN,37211,Suite 275,Joey,Woodard,joey.woodard@tsmp.us,5000 Linbar Drive,Nashville,TN,37211,POC,Suite 275,2007,ILF,no,no,no,Tennessee Stream Mitigation Program (TSMP),no,govt
3591,TSMP-Kyles Ford,03/05/2005,22/01/2021,"{ ""type"": ""Point"", ""coordinates"": [-83.0175, 36.5806] }",TRUE,Stream,,,Riverine,Terminated,TN,Hancock [TN],36.5806,-83.0175,Combination Public/Private,Tennessee Stream Mitigation Program (TSMP),5000 Linbar Drive,Nashville,TN,37211,Suite 275,Joey,Woodard,joey.woodard@tsmp.us,5000 Linbar Drive,Nashville,TN,37211,POC,Suite 275,2005,ILF,no,no,no,Tennessee Stream Mitigation Program (TSMP),no,govt
3599,TSMP-Robinson Creek,02/01/2013,22/01/2021,"{ ""type"": ""Point"", ""coordinates"": [-86.295, 35.0621] }",TRUE,Stream,,,Riverine,Terminated,TN,Franklin [TN],35.0621,-86.295,Combination Public/Private,Tennessee Stream Mitigation Program (TSMP),5000 Linbar Drive,Nashville,TN,37211,Suite 275,Joey,Woodard,joey.woodard@tsmp.us,5000 Linbar Drive,Nashville,TN,37211,POC,Suite 275,2013,ILF,no,no,no,Tennessee Stream Mitigation Program (TSMP),no,govt
3600,TSMP-Yanahli Stream,07/12/2012,22/01/2021,"{ ""type"": ""Point"", ""coordinates"": [-86.948, 35.545] }",TRUE,Stream,,,Riverine,Terminated,TN,Maury [TN],35.545,-86.948,Combination Public/Private,Tennessee Stream Mitigation Program (TSMP),5000 Linbar Drive,Nashville,TN,37211,Suite 275,Joey,Woodard,joey.woodard@tsmp.us,5000 Linbar Drive,Nashville,TN,37211,POC,Suite 275,2012,ILF,no,no,no,Tennessee Stream Mitigation Program (TSMP),no,govt
3601,TSMP-North Fork Mud Creek,20/09/2012,22/01/2021,"{ ""type"": ""Point"", ""coordinates"": [-88.2814, 35.8599] }",TRUE,Stream,,,Riverine,Terminated,TN,Carroll [TN],35.8599,-88.2814,Combination Public/Private,Tennessee Stream Mitigation Program (TSMP),5000 Linbar Drive,Nashville,TN,37211,Suite 275,Joey,Woodard,joey.woodard@tsmp.us,5000 Linbar Drive,Nashville,TN,37211,POC,Suite 275,2012,ILF,no,no,no,Tennessee Stream Mitigation Program (TSMP),no,govt
3602,TSMP-Sugar Creek,27/10/2008,22/01/2021,"{ ""type"": ""Point"", ""coordinates"": [-87.6861, 35.8846] }",TRUE,Stream,,,Riverine,Terminated,TN,Hickman [TN],35.8846,-87.6861,Combination Public/Private,Tennessee Stream Mitigation Program (TSMP),5000 Linbar Drive,Nashville,TN,37211,Suite 275,Joey,Woodard,joey.woodard@tsmp.us,5000 Linbar Drive,Nashville,TN,37211,POC,Suite 275,2008,ILF,no,no,no,Tennessee Stream Mitigation Program (TSMP),no,govt
3603,TSMP-Crooked Creek,07/12/2012,22/01/2021,"{ ""type"": ""Point"", ""coordinates"": [-88.2814, 35.3301] }",TRUE,Stream,,,Riverine,Terminated,TN,Hardin [TN],35.3301,-88.2814,Combination Public/Private,Tennessee Stream Mitigation Program (TSMP),5000 Linbar Drive,Nashville,TN,37211,Suite 275,Joey,Woodard,joey.woodard@tsmp.us,5000 Linbar Drive,Nashville,TN,37211,POC,Suite 275,2012,ILF,no,no,no,Tennessee Stream Mitigation Program (TSMP),no,govt
3604,TSMP-West Piney River,14/11/2011,22/01/2021,"{ ""type"": ""Point"", ""coordinates"": [-87.463326, 36.035338] }",TRUE,Stream,,,Riverine,Terminated,TN,Dickson [TN],36.035338,-87.463326,Combination Public/Private,Tennessee Stream Mitigation Program (TSMP),5000 Linbar Drive,Nashville,TN,37211,Suite 275,Joey,Woodard,joey.woodard@tsmp.us,5000 Linbar Drive,Nashville,TN,37211,POC,Suite 275,2011,ILF,no,no,no,Tennessee Stream Mitigation Program (TSMP),no,govt
3605,TSMP-Turnbull Creek,22/12/2004,22/01/2021,"{ ""type"": ""Point"", ""coordinates"": [-87.139, 36.096] }",TRUE,Stream,,,Riverine,Terminated,TN,Cheatham [TN],36.096,-87.139,Combination Public/Private,Tennessee Stream Mitigation Program (TSMP),5000 Linbar Drive,Nashville,TN,37211,Suite 275,Joey,Woodard,joey.woodard@tsmp.us,5000 Linbar Drive,Nashville,TN,37211,POC,Suite 275,2004,ILF,no,no,no,Tennessee Stream Mitigation Program (TSMP),no,govt
3606,TSMP-West Harpeth,27/08/2014,22/01/2021,"{ ""type"": ""Point"", ""coordinates"": [-86.922, 35.955] }",TRUE,Stream,,,Riverine,Terminated,TN,Williamson [TN],35.955,-86.922,Combination Public/Private,Tennessee Stream Mitigation Program (TSMP),5000 Linbar Drive,Nashville,TN,37211,Suite 275,Joey,Woodard,joey.woodard@tsmp.us,5000 Linbar Drive,Nashville,TN,37211,POC,Suite 275,2014,ILF,no,no,no,Tennessee Stream Mitigation Program (TSMP),no,govt
3607,TSMP-Sevenmile Creek,07/12/2012,22/01/2021,"{ ""type"": ""Point"", ""coordinates"": [-86.742, 36.062] }",TRUE,Stream,,,Riverine,Terminated,TN,Davidson [TN],36.062,-86.742,Combination Public/Private,Tennessee Stream Mitigation Program (TSMP),5000 Linbar Drive,Nashville,TN,37211,Suite 275,Joey,Woodard,joey.woodard@tsmp.us,5000 Linbar Drive,Nashville,TN,37211,POC,Suite 275,2012,ILF,no,no,no,Tennessee Stream Mitigation Program (TSMP),no,govt
3608,TSMP-Pavilion Branch,07/12/2012,22/01/2021,"{ ""type"": ""Point"", ""coordinates"": [-86.732, 36.133] }",TRUE,Stream,,,Riverine,Terminated,TN,Davidson [TN],36.133,-86.732,Combination Public/Private,Tennessee Stream Mitigation Program (TSMP),5000 Linbar Drive,Nashville,TN,37211,Suite 275,Joey,Woodard,joey.woodard@tsmp.us,5000 Linbar Drive,Nashville,TN,37211,POC,Suite 275,2012,ILF,no,no,no,Tennessee Stream Mitigation Program (TSMP),no,govt
3609,TSMP-Mill Creek,18/03/2009,22/01/2021,"{ ""type"": ""Point"", ""coordinates"": [-86.6798130808147, 35.976934486232] }",TRUE,Stream,,,Riverine,Terminated,TN,Williamson [TN],35.97693449,-86.67981308,Combination Public/Private,Tennessee Stream Mitigation Program (TSMP),5000 Linbar Drive,Nashville,TN,37211,Suite 275,Joey,Woodard,joey.woodard@tsmp.us,5000 Linbar Drive,Nashville,TN,37211,POC,Suite 275,2009,ILF,no,no,no,Tennessee Stream Mitigation Program (TSMP),no,govt
3610,TSMP-Murfrees Fork,30/07/2009,22/01/2021,"{ ""type"": ""Point"", ""coordinates"": [-86.961712, 35.849818] }",TRUE,Stream,,,Riverine,Terminated,TN,Williamson [TN],35.849818,-86.961712,Combination Public/Private,Tennessee Stream Mitigation Program (TSMP),5000 Linbar Drive,Nashville,TN,37211,Suite 275,Joey,Woodard,joey.woodard@tsmp.us,5000 Linbar Drive,Nashville,TN,37211,POC,Suite 275,2009,ILF,no,no,no,Tennessee Stream Mitigation Program (TSMP),no,govt
3611,TSMP-Liepers Fork,23/09/2009,03/12/2018,"{ ""type"": ""Point"", ""coordinates"": [-87.0336, 35.853] }",TRUE,Stream,,,Riverine,Withdrawn,TN,Williamson [TN],35.853,-87.0336,Combination Public/Private,Tennessee Stream Mitigation Program (TSMP),5000 Linbar Drive,Nashville,TN,37211,Suite 275,Joey,Woodard,joey.woodard@tsmp.us,5000 Linbar Drive,Nashville,TN,37211,POC,Suite 275,2009,ILF,no,no,no,Tennessee Stream Mitigation Program (TSMP),no,govt
3612,TSMP-Burroughs Hollow,09/07/2014,22/01/2021,"{ ""type"": ""Point"", ""coordinates"": [-85.562, 36.318] }",TRUE,Stream,,,Riverine,Terminated,TN,Jackson [TN],36.318,-85.562,Combination Public/Private,Tennessee Stream Mitigation Program (TSMP),5000 Linbar Drive,Nashville,TN,37211,Suite 275,Joey,Woodard,joey.woodard@tsmp.us,5000 Linbar Drive,Nashville,TN,37211,POC,Suite 275,2014,ILF,no,no,no,Tennessee Stream Mitigation Program (TSMP),no,govt
3613,TSMP-Green Valley Farm,09/09/2011,22/01/2021,"{ ""type"": ""Point"", ""coordinates"": [-85.5669, 36.1359] }",TRUE,Stream,,,Riverine,Terminated,TN,Putnam [TN],36.1359,-85.5669,Combination Public/Private,Tennessee Stream Mitigation Program (TSMP),5000 Linbar Drive,Nashville,TN,37211,Suite 275,Joey,Woodard,joey.woodard@tsmp.us,5000 Linbar Drive,Nashville,TN,37211,POC,Suite 275,2011,ILF,no,no,no,Tennessee Stream Mitigation Program (TSMP),no,govt
3614,TSMP-Friar Branch,13/05/2010,22/01/2021,"{ ""type"": ""Point"", ""coordinates"": [-85.1661, 35.0547] }",TRUE,Stream,,,Riverine,Terminated,TN,Hamilton [TN],35.0547,-85.1661,Combination Public/Private,Tennessee Stream Mitigation Program (TSMP),5000 Linbar Drive,Nashville,TN,37211,Suite 275,Joey,Woodard,joey.woodard@tsmp.us,5000 Linbar Drive,Nashville,TN,37211,POC,Suite 275,2010,ILF,no,no,no,Tennessee Stream Mitigation Program (TSMP),no,govt
3615,TSMP-Marble Springs,17/05/2006,22/01/2021,"{ ""type"": ""Point"", ""coordinates"": [-83.875, 35.8947] }",TRUE,Stream,,,Riverine,Terminated,TN,Knox [TN],35.8947,-83.875,Combination Public/Private,Tennessee Stream Mitigation Program (TSMP),5000 Linbar Drive,Nashville,TN,37211,Suite 275,Joey,Woodard,joey.woodard@tsmp.us,5000 Linbar Drive,Nashville,TN,37211,POC,Suite 275,2006,ILF,no,no,no,Tennessee Stream Mitigation Program (TSMP),no,govt
3616,TSMP-Third Creek,14/08/2006,22/01/2021,"{ ""type"": ""Point"", ""coordinates"": [-83.967, 35.95] }",TRUE,Stream,,,Riverine,Terminated,TN,Knox [TN],35.95,-83.967,Combination Public/Private,Tennessee Stream Mitigation Program (TSMP),5000 Linbar Drive,Nashville,TN,37211,Suite 275,Joey,Woodard,joey.woodard@tsmp.us,5000 Linbar Drive,Nashville,TN,37211,POC,Suite 275,2006,ILF,no,no,no,Tennessee Stream Mitigation Program (TSMP),no,govt
3617,TSMP-Flat Fork,07/08/2008,22/01/2021,"{ ""type"": ""Point"", ""coordinates"": [-84.544, 36.1064] }",TRUE,Stream,,,Riverine,Terminated,TN,Morgan [TN],36.1064,-84.544,Combination Public/Private,Tennessee Stream Mitigation Program (TSMP),5000 Linbar Drive,Nashville,TN,37211,Suite 275,Joey,Woodard,joey.woodard@tsmp.us,5000 Linbar Drive,Nashville,TN,37211,POC,Suite 275,2008,ILF,no,no,no,Tennessee Stream Mitigation Program (TSMP),no,govt
3621,TSMP-Beasley,24/08/2011,22/01/2021,"{ ""type"": ""Point"", ""coordinates"": [-89.2618, 35.0742] }",TRUE,Stream,,,Riverine,Terminated,TN,Fayette [TN],35.0742,-89.2618,Combination Public/Private,Tennessee Stream Mitigation Program (TSMP),5000 Linbar Drive,Nashville,TN,37211,Suite 275,Joey,Woodard,joey.woodard@tsmp.us,5000 Linbar Drive,Nashville,TN,37211,POC,Suite 275,2011,ILF,no,no,no,Tennessee Stream Mitigation Program (TSMP),no,govt
3622,TSMP-Cole Creek,27/06/2005,22/01/2021,"{ ""type"": ""Point"", ""coordinates"": [-89.9076, 35.4181] }",TRUE,Stream,,,Riverine,Terminated,TN,Tipton [TN],35.4181,-89.9076,Combination Public/Private,Tennessee Stream Mitigation Program (TSMP),5000 Linbar Drive,Nashville,TN,37211,Suite 275,Joey,Woodard,joey.woodard@tsmp.us,5000 Linbar Drive,Nashville,TN,37211,POC,Suite 275,2005,ILF,no,no,no,Tennessee Stream Mitigation Program (TSMP),no,govt
3623,TSMP-Middle Fork Creek,13/09/2011,22/01/2021,"{ ""type"": ""Point"", ""coordinates"": [-88.4519, 35.5487] }",TRUE,Stream,,,Riverine,Terminated,TN,Henderson [TN],35.5487,-88.4519,Combination Public/Private,Tennessee Stream Mitigation Program (TSMP),5000 Linbar Drive,Nashville,TN,37211,Suite 275,Joey,Woodard,joey.woodard@tsmp.us,5000 Linbar Drive,Nashville,TN,37211,POC,Suite 275,2011,ILF,no,no,no,Tennessee Stream Mitigation Program (TSMP),no,govt
3624,TSMP-Pond Creek,25/07/2006,22/01/2021,"{ ""type"": ""Point"", ""coordinates"": [-89.2514, 35.8738] }",TRUE,Stream,,,Riverine,Terminated,TN,Crockett [TN],35.8738,-89.2514,Combination Public/Private,Tennessee Stream Mitigation Program (TSMP),5000 Linbar Drive,Nashville,TN,37211,Suite 275,Joey,Woodard,joey.woodard@tsmp.us,5000 Linbar Drive,Nashville,TN,37211,POC,Suite 275,2006,ILF,no,no,no,Tennessee Stream Mitigation Program (TSMP),no,govt
3625,TSMP-UT Wolf River,07/08/2008,22/01/2021,"{ ""type"": ""Point"", ""coordinates"": [-89.2872, 35.031] }",TRUE,Stream,,,Riverine,Terminated,TN,Fayette [TN],35.031,-89.2872,Combination Public/Private,Tennessee Stream Mitigation Program (TSMP),5000 Linbar Drive,Nashville,TN,37211,Suite 275,Joey,Woodard,joey.woodard@tsmp.us,5000 Linbar Drive,Nashville,TN,37211,POC,Suite 275,2008,ILF,no,no,no,Tennessee Stream Mitigation Program (TSMP),no,govt
4692,TSMP-Cane Ridge (Old Hickory Boulevard),NA,04/04/2019,"{ ""type"": ""Point"", ""coordinates"": [-86.622292, 36.026509] }",TRUE,,,,,Withdrawn,TN,Davidson [TN],36.026509,-86.622292,Combination Public/Private,Tennessee Stream Mitigation Program (TSMP),5000 Linbar Drive,Nashville,TN,37211,Suite 275,Joey,Woodard,joey.woodard@tsmp.us,5000 Linbar Drive,Nashville,TN,37211,POC,Suite 275,NA,ILF,no,no,no,Tennessee Stream Mitigation Program (TSMP),no,govt
4865,TSMP-Evans Hollow,NA,27/08/2024,"{ ""type"": ""Point"", ""coordinates"": [-87.0027, 35.3998] }",TRUE,Stream,,,Riverine,Withdrawn,TN,Giles [TN],35.3998,-87.0027,Combination Public/Private,Tennessee Stream Mitigation Program (TSMP),5000 Linbar Drive,Nashville,TN,37211,Suite 275,Joey,Woodard,joey.woodard@tsmp.us,5000 Linbar Drive,Nashville,TN,37211,Sponsor,Suite 275,NA,ILF,no,no,no,Tennessee Stream Mitigation Program (TSMP),no,govt
4915,TSMP-Griggs Hollow,NA,03/01/2022,"{ ""type"": ""Point"", ""coordinates"": [-87.00405, 35.41914] }",TRUE,,,,,Withdrawn,TN,Maury [TN],35.41914,-87.00405,Combination Public/Private,Tennessee Stream Mitigation Program (TSMP),5000 Linbar Drive,Nashville,TN,37211,Suite 275,Joey,Woodard,joey.woodard@tsmp.us,5000 Linbar Drive,Nashville,TN,37211,Sponsor,Suite 275,NA,ILF,no,no,no,Tennessee Stream Mitigation Program (TSMP),no,govt
5068,TSMP-Stitches,21/04/2020,22/01/2021,"{ ""type"": ""Point"", ""coordinates"": [-85.808064867662, 36.5986861257871] }",TRUE,Stream,,,Riverine,Sold-Out,TN,"Clay [TN], Macon [TN]",36.59868613,-85.80806487,Combination Public/Private,Tennessee Stream Mitigation Program (TSMP),5000 Linbar Drive,Nashville,TN,37211,Suite 275,Aaron,Speaks,aspeaks@westervelt.com,220 Bridge St,Franklin ,TN,37064,Consultant,NA,2020,ILF,no,no,no,Tennessee Stream Mitigation Program (TSMP),no,govt
5320,TSMP-Lockeland Springs,NA,13/06/2018,"{ ""type"": ""Point"", ""coordinates"": [-86.7327, 36.1753] }",TRUE,,,,,Withdrawn,TN,Davidson [TN],36.1753,-86.7327,Combination Public/Private,Tennessee Stream Mitigation Program (TSMP),5000 Linbar Drive,Nashville,TN,37211,Suite 275,Joey,Woodard,joey.woodard@tsmp.us,5000 Linbar Drive,Nashville,TN,37211,Sponsor,Suite 275,NA,ILF,no,no,no,Tennessee Stream Mitigation Program (TSMP),no,govt
5533,TWF-Cumberland City ILF Wetland Mitigation Project,26/01/2022,26/01/2022,"{ ""type"": ""Point"", ""coordinates"": [-87.654573351039, 36.4040794131421] }",TRUE,Wetland,Forested,,Palustrine,Approved,TN,Stewart [TN],36.40407941,-87.65457335,Public Commercial,Tennessee Wildlife Federation,"Michael Butler, CEO",Nashville,TN,37209,300 Orlando Avenue Suite 200,Chris,Roberts,croberts@tnwf.org,"300 Orlando Avenue, Suite 200",Nashville,TN,37209,Sponsor,NA,2022,ILF,no,no,no,yes,no,govt
1066,NCDMS Louis Berger-Homestead Site,16/09/2008,16/09/2008,"{ ""type"": ""Point"", ""coordinates"": [-80.6445720726594, 35.7591610096254] }",TRUE,Stream,,,Riverine,Approved,NC,Rowan [NC],35.75916101,-80.64457207,Public Commercial,"The Louis Berger Group, Inc.",NA,Cary,NC,27511,NA,Michael,O'Rourke,morourke@louisberger.com,1513 Walnut Street,Cary,NC,27511,POC,NA,2008,ILF,no,no,no,yes,no,govt
1067,NCDMS Louis Berger-Second Creek,16/09/2008,16/09/2008,"{ ""type"": ""Point"", ""coordinates"": [-80.5816546041419, 35.7301822912927] }",TRUE,Stream,,,Riverine,Approved,NC,Rowan [NC],35.73018229,-80.5816546,Public Commercial,"The Louis Berger Group, Inc.",NA,Cary,NC,27511,NA,Michael,O'Rourke,morourke@louisberger.com,1513 Walnut Street,Cary,NC,27511,POC,NA,2008,ILF,no,no,no,yes,no,govt
2259,"2009-SM - Falmouth Conservation Corridor-Boudreau - Falmouth, ME",04/01/2010,08/10/2015,"{ ""type"": ""Point"", ""coordinates"": [-70.293940719757, 43.7659247523401] }",TRUE,Wetland,Forested,,"Palustrine, Upland",Approved,ME,Cumberland [ME],43.76592475,-70.29394072,Public Commercial,Town of Falmouth,271 Falmouth Road,Falmouth,ME,1405,NA,Bryan,Emerson,bryan.emerson@tnc.org,14 Maine Street,Brunswick,ME,4011,POC,Suite 401,2010,ILF,no,no,no,yes,no,govt
2277,"2010-SM - E. Branch Piscataqua R- Upper - Falmouth, ME",15/12/2010,15/12/2010,"{ ""type"": ""Point"", ""coordinates"": [-70.2668429192937, 43.757464482013] }",TRUE,"Stream, Wetland","Emergent, Forested",,"Palustrine, Upland",Approved,ME,Cumberland [ME],43.75746448,-70.26684292,Public Commercial,Town of Falmouth,271 Falmouth Road,Falmouth,ME,1405,NA,Bryan,Emerson,bryan.emerson@tnc.org,14 Maine Street,Brunswick,ME,4011,POC,Suite 401,2010,ILF,no,no,no,yes,no,govt
2293,"2011-SM - Suckfish Brook - Falmouth, ME",14/12/2011,14/12/2011,"{ ""type"": ""Point"", ""coordinates"": [-70.3404476210851, 43.755661737829] }",TRUE,Wetland,"Emergent, Forested, Scrub-Shrub",,"Palustrine, Upland",Approved,ME,Cumberland [ME],43.75566174,-70.34044762,Public Commercial,Town of Falmouth,271 Falmouth Road,Falmouth,ME,1405,NA,Bryan,Emerson,bryan.emerson@tnc.org,14 Maine Street,Brunswick,ME,4011,POC,Suite 401,2011,ILF,no,no,no,yes,no,govt
2275,"2010-DM - Flanders Stream - Sullivan, ME",15/12/2010,15/12/2010,"{ ""type"": ""Point"", ""coordinates"": [-68.1512209494335, 44.5269611790429] }",TRUE,Stream,,,Riverine,Approved,ME,Hancock [ME],44.52696118,-68.15122095,Public Commercial,Town of Sullivan,1888 US Highway 1,Sullivan,ME,4664,NA,Bryan,Emerson,bryan.emerson@tnc.org,14 Maine Street,Brunswick,ME,4011,POC,Suite 401,2010,ILF,no,no,no,yes,no,govt
2280,"2010-SM - Merriland River - Tilton - Wells, ME",15/12/2010,30/12/2011,"{ ""type"": ""Point"", ""coordinates"": [-70.643574, 43.341642] }",TRUE,,,,,Withdrawn,ME,York [ME],43.341642,-70.643574,Public Commercial,Town of Wells,PO Box 398,Wells,ME,04090-0398,NA,Bryan,Emerson,bryan.emerson@tnc.org,14 Maine Street,Brunswick,ME,4011,POC,Suite 401,2010,ILF,no,no,no,yes,no,govt
2294,"2011-SM - Merriland River - High Pine - Wells, ME",14/12/2011,18/10/2018,"{ ""type"": ""Point"", ""coordinates"": [-70.681747201741, 43.3697077282925] }",TRUE,Wetland,"Forested, Scrub-Shrub",,"Palustrine, Upland",Sold-Out,ME,York [ME],43.36970773,-70.6817472,Public Commercial,Town of Wells,PO Box 398,Wells,ME,04090-0398,NA,Bryan,Emerson,bryan.emerson@tnc.org,14 Maine Street,Brunswick,ME,4011,POC,Suite 401,2011,ILF,no,no,no,yes,no,govt
2490,MN - St. Louis - S5647-1510  UM Fens V,09/07/2014,31/10/2017,"{ ""type"": ""Point"", ""coordinates"": [-92.610166, 47.233241] }",TRUE,Wetland,"Emergent, Forested, Scrub-Shrub","Broad-Leaved Deciduous, Needle-Leaved Evergreen, Persistent","Palustrine, Upland",Sold-Out,MN,St. Louis [MN],47.233241,-92.610166,Public Commercial,University of MInnesota - NRRI,5013 Miller Trunk Highway,Duluth,MN,55811,NA,University of Minnesota - NRRI,Kurt Johnson,NA,5013 Miller Trunk Hwy,Duluth,MN,55811,Sales POC,NA,2014,Standard,no,no,no,yes,no,govt
952,WisDOT - Clark - Clark County Health Care Center,30/09/2008,30/09/2008,"{ ""type"": ""Point"", ""coordinates"": [-90.5199443720745, 44.9481992596111] }",TRUE,Wetland,"Emergent, Forested","Broad-Leaved Deciduous, Persistent",Palustrine,Approved,WI,Clark [WI],44.94819926,-90.51994437,Single-Client,WI Department of Transportation - EC,Northwest Region,Eau Claire,WI,54701-5108,718 West Clairemont Avenue,Robert,Pearson,robert.pearson@dot.state.wi.us,"Wisconsin Department of Transportation, Division of Transportation Infrastructure Development Bureau of Equity and Environmental Services",Madison,WI,53707-7965,Sales POC,"4802 Sheboygan Ave., Rm 451",2008,Standard,no,no,no,Wisconsin Department of Transportation,no,govt
959,WisDOT - Dunn - Knights Creek,06/05/2008,06/05/2008,"{ ""type"": ""Point"", ""coordinates"": [-92.0784495010705, 44.8260350274516] }",TRUE,Wetland,"Emergent, Forested, Scrub-Shrub","Broad-Leaved Deciduous, Persistent",Palustrine,Approved,WI,Dunn [WI],44.82603503,-92.0784495,Single-Client,WI Department of Transportation - EC,Northwest Region,Eau Claire,WI,54701-5108,718 West Clairemont Avenue,Robert,Pearson,robert.pearson@dot.state.wi.us,"Wisconsin Department of Transportation, Division of Transportation Infrastructure Development Bureau of Equity and Environmental Services",Madison,WI,53707-7965,Sales POC,"4802 Sheboygan Ave., Rm 451",2008,Standard,no,no,no,Wisconsin Department of Transportation,no,govt
976,WisDOT - Chippewa - Stephens,30/09/2008,30/09/2008,"{ ""type"": ""Point"", ""coordinates"": [-91.1211494711888, 45.0496954486975] }",TRUE,Wetland,"Emergent, Scrub-Shrub","Broad-Leaved Deciduous, Persistent",Palustrine,Approved,WI,Chippewa [WI],45.04969545,-91.12114947,Single-Client,WI Department of Transportation - EC,Northwest Region,Eau Claire,WI,54701-5108,718 West Clairemont Avenue,Robert,Pearson,robert.pearson@dot.state.wi.us,"Wisconsin Department of Transportation, Division of Transportation Infrastructure Development Bureau of Equity and Environmental Services",Madison,WI,53707-7965,Sales POC,"4802 Sheboygan Ave., Rm 451",2008,Standard,no,no,no,Wisconsin Department of Transportation,no,govt
1264,WisDOT - Buffalo - Mill Creek,14/03/2011,14/03/2011,"{ ""type"": ""Point"", ""coordinates"": [-91.8966086730634, 44.3563619697813] }",TRUE,Wetland,Emergent,Persistent,Palustrine,Approved,WI,Buffalo [WI],44.35636197,-91.89660867,Single-Client,WI Department of Transportation - EC,Northwest Region,Eau Claire,WI,54701-5108,718 West Clairemont Avenue,Robert,Pearson,robert.pearson@dot.state.wi.us,"Wisconsin Department of Transportation, Division of Transportation Infrastructure Development Bureau of Equity and Environmental Services",Madison,WI,53707-7965,Sales POC,"4802 Sheboygan Ave., Rm 451",2011,Standard,no,no,no,Wisconsin Department of Transportation,no,govt
1289,WisDOT - Trempealeau - Spenser Hanson,NA,14/04/2011,"{ ""type"": ""Point"", ""coordinates"": [-91.281941, 44.294407] }",TRUE,,,,,Sold-Out,WI,Trempealeau [WI],44.294407,-91.281941,Single-Client,WI Department of Transportation - EC,Northwest Region,Eau Claire,WI,54701-5108,718 West Clairemont Avenue,Robert,Pearson,robert.pearson@dot.state.wi.us,"Wisconsin Department of Transportation, Division of Transportation Infrastructure Development Bureau of Equity and Environmental Services",Madison,WI,53707-7965,Sales POC,"4802 Sheboygan Ave., Rm 451",NA,Standard,no,no,no,Wisconsin Department of Transportation,no,govt
1748,WisDOT - Sawyer - Weirger Core 8,27/05/1992,01/04/2011,"{ ""type"": ""Point"", ""coordinates"": [-91.2616748806122, 45.6841120438948] }",TRUE,,,,,Sold-Out,WI,Sawyer [WI],45.68411204,-91.26167488,Single-Client,WI Department of Transportation - EC,Northwest Region,Eau Claire,WI,54701-5108,718 West Clairemont Avenue,Robert,Pearson,robert.pearson@dot.state.wi.us,"Wisconsin Department of Transportation, Division of Transportation Infrastructure Development Bureau of Equity and Environmental Services",Madison,WI,53707-7965,Sales POC,"4802 Sheboygan Ave., Rm 451",1992,Standard,no,no,no,Wisconsin Department of Transportation,no,govt
950,WisDOT - Manitowoc - Blohowiak,NA,01/04/2011,"{ ""type"": ""Point"", ""coordinates"": [-87.570806, 44.262573] }",TRUE,Wetland,,,Palustrine,Sold-Out,WI,Manitowoc [WI],44.262573,-87.570806,Single-Client,WI Department of Transportation - GB,944 Vanderperren Way,Green Bay ,WI,54304-5344,NA,Robert,Pearson,robert.pearson@dot.state.wi.us,"Wisconsin Department of Transportation, Division of Transportation Infrastructure Development Bureau of Equity and Environmental Services",Madison,WI,53707-7965,Sales POC,"4802 Sheboygan Ave., Rm 451",NA,Standard,no,no,no,Wisconsin Department of Transportation,no,govt
966,WisDOT - Oconto - Pecor Point/Beaver Creek,08/01/2010,30/04/2011,"{ ""type"": ""Point"", ""coordinates"": [-87.89148, 44.843096] }",TRUE,Wetland,,,Palustrine,Sold-Out,WI,Oconto [WI],44.843096,-87.89148,Single-Client,WI Department of Transportation - GB,944 Vanderperren Way,Green Bay ,WI,54304-5344,NA,Robert,Pearson,robert.pearson@dot.state.wi.us,"Wisconsin Department of Transportation, Division of Transportation Infrastructure Development Bureau of Equity and Environmental Services",Madison,WI,53707-7965,Sales POC,"4802 Sheboygan Ave., Rm 451",2010,Standard,no,no,no,Wisconsin Department of Transportation,no,govt
967,WisDOT - Oconto - Peshtigo Brook South (Phase 1),31/12/2010,31/12/2010,"{ ""type"": ""Point"", ""coordinates"": [-88.2991398243372, 45.1056071245478] }",TRUE,Wetland,"Emergent, Forested, Scrub-Shrub","Broad-Leaved Deciduous, Needle-Leaved Evergreen, Persistent",Palustrine,Approved,WI,Oconto [WI],45.10560712,-88.29913982,Single-Client,WI Department of Transportation - GB,944 Vanderperren Way,Green Bay ,WI,54304-5344,NA,Robert,Pearson,robert.pearson@dot.state.wi.us,"Wisconsin Department of Transportation, Division of Transportation Infrastructure Development Bureau of Equity and Environmental Services",Madison,WI,53707-7965,Sales POC,"4802 Sheboygan Ave., Rm 451",2010,Standard,no,no,no,Wisconsin Department of Transportation,no,govt
980,WisDOT - Winnebago - Walter,NA,14/04/2011,"{ ""type"": ""Point"", ""coordinates"": [-88.521459, 44.086747] }",TRUE,Wetland,,,Palustrine,Sold-Out,WI,Winnebago [WI],44.086747,-88.521459,Single-Client,WI Department of Transportation - GB,944 Vanderperren Way,Green Bay ,WI,54304-5344,NA,Robert,Pearson,robert.pearson@dot.state.wi.us,"Wisconsin Department of Transportation, Division of Transportation Infrastructure Development Bureau of Equity and Environmental Services",Madison,WI,53707-7965,Sales POC,"4802 Sheboygan Ave., Rm 451",NA,Standard,no,no,no,Wisconsin Department of Transportation,no,govt
982,WisDOT - Calumet - Weins,NA,14/03/2011,"{ ""type"": ""Point"", ""coordinates"": [-88.161835, 44.171216] }",TRUE,Wetland,,,Palustrine,Sold-Out,WI,Calumet [WI],44.171216,-88.161835,Single-Client,WI Department of Transportation - GB,944 Vanderperren Way,Green Bay ,WI,54304-5344,NA,Robert,Pearson,robert.pearson@dot.state.wi.us,"Wisconsin Department of Transportation, Division of Transportation Infrastructure Development Bureau of Equity and Environmental Services",Madison,WI,53707-7965,Sales POC,"4802 Sheboygan Ave., Rm 451",NA,Standard,no,no,no,Wisconsin Department of Transportation,no,govt
1000,WisDOT - Fond du Lac - Langenfeld,30/09/2008,01/04/2011,"{ ""type"": ""Point"", ""coordinates"": [-88.6274774365407, 43.8927141590453] }",TRUE,Wetland,,,Palustrine,Sold-Out,WI,"Fond du Lac [WI], Winnebago [WI]",43.89271416,-88.62747744,Single-Client,WI Department of Transportation - GB,944 Vanderperren Way,Green Bay ,WI,54304-5344,NA,Robert,Pearson,robert.pearson@dot.state.wi.us,"Wisconsin Department of Transportation, Division of Transportation Infrastructure Development Bureau of Equity and Environmental Services",Madison,WI,53707-7965,Sales POC,"4802 Sheboygan Ave., Rm 451",2008,Standard,no,no,no,Wisconsin Department of Transportation,no,govt
1079,WisDOT - Oconto - Peshtigo Brook North (Phase 2),01/07/2011,01/07/2011,"{ ""type"": ""Point"", ""coordinates"": [-88.2927, 45.12107] }",TRUE,Wetland,"Aquatic Bed, Emergent, Forested, Scrub-Shrub","Broad-Leaved Deciduous, Persistent, Rooted Vascular",Palustrine,Approved,WI,Oconto [WI],45.12107,-88.2927,Single-Client,WI Department of Transportation - GB,944 Vanderperren Way,Green Bay ,WI,54304-5344,NA,Robert,Pearson,robert.pearson@dot.state.wi.us,"Wisconsin Department of Transportation, Division of Transportation Infrastructure Development Bureau of Equity and Environmental Services",Madison,WI,53707-7965,Sales POC,"4802 Sheboygan Ave., Rm 451",2011,Standard,no,no,no,Wisconsin Department of Transportation,no,govt
948,WisDOT - Crawford - Bell Center,30/01/1998,30/01/1998,"{ ""type"": ""Point"", ""coordinates"": [-90.8390418559171, 43.273468733967] }",TRUE,Wetland,Emergent,Persistent,Palustrine,Approved,WI,Crawford [WI],43.27346873,-90.83904186,Single-Client,WI Department of Transportation - LAX,3550 Mormon Coulee Road,La Crosse,WI,54601-6767,NA,Robert,Pearson,robert.pearson@dot.state.wi.us,"Wisconsin Department of Transportation, Division of Transportation Infrastructure Development Bureau of Equity and Environmental Services",Madison,WI,53707-7965,Sales POC,"4802 Sheboygan Ave., Rm 451",1998,Standard,no,no,no,Wisconsin Department of Transportation,no,govt
965,WisDOT - Pierce - Pechacek-Gilbertson,26/03/2009,26/03/2009,"{ ""type"": ""Point"", ""coordinates"": [-92.5339321444716, 44.7912335949193] }",TRUE,Wetland,"Emergent, Forested, Scrub-Shrub","Broad-Leaved Deciduous, Persistent",Palustrine,Approved,WI,Pierce [WI],44.79123359,-92.53393214,Single-Client,WI Department of Transportation - LAX,3550 Mormon Coulee Road,La Crosse,WI,54601-6767,NA,Robert,Pearson,robert.pearson@dot.state.wi.us,"Wisconsin Department of Transportation, Division of Transportation Infrastructure Development Bureau of Equity and Environmental Services",Madison,WI,53707-7965,Sales POC,"4802 Sheboygan Ave., Rm 451",2009,Standard,no,no,no,Wisconsin Department of Transportation,no,govt
983,WisDOT - Richland - Rockbridge,25/01/2001,25/01/2001,"{ ""type"": ""Point"", ""coordinates"": [-90.3575517591086, 43.4532342958028] }",TRUE,Wetland,"Emergent, Forested, Scrub-Shrub","Broad-Leaved Deciduous, Persistent","Palustrine, Upland",Approved,WI,Richland [WI],43.4532343,-90.35755176,Single-Client,WI Department of Transportation - LAX,3550 Mormon Coulee Road,La Crosse,WI,54601-6767,NA,Robert,Pearson,robert.pearson@dot.state.wi.us,"Wisconsin Department of Transportation, Division of Transportation Infrastructure Development Bureau of Equity and Environmental Services",Madison,WI,53707-7965,Sales POC,"4802 Sheboygan Ave., Rm 451",2001,Standard,no,no,no,Wisconsin Department of Transportation,no,govt
1265,WisDOT - Richland - Neptune,14/04/2011,14/04/2011,"{ ""type"": ""Point"", ""coordinates"": [-90.2514165291035, 43.385803787292] }",TRUE,Wetland,Emergent,Persistent,"Palustrine, Upland",Approved,WI,Richland [WI],43.38580379,-90.25141653,Single-Client,WI Department of Transportation - LAX,3550 Mormon Coulee Road,La Crosse,WI,54601-6767,NA,Robert,Pearson,robert.pearson@dot.state.wi.us,"Wisconsin Department of Transportation, Division of Transportation Infrastructure Development Bureau of Equity and Environmental Services",Madison,WI,53707-7965,Sales POC,"4802 Sheboygan Ave., Rm 451",2011,Standard,no,no,no,Wisconsin Department of Transportation,no,govt
1269,WisDOT - Vernon - Wildcat Mountain,14/04/2011,14/04/2011,"{ ""type"": ""Point"", ""coordinates"": [-90.6040667128922, 43.7015078421788] }",TRUE,Wetland,Emergent,Persistent,"Palustrine, Upland",Approved,WI,Vernon [WI],43.70150784,-90.60406671,Single-Client,WI Department of Transportation - LAX,3550 Mormon Coulee Road,La Crosse,WI,54601-6767,NA,Robert,Pearson,robert.pearson@dot.state.wi.us,"Wisconsin Department of Transportation, Division of Transportation Infrastructure Development Bureau of Equity and Environmental Services",Madison,WI,53707-7965,Sales POC,"4802 Sheboygan Ave., Rm 451",2011,Standard,no,no,no,Wisconsin Department of Transportation,no,govt
3156,WisDOT - Monroe - Mill Bluff/Keichinger+Mecozzi,21/08/2000,21/04/2014,"{ ""type"": ""Point"", ""coordinates"": [-90.3250662715997, 43.9575881368609] }",TRUE,Wetland,"Aquatic Bed, Emergent, Forested, Scrub-Shrub","Broad-Leaved Deciduous, Persistent, Rooted Vascular","Lacustrine, Palustrine, Upland",Approved,WI,Monroe [WI],43.95758814,-90.32506627,Single-Client,WI Department of Transportation - LAX,3550 Mormon Coulee Road,La Crosse,WI,54601-6767,NA,Robert,Pearson,robert.pearson@dot.state.wi.us,"Wisconsin Department of Transportation, Division of Transportation Infrastructure Development Bureau of Equity and Environmental Services",Madison,WI,53707-7965,Sales POC,"4802 Sheboygan Ave., Rm 451",2000,Standard,no,no,no,Wisconsin Department of Transportation,no,govt
961,WisDOT - Jefferson - London,13/06/2007,13/06/2007,"{ ""type"": ""Point"", ""coordinates"": [-88.9967425594091, 43.0430553579989] }",TRUE,Wetland,"Aquatic Bed, Emergent, Forested, Scrub-Shrub","Broad-Leaved Deciduous, Persistent, Rooted Vascular","Palustrine, Upland",Approved,WI,Jefferson [WI],43.04305536,-88.99674256,Single-Client,WI Department of Transportation - MAD,2101 Wright Street,Madison,WI,53704-2583,NA,Marie,Kopka,marie.h.kopka@usace.army.mil,250 N. Sunny Slope Road,Brookfield,WI,53005,POC,Suite 296,2007,Standard,no,no,no,Wisconsin Department of Transportation,no,govt
981,WisDOT - Dodge - Waupun,01/01/2000,01/01/2000,"{ ""type"": ""Point"", ""coordinates"": [-88.7120690583043, 43.6242177612864] }",TRUE,Wetland,Emergent,Persistent,Palustrine,Approved,WI,Dodge [WI],43.62421776,-88.71206906,Single-Client,WI Department of Transportation - MAD,2101 Wright Street,Madison,WI,53704-2583,NA,Robert,Pearson,robert.pearson@dot.state.wi.us,"Wisconsin Department of Transportation, Division of Transportation Infrastructure Development Bureau of Equity and Environmental Services",Madison,WI,53707-7965,Sales POC,"4802 Sheboygan Ave., Rm 451",2000,Standard,no,no,no,Wisconsin Department of Transportation,no,govt
1267,WisDOT - Dane - Patrick Marsh - Vale Credit,01/01/2000,01/01/2000,"{ ""type"": ""Point"", ""coordinates"": [-89.1117782764586, 43.1892458525905] }",TRUE,Wetland,"Emergent, Forested, Scrub-Shrub","Broad-Leaved Deciduous, Persistent",Palustrine,Approved,WI,Dane [WI],43.18924585,-89.11177828,Single-Client,WI Department of Transportation - MAD,2101 Wright Street,Madison,WI,53704-2583,NA,Robert,Pearson,robert.pearson@dot.state.wi.us,"Wisconsin Department of Transportation, Division of Transportation Infrastructure Development Bureau of Equity and Environmental Services",Madison,WI,53707-7965,Sales POC,"4802 Sheboygan Ave., Rm 451",2000,Standard,no,no,no,Wisconsin Department of Transportation,no,govt
2629,WisDOT - Vilas - Dootoobii,NA,05/04/2017,"{ ""type"": ""Point"", ""coordinates"": [-89.86991, 46.05082] }",TRUE,,,,,Terminated,WI,Vilas [WI],46.05082,-89.86991,Single-Client,WI Department of Transportation - RHI,510 N. Hanson Lake Road,Rhinelander,WI,54501,NA,Robert,Pearson,robert.pearson@dot.state.wi.us,"Wisconsin Department of Transportation, Division of Transportation Infrastructure Development Bureau of Equity and Environmental Services",Madison,WI,53707-7965,Sales POC,"4802 Sheboygan Ave., Rm 451",NA,Standard,no,no,no,Wisconsin Department of Transportation,no,govt
956,WisDOT - Walworth - Jacobson Parcel,30/12/2009,30/12/2009,"{ ""type"": ""Point"", ""coordinates"": [-88.6932296186345, 42.6931705979813] }",TRUE,Wetland,Emergent,Persistent,Palustrine,Approved,WI,Walworth [WI],42.6931706,-88.69322962,Single-Client,WI Department of Transportation - Waukesha,141 NW Barstow Street,Waukesha,WI,53187-0798,P.O. Box 798,Robert,Pearson,robert.pearson@dot.state.wi.us,"Wisconsin Department of Transportation, Division of Transportation Infrastructure Development Bureau of Equity and Environmental Services",Madison,WI,53707-7965,Sales POC,"4802 Sheboygan Ave., Rm 451",2009,Standard,no,no,no,Wisconsin Department of Transportation,no,govt
971,WisDOT - Waukesha - Ryan,30/09/2008,14/04/2011,"{ ""type"": ""Point"", ""coordinates"": [-88.243648957259, 43.0708231880869] }",TRUE,Wetland,,,Palustrine,Approved,WI,Waukesha [WI],43.07082319,-88.24364896,Single-Client,WI Department of Transportation - Waukesha,141 NW Barstow Street,Waukesha,WI,53187-0798,P.O. Box 798,Robert,Pearson,robert.pearson@dot.state.wi.us,"Wisconsin Department of Transportation, Division of Transportation Infrastructure Development Bureau of Equity and Environmental Services",Madison,WI,53707-7965,Sales POC,"4802 Sheboygan Ave., Rm 451",2008,Standard,no,no,no,Wisconsin Department of Transportation,no,govt
996,WisDOT - Waukesha - Cull,30/09/2008,30/09/2008,"{ ""type"": ""Point"", ""coordinates"": [-88.3152500812347, 43.0959073766452] }",TRUE,Wetland,,,Palustrine,Approved,WI,Waukesha [WI],43.09590738,-88.31525008,Single-Client,WI Department of Transportation - Waukesha,141 NW Barstow Street,Waukesha,WI,53187-0798,P.O. Box 798,Robert,Pearson,robert.pearson@dot.state.wi.us,"Wisconsin Department of Transportation, Division of Transportation Infrastructure Development Bureau of Equity and Environmental Services",Madison,WI,53707-7965,Sales POC,"4802 Sheboygan Ave., Rm 451",2008,Standard,no,no,no,Wisconsin Department of Transportation,no,govt
997,WisDOT - Washington - Gundrum,30/09/2008,31/05/2012,"{ ""type"": ""Point"", ""coordinates"": [-88.2849332625761, 43.42499329128] }",TRUE,Wetland,,,Palustrine,Sold-Out,WI,Washington [WI],43.42499329,-88.28493326,Single-Client,WI Department of Transportation - Waukesha,141 NW Barstow Street,Waukesha,WI,53187-0798,P.O. Box 798,Robert,Pearson,robert.pearson@dot.state.wi.us,"Wisconsin Department of Transportation, Division of Transportation Infrastructure Development Bureau of Equity and Environmental Services",Madison,WI,53707-7965,Sales POC,"4802 Sheboygan Ave., Rm 451",2008,Standard,no,no,no,Wisconsin Department of Transportation,no,govt
999,WisDOT - Waukesha - STH 59,08/01/2010,25/04/2013,"{ ""type"": ""Point"", ""coordinates"": [-88.2133400321334, 42.9758015140815] }",TRUE,Wetland,,,Palustrine,Sold-Out,WI,Waukesha [WI],42.97580151,-88.21334003,Single-Client,WI Department of Transportation - Waukesha,141 NW Barstow Street,Waukesha,WI,53187-0798,P.O. Box 798,Robert,Pearson,robert.pearson@dot.state.wi.us,"Wisconsin Department of Transportation, Division of Transportation Infrastructure Development Bureau of Equity and Environmental Services",Madison,WI,53707-7965,Sales POC,"4802 Sheboygan Ave., Rm 451",2010,Standard,no,no,no,Wisconsin Department of Transportation,no,govt
1001,WisDOT - Waukesha - Peters,NA,28/04/2008,"{ ""type"": ""Point"", ""coordinates"": [-88.143540054269, 42.8462411273741] }",TRUE,Wetland,,,Palustrine,Sold-Out,WI,Waukesha [WI],42.84624113,-88.14354005,Single-Client,WI Department of Transportation - Waukesha,141 NW Barstow Street,Waukesha,WI,53187-0798,P.O. Box 798,Robert,Pearson,robert.pearson@dot.state.wi.us,"Wisconsin Department of Transportation, Division of Transportation Infrastructure Development Bureau of Equity and Environmental Services",Madison,WI,53707-7965,Sales POC,"4802 Sheboygan Ave., Rm 451",NA,Standard,no,no,no,Wisconsin Department of Transportation,no,govt
1274,WisDOT - Kenosha - Fox (STH 50),29/04/2011,29/04/2011,"{ ""type"": ""Point"", ""coordinates"": [-88.223595, 42.572108] }",TRUE,Wetland,"Emergent, Scrub-Shrub","Broad-Leaved Deciduous, Persistent",Palustrine,Approved,WI,Kenosha [WI],42.572108,-88.223595,Single-Client,WI Department of Transportation - Waukesha,141 NW Barstow Street,Waukesha,WI,53187-0798,P.O. Box 798,Robert,Pearson,robert.pearson@dot.state.wi.us,"Wisconsin Department of Transportation, Division of Transportation Infrastructure Development Bureau of Equity and Environmental Services",Madison,WI,53707-7965,Sales POC,"4802 Sheboygan Ave., Rm 451",2011,Standard,no,no,no,Wisconsin Department of Transportation,no,govt
1279,WisDOT - Walworth - Yanny,29/04/2011,14/05/2013,"{ ""type"": ""Point"", ""coordinates"": [-88.311799, 42.667528] }",TRUE,,,,,Sold-Out,WI,Walworth [WI],42.667528,-88.311799,Single-Client,WI Department of Transportation - Waukesha,141 NW Barstow Street,Waukesha,WI,53187-0798,P.O. Box 798,Robert,Pearson,robert.pearson@dot.state.wi.us,"Wisconsin Department of Transportation, Division of Transportation Infrastructure Development Bureau of Equity and Environmental Services",Madison,WI,53707-7965,Sales POC,"4802 Sheboygan Ave., Rm 451",2011,Standard,no,no,no,Wisconsin Department of Transportation,no,govt
1280,WisDOT - Walworth - Whitewater,17/08/2001,17/08/2001,"{ ""type"": ""Point"", ""coordinates"": [-88.7096162690663, 42.8094759177153] }",TRUE,Wetland,Emergent,Persistent,Palustrine,Approved,WI,Walworth [WI],42.80947592,-88.70961627,Single-Client,WI Department of Transportation - Waukesha,141 NW Barstow Street,Waukesha,WI,53187-0798,P.O. Box 798,Robert,Pearson,robert.pearson@dot.state.wi.us,"Wisconsin Department of Transportation, Division of Transportation Infrastructure Development Bureau of Equity and Environmental Services",Madison,WI,53707-7965,Sales POC,"4802 Sheboygan Ave., Rm 451",2001,Standard,no,no,no,Wisconsin Department of Transportation,no,govt
1285,WisDOT - Fond du Lac - Taycheeda Creek,03/03/2003,01/04/2011,"{ ""type"": ""Point"", ""coordinates"": [-88.4035675143702, 43.7795717692375] }",TRUE,Wetland,Emergent,Persistent,Palustrine,Sold-Out,WI,Fond du Lac [WI],43.77957177,-88.40356751,Single-Client,WI Department of Transportation - Waukesha,141 NW Barstow Street,Waukesha,WI,53187-0798,P.O. Box 798,Robert,Pearson,robert.pearson@dot.state.wi.us,"Wisconsin Department of Transportation, Division of Transportation Infrastructure Development Bureau of Equity and Environmental Services",Madison,WI,53707-7965,Sales POC,"4802 Sheboygan Ave., Rm 451",2003,Standard,no,no,no,Wisconsin Department of Transportation,no,govt
1286,WisDOT - Waukesha - STH 67/Rosenow Creek,14/04/2011,14/04/2011,"{ ""type"": ""Point"", ""coordinates"": [-88.476704, 43.132716] }",TRUE,Wetland,Emergent,Persistent,Palustrine,Approved,WI,Waukesha [WI],43.132716,-88.476704,Single-Client,WI Department of Transportation - Waukesha,141 NW Barstow Street,Waukesha,WI,53187-0798,P.O. Box 798,Robert,Pearson,robert.pearson@dot.state.wi.us,"Wisconsin Department of Transportation, Division of Transportation Infrastructure Development Bureau of Equity and Environmental Services",Madison,WI,53707-7965,Sales POC,"4802 Sheboygan Ave., Rm 451",2011,Standard,no,no,no,Wisconsin Department of Transportation,no,govt
1288,WisDOT - Racine - STH 20,14/04/2011,14/04/2011,"{ ""type"": ""Point"", ""coordinates"": [-88.087074, 42.740779] }",TRUE,Wetland,,,Palustrine,Approved,WI,Racine [WI],42.740779,-88.087074,Single-Client,WI Department of Transportation - Waukesha,141 NW Barstow Street,Waukesha,WI,53187-0798,P.O. Box 798,Robert,Pearson,robert.pearson@dot.state.wi.us,"Wisconsin Department of Transportation, Division of Transportation Infrastructure Development Bureau of Equity and Environmental Services",Madison,WI,53707-7965,Sales POC,"4802 Sheboygan Ave., Rm 451",2011,Standard,no,no,no,Wisconsin Department of Transportation,no,govt
1299,WisDOT - Jefferson - Kmetz,14/04/2011,14/04/2011,"{ ""type"": ""Point"", ""coordinates"": [-90.342062, 43.778183] }",TRUE,Wetland,"Emergent, Forested, Scrub-Shrub","Broad-Leaved Deciduous, Persistent","Palustrine, Upland",Approved,WI,Monroe [WI],43.778183,-90.342062,Single-Client,WI Department of Transportation - Waukesha,141 NW Barstow Street,Waukesha,WI,53187-0798,P.O. Box 798,Robert,Pearson,robert.pearson@dot.state.wi.us,"Wisconsin Department of Transportation, Division of Transportation Infrastructure Development Bureau of Equity and Environmental Services",Madison,WI,53707-7965,Sales POC,"4802 Sheboygan Ave., Rm 451",2011,Standard,no,no,no,Wisconsin Department of Transportation,no,govt
949,WisDOT - Langlade - Bina,30/12/2009,30/12/2009,"{ ""type"": ""Point"", ""coordinates"": [-89.2633467810241, 45.189855821766] }",TRUE,Wetland,"Aquatic Bed, Emergent","Persistent, Rooted Vascular","Lacustrine, Palustrine",Approved,WI,Langlade [WI],45.18985582,-89.26334678,Single-Client,WI Department of Transportation - WR,WisDOT - North Central Region,Wisconsin Rapids ,WI,54495,1681 Second Ave. S.,Robert,Pearson,robert.pearson@dot.state.wi.us,"Wisconsin Department of Transportation, Division of Transportation Infrastructure Development Bureau of Equity and Environmental Services",Madison,WI,53707-7965,Sales POC,"4802 Sheboygan Ave., Rm 451",2009,Standard,no,no,no,Wisconsin Department of Transportation,no,govt
954,WisDOT - Marquette - Hope Marsh Phase 1,21/08/1996,21/08/1996,"{ ""type"": ""Point"", ""coordinates"": [-89.2843505385779, 43.732382381335] }",TRUE,Wetland,"Emergent, Forested","Broad-Leaved Deciduous, Persistent",Palustrine,Approved,WI,Marquette [WI],43.73238238,-89.28435054,Single-Client,WI Department of Transportation - WR,WisDOT - North Central Region,Wisconsin Rapids ,WI,54495,1681 Second Ave. S.,Robert,Pearson,robert.pearson@dot.state.wi.us,"Wisconsin Department of Transportation, Division of Transportation Infrastructure Development Bureau of Equity and Environmental Services",Madison,WI,53707-7965,Sales POC,"4802 Sheboygan Ave., Rm 451",1996,Standard,no,no,no,Wisconsin Department of Transportation,no,govt
955,WisDOT - Marquette - Hope Marsh Phase 2,21/06/1996,21/06/1996,"{ ""type"": ""Point"", ""coordinates"": [-89.283258675502, 43.7477926244261] }",TRUE,Wetland,"Emergent, Forested, Scrub-Shrub","Broad-Leaved Deciduous, Persistent",Palustrine,Approved,WI,Marquette [WI],43.74779262,-89.28325868,Single-Client,WI Department of Transportation - WR,WisDOT - North Central Region,Wisconsin Rapids ,WI,54495,1681 Second Ave. S.,Robert,Pearson,robert.pearson@dot.state.wi.us,"Wisconsin Department of Transportation, Division of Transportation Infrastructure Development Bureau of Equity and Environmental Services",Madison,WI,53707-7965,Sales POC,"4802 Sheboygan Ave., Rm 451",1996,Standard,no,no,no,Wisconsin Department of Transportation,no,govt
978,WisDOT - Marathon - Three Lakes Phase I,14/04/2011,14/04/2011,"{ ""type"": ""Point"", ""coordinates"": [-90.2247575773603, 44.9364858437835] }",TRUE,Wetland,"Emergent, Forested, Scrub-Shrub","Broad-Leaved Deciduous, Persistent",Palustrine,Approved,WI,Marathon [WI],44.93648584,-90.22475758,Single-Client,WI Department of Transportation - WR,WisDOT - North Central Region,Wisconsin Rapids ,WI,54495,1681 Second Ave. S.,Robert,Pearson,robert.pearson@dot.state.wi.us,"Wisconsin Department of Transportation, Division of Transportation Infrastructure Development Bureau of Equity and Environmental Services",Madison,WI,53707-7965,Sales POC,"4802 Sheboygan Ave., Rm 451",2011,Standard,no,no,no,Wisconsin Department of Transportation,no,govt
979,WisDOT - Marathon - Three Lakes Phase II,15/06/1999,15/06/1999,"{ ""type"": ""Point"", ""coordinates"": [-90.212301427537, 44.9298438954816] }",TRUE,Wetland,Emergent,Persistent,Palustrine,Approved,WI,Marathon [WI],44.9298439,-90.21230143,Single-Client,WI Department of Transportation - WR,WisDOT - North Central Region,Wisconsin Rapids ,WI,54495,1681 Second Ave. S.,Robert,Pearson,robert.pearson@dot.state.wi.us,"Wisconsin Department of Transportation, Division of Transportation Infrastructure Development Bureau of Equity and Environmental Services",Madison,WI,53707-7965,Sales POC,"4802 Sheboygan Ave., Rm 451",1999,Standard,no,no,no,Wisconsin Department of Transportation,no,govt
1770,WisDOT - Marathon - Big Eau Pleine,15/10/2010,15/10/2010,"{ ""type"": ""Point"", ""coordinates"": [-90.1751758357581, 45.0289655280421] }",TRUE,Wetland,"Emergent, Forested, Scrub-Shrub","Broad-Leaved Deciduous, Persistent",Palustrine,Approved,WI,Marathon [WI],45.02896553,-90.17517584,Single-Client,WI Department of Transportation - WR,WisDOT - North Central Region,Wisconsin Rapids ,WI,54495,1681 Second Ave. S.,Robert,Pearson,robert.pearson@dot.state.wi.us,"Wisconsin Department of Transportation, Division of Transportation Infrastructure Development Bureau of Equity and Environmental Services",Madison,WI,53707-7965,Sales POC,"4802 Sheboygan Ave., Rm 451",2010,Standard,no,no,no,Wisconsin Department of Transportation,no,govt
951,WisDOT - Barron - Branca East/West,30/09/2008,30/09/2008,"{ ""type"": ""Point"", ""coordinates"": [-92.0494728869297, 45.4886927295196] }",TRUE,Wetland,Emergent,Persistent,Palustrine,Approved,WI,Barron [WI],45.48869273,-92.04947289,Single-Client,WI Dept. of Transportation - Superior,ATTN: Environmental Coordinator,Superior,WI,54880,1701 N. 4th Street,Robert,Pearson,robert.pearson@dot.state.wi.us,"Wisconsin Department of Transportation, Division of Transportation Infrastructure Development Bureau of Equity and Environmental Services",Madison,WI,53707-7965,Sales POC,"4802 Sheboygan Ave., Rm 451",2008,Standard,no,no,no,Wisconsin Department of Transportation,no,govt
957,WisDOT - Rusk - John Eitenmiller,04/01/2010,04/01/2010,"{ ""type"": ""Point"", ""coordinates"": [-91.1942983665167, 45.4270998355373] }",TRUE,Wetland,Emergent,Persistent,Palustrine,Approved,WI,Rusk [WI],45.42709984,-91.19429837,Single-Client,WI Dept. of Transportation - Superior,ATTN: Environmental Coordinator,Superior,WI,54880,1701 N. 4th Street,Robert,Pearson,robert.pearson@dot.state.wi.us,"Wisconsin Department of Transportation, Division of Transportation Infrastructure Development Bureau of Equity and Environmental Services",Madison,WI,53707-7965,Sales POC,"4802 Sheboygan Ave., Rm 451",2010,Standard,no,no,no,Wisconsin Department of Transportation,no,govt
960,WisDOT - Burnett - Lauritsen,30/09/2008,30/09/2008,"{ ""type"": ""Point"", ""coordinates"": [-92.0988392448652, 45.6698711132612] }",TRUE,Wetland,"Emergent, Forested","Broad-Leaved Deciduous, Persistent",Palustrine,Approved,WI,Burnett [WI],45.66987111,-92.09883924,Single-Client,WI Dept. of Transportation - Superior,ATTN: Environmental Coordinator,Superior,WI,54880,1701 N. 4th Street,Robert,Pearson,robert.pearson@dot.state.wi.us,"Wisconsin Department of Transportation, Division of Transportation Infrastructure Development Bureau of Equity and Environmental Services",Madison,WI,53707-7965,Sales POC,"4802 Sheboygan Ave., Rm 451",2008,Standard,no,no,no,Wisconsin Department of Transportation,no,govt
969,WisDOT - Douglas - Roy Johnson West,01/01/2000,01/01/2000,"{ ""type"": ""Point"", ""coordinates"": [-91.6336673821597, 46.6837500923323] }",TRUE,Wetland,"Emergent, Forested","Broad-Leaved Deciduous, Persistent","Palustrine, Upland",Approved,WI,Douglas [WI],46.68375009,-91.63366738,Single-Client,WI Dept. of Transportation - Superior,ATTN: Environmental Coordinator,Superior,WI,54880,1701 N. 4th Street,Robert,Pearson,robert.pearson@dot.state.wi.us,"Wisconsin Department of Transportation, Division of Transportation Infrastructure Development Bureau of Equity and Environmental Services",Madison,WI,53707-7965,Sales POC,"4802 Sheboygan Ave., Rm 451",2000,Standard,no,no,no,Wisconsin Department of Transportation,no,govt
970,WisDOT - Douglas - Roy Johnson East,01/01/2000,14/03/2011,"{ ""type"": ""Point"", ""coordinates"": [-91.6230264981284, 46.680203349648] }",TRUE,Wetland,"Aquatic Bed, Emergent, Forested, Scrub-Shrub","Broad-Leaved Deciduous, Needle-Leaved Evergreen, Persistent, Rooted Vascular","Lacustrine, Palustrine",Sold-Out,WI,Douglas [WI],46.68020335,-91.6230265,Single-Client,WI Dept. of Transportation - Superior,ATTN: Environmental Coordinator,Superior,WI,54880,1701 N. 4th Street,Robert,Pearson,robert.pearson@dot.state.wi.us,"Wisconsin Department of Transportation, Division of Transportation Infrastructure Development Bureau of Equity and Environmental Services",Madison,WI,53707-7965,Sales POC,"4802 Sheboygan Ave., Rm 451",2000,Standard,no,no,no,Wisconsin Department of Transportation,no,govt
975,WisDOT - Barron - Staples Creek,30/12/2000,30/12/2000,"{ ""type"": ""Point"", ""coordinates"": [-92.1429782729223, 45.5572053510169] }",TRUE,Wetland,"Emergent, Forested, Scrub-Shrub","Broad-Leaved Deciduous, Persistent",Palustrine,Approved,WI,Barron [WI],45.55720535,-92.14297827,Single-Client,WI Dept. of Transportation - Superior,ATTN: Environmental Coordinator,Superior,WI,54880,1701 N. 4th Street,Robert,Pearson,robert.pearson@dot.state.wi.us,"Wisconsin Department of Transportation, Division of Transportation Infrastructure Development Bureau of Equity and Environmental Services",Madison,WI,53707-7965,Sales POC,"4802 Sheboygan Ave., Rm 451",2000,Standard,no,no,no,Wisconsin Department of Transportation,no,govt
977,WisDOT - Burnett - Strom-Nelson,18/04/2007,18/04/2007,"{ ""type"": ""Point"", ""coordinates"": [-92.6129907504416, 45.7611719200557] }",TRUE,Wetland,Emergent,Persistent,Palustrine,Approved,WI,Burnett [WI],45.76117192,-92.61299075,Single-Client,WI Dept. of Transportation - Superior,ATTN: Environmental Coordinator,Superior,WI,54880,1701 N. 4th Street,Robert,Pearson,robert.pearson@dot.state.wi.us,"Wisconsin Department of Transportation, Division of Transportation Infrastructure Development Bureau of Equity and Environmental Services",Madison,WI,53707-7965,Sales POC,"4802 Sheboygan Ave., Rm 451",2007,Standard,no,no,no,Wisconsin Department of Transportation,no,govt
1013,WisDOT - Washburn - Beaver Brook,14/05/2010,14/05/2010,"{ ""type"": ""Point"", ""coordinates"": [-91.8305139895328, 45.7627620170627] }",TRUE,Wetland,"Emergent, Forested, Scrub-Shrub","Broad-Leaved Deciduous, Persistent",Palustrine,Approved,WI,Washburn [WI],45.76276202,-91.83051399,Single-Client,WI Dept. of Transportation - Superior,ATTN: Environmental Coordinator,Superior,WI,54880,1701 N. 4th Street,Robert,Pearson,robert.pearson@dot.state.wi.us,"Wisconsin Department of Transportation, Division of Transportation Infrastructure Development Bureau of Equity and Environmental Services",Madison,WI,53707-7965,Sales POC,"4802 Sheboygan Ave., Rm 451",2010,Standard,no,no,no,Wisconsin Department of Transportation,no,govt
1023,WisDOT - Bayfield - Beartrap Creek,19/08/2014,19/08/2014,"{ ""type"": ""Point"", ""coordinates"": [-90.9333212510542, 46.5119038969151] }",TRUE,Wetland,"Emergent, Forested, Scrub-Shrub","Broad-Leaved Deciduous, Persistent",Palustrine,Approved,WI,Bayfield [WI],46.5119039,-90.93332125,Single-Client,WI Dept. of Transportation - Superior,ATTN: Environmental Coordinator,Superior,WI,54880,1701 N. 4th Street,Robert,Pearson,robert.pearson@dot.state.wi.us,"Wisconsin Department of Transportation, Division of Transportation Infrastructure Development Bureau of Equity and Environmental Services",Madison,WI,53707-7965,Sales POC,"4802 Sheboygan Ave., Rm 451",2014,Standard,no,no,no,Wisconsin Department of Transportation,no,govt
1255,WisDOT - Douglas - Brule Ponds,NA,01/04/2011,"{ ""type"": ""Point"", ""coordinates"": [-91.8305331399127, 45.7627940073388] }",TRUE,,,,,Sold-Out,WI,Washburn [WI],45.76279401,-91.83053314,Single-Client,WI Dept. of Transportation - Superior,ATTN: Environmental Coordinator,Superior,WI,54880,1701 N. 4th Street,Robert,Pearson,robert.pearson@dot.state.wi.us,"Wisconsin Department of Transportation, Division of Transportation Infrastructure Development Bureau of Equity and Environmental Services",Madison,WI,53707-7965,Sales POC,"4802 Sheboygan Ave., Rm 451",NA,Standard,no,no,no,Wisconsin Department of Transportation,no,govt
1256,WisDOT - Douglas - 53 Core 13,NA,01/04/2011,"{ ""type"": ""Point"", ""coordinates"": [-91.9562291669322, 46.6288506938352] }",TRUE,,,,,Sold-Out,WI,Douglas [WI],46.62885069,-91.95622917,Single-Client,WI Dept. of Transportation - Superior,ATTN: Environmental Coordinator,Superior,WI,54880,1701 N. 4th Street,Robert,Pearson,robert.pearson@dot.state.wi.us,"Wisconsin Department of Transportation, Division of Transportation Infrastructure Development Bureau of Equity and Environmental Services",Madison,WI,53707-7965,Sales POC,"4802 Sheboygan Ave., Rm 451",NA,Standard,no,no,no,Wisconsin Department of Transportation,no,govt
1301,WisDOT - Bayfield - Glendenning Wetland Mitigation Bank,NA,14/03/2011,"{ ""type"": ""Point"", ""coordinates"": [-90.956161, 46.609094] }",TRUE,,,,,Sold-Out,WI,Bayfield [WI],46.609094,-90.956161,Single-Client,WI Dept. of Transportation - Superior,ATTN: Environmental Coordinator,Superior,WI,54880,1701 N. 4th Street,Robert,Pearson,robert.pearson@dot.state.wi.us,"Wisconsin Department of Transportation, Division of Transportation Infrastructure Development Bureau of Equity and Environmental Services",Madison,WI,53707-7965,Sales POC,"4802 Sheboygan Ave., Rm 451",NA,Standard,no,no,no,Wisconsin Department of Transportation,no,govt
1359,WisDOT - Taylor - Taylor CTH  V,09/06/2010,09/06/2010,"{ ""type"": ""Point"", ""coordinates"": [-90.8666, 45.35] }",TRUE,Wetland,Emergent,Persistent,Palustrine,Approved,WI,Taylor [WI],45.35,-90.8666,Single-Client,WI Dept. of Transportation - Superior,ATTN: Environmental Coordinator,Superior,WI,54880,1701 N. 4th Street,Robert,Pearson,robert.pearson@dot.state.wi.us,"Wisconsin Department of Transportation, Division of Transportation Infrastructure Development Bureau of Equity and Environmental Services",Madison,WI,53707-7965,Sales POC,"4802 Sheboygan Ave., Rm 451",2010,Standard,no,no,no,Wisconsin Department of Transportation,no,govt
6782,NCDMS Crazy Diamond,NA,04/12/2024,"{ ""type"": ""Point"", ""coordinates"": [-80.117657, 35.149208] }",TRUE,,,,,Pending,NC,Anson [NC],35.149208,-80.117657,Public Commercial,"Wildlands Holdings X, LLC",Attn: Shawn Wilkerson,Charlotte,NC,28203,"1430 South Mint Street, Suite 104",NA,NA,NA,NA,NA,NA,NA,NA,NA,NA,ILF,no,no,no,yes,no,govt
1409,MN - Wilkin - S190-190 ^ CHD,06/06/2010,05/10/2016,"{ ""type"": ""Point"", ""coordinates"": [-96.7367767204048, 46.4994236672945] }",TRUE,Wetland,Emergent,Persistent,Palustrine,Terminated,MN,Wilkin [MN],46.49942367,-96.73677672,Public Commercial,Wilkin County Highway Department,Highway 75 & 8th St. S.,"Breckenridge, MN  56520",MN,56520,NA,Tom,Richels,trichels@co.wilkin.mn.us,Wilkin County Highway Department,Breckenridge,MN,56520,POC,515 South 8th St. ,2010,Standard,no,no,no,yes,no,govt
4604,Upper Oconee Mitigation Bank,NA,06/09/2022,"{ ""type"": ""Point"", ""coordinates"": [-83.63036, 34.01948] }",TRUE,,,,,Withdrawn,GA,Barrow [GA],34.01948,-83.63036,Public Commercial,"Wilkinson Oconee, LLC",The Loudermilk Companies ,Atlanta,GA,30305,Attn: Charlie Loudermilk,NA,NA,NA,NA,NA,NA,NA,NA,NA,NA,Standard,no,no,no,yes,no,govt
4538,WI - Manitowoc - Woodland Dunes ILF Site,07/08/2019,07/08/2019,"{ ""type"": ""Point"", ""coordinates"": [-87.6246, 44.14037] }",TRUE,Wetland,,,Palustrine,Approved,WI,Manitowoc [WI],44.14037,-87.6246,Public Commercial,Wisconsin Department of Natural Resources,NA,Madison,WI,NA,NA,Joshua,Brown,JoshuaA.Brown@wisconsin.gov,P.O. Box 7921,Madison,WI,53703,Sponsor,101 S. Webster Street,2019,ILF,no,no,no,yes,no,govt
4539,WI - Waukesha - WCLC Mukwonago River,10/07/2019,10/07/2019,"{ ""type"": ""Point"", ""coordinates"": [-88.399132, 42.850102] }",TRUE,Wetland,,,Palustrine,Approved,WI,Waukesha [WI],42.850102,-88.399132,Public Commercial,Wisconsin Department of Natural Resources,NA,Madison,WI,NA,NA,Joshua,Brown,JoshuaA.Brown@wisconsin.gov,P.O. Box 7921,Madison,WI,53703,Sponsor,101 S. Webster Street,2019,ILF,no,no,no,yes,no,govt
4540,WI - Trempealeau - Helen Davis,NA,24/10/2017,"{ ""type"": ""Point"", ""coordinates"": [-91.45558, 44.15481] }",TRUE,,,,,Withdrawn,WI,Trempealeau [WI],44.15481,-91.45558,Public Commercial,Wisconsin Department of Natural Resources,NA,Madison,WI,NA,NA,Joshua,Brown,JoshuaA.Brown@wisconsin.gov,P.O. Box 7921,Madison,WI,53703,Sponsor,101 S. Webster Street,NA,ILF,no,no,no,yes,no,govt
4541,WI - Pepin - Morsbach South Aquisition,NA,24/10/2017,"{ ""type"": ""Point"", ""coordinates"": [-92.05484, 44.5273] }",TRUE,,,,,Withdrawn,WI,Pepin [WI],44.5273,-92.05484,Public Commercial,Wisconsin Department of Natural Resources,NA,Madison,WI,NA,NA,Joshua,Brown,JoshuaA.Brown@wisconsin.gov,P.O. Box 7921,Madison,WI,53703,Sponsor,101 S. Webster Street,NA,ILF,no,no,no,yes,no,govt
4542,WI - Winnebago - Bohn Farm WWCT Site,07/08/2019,07/08/2019,"{ ""type"": ""Point"", ""coordinates"": [-88.869692, 44.112693] }",TRUE,Wetland,,,Palustrine,Approved,WI,Winnebago [WI],44.112693,-88.869692,Public Commercial,Wisconsin Department of Natural Resources,NA,Madison,WI,NA,NA,Joshua,Brown,JoshuaA.Brown@wisconsin.gov,P.O. Box 7921,Madison,WI,53703,Sponsor,101 S. Webster Street,2019,ILF,no,no,no,yes,no,govt
4829,WI - Jackson - Northern Family Farms ILF site,31/05/2019,31/05/2019,"{ ""type"": ""Point"", ""coordinates"": [-90.86671, 44.4859] }",TRUE,Wetland,,,Palustrine,Approved,WI,Jackson [WI],44.4859,-90.86671,Public Commercial,Wisconsin Department of Natural Resources,NA,Madison,WI,NA,NA,Joshua,Brown,JoshuaA.Brown@wisconsin.gov,P.O. Box 7921,Madison,WI,53703,Sponsor,101 S. Webster Street,2019,ILF,no,no,no,yes,no,govt
4916,WI - Chippewa - Hallie Marsh ILF Site,07/08/2019,07/08/2019,"{ ""type"": ""Point"", ""coordinates"": [-91.370302, 44.899872] }",TRUE,Wetland,,,Palustrine,Approved,WI,Chippewa [WI],44.899872,-91.370302,Public Commercial,Wisconsin Department of Natural Resources,NA,Madison,WI,NA,NA,Joshua,Brown,JoshuaA.Brown@wisconsin.gov,P.O. Box 7921,Madison,WI,53703,Sponsor,101 S. Webster Street,2019,ILF,no,no,no,yes,no,govt
5308,WI - Racine - Meachem ILF site,24/11/2020,24/11/2020,"{ ""type"": ""Point"", ""coordinates"": [-87.83372, 42.67449] }",TRUE,Wetland,,,Palustrine,Approved,WI,Racine [WI],42.67449,-87.83372,Public Commercial,Wisconsin Department of Natural Resources,Wisconsin Wetland Conservation Trust,Madison,WI,53707,101 S. Webster Street,Joshua,Brown,JoshuaA.Brown@wisconsin.gov,P.O. Box 7921,Madison,WI,53703,Sponsor,101 S. Webster Street,2020,ILF,no,no,no,yes,no,govt
5368,WI - Sheboygan - Sheboygan County Te Stroete WWCT Site,NA,12/10/2021,"{ ""type"": ""Point"", ""coordinates"": [-87.974617, 43.560304] }",TRUE,Wetland,,,Palustrine,Approved,WI,Sheboygan [WI],43.560304,-87.974617,Public Commercial,Wisconsin Department of Natural Resources,Wisconsin Wetland Conservation Trust,Madison,WI,53707,101 S. Webster Street,Joshua,Brown,JoshuaA.Brown@wisconsin.gov,P.O. Box 7921,Madison,WI,53703,Sponsor,101 S. Webster Street,NA,ILF,no,no,no,yes,no,govt
5487,WI - Columbia - Heinze (Big Slough) WWCT Site,NA,25/10/2021,"{ ""type"": ""Point"", ""coordinates"": [-89.526131, 43.59285] }",TRUE,Wetland,,,Palustrine,Approved,WI,Columbia [WI],43.59285,-89.526131,Public Commercial,Wisconsin Department of Natural Resources,NA,Madison,WI,NA,NA,Joshua,Brown,JoshuaA.Brown@wisconsin.gov,P.O. Box 7921,Madison,WI,53703,Sponsor,101 S. Webster Street,NA,ILF,no,no,no,yes,no,govt
5759,WI - Douglas - Brule River ILF Site,NA,21/09/2022,"{ ""type"": ""Point"", ""coordinates"": [-91.617893, 46.677853] }",TRUE,Wetland,"Emergent, Scrub-Shrub",Persistent,Palustrine,Approved,WI,Douglas [WI],46.677853,-91.617893,Public Commercial,Wisconsin Department of Natural Resources,Wisconsin Wetland Conservation Trust,Madison,WI,53707,101 S. Webster Street,Joshua,Brown,JoshuaA.Brown@wisconsin.gov,P.O. Box 7921,Madison,WI,53703,Sponsor,101 S. Webster Street,NA,ILF,no,no,no,yes,no,govt
6247,WI - Sheboygan - Kettle Moraine Northern Unit ILF Site,NA,29/08/2023,"{ ""type"": ""Point"", ""coordinates"": [-88.1346, 43.67205] }",TRUE,Wetland,,,Palustrine,Approved,WI,Sheboygan [WI],43.67205,-88.1346,Public Commercial,Wisconsin Department of Natural Resources,Wisconsin Wetland Conservation Trust,Madison,WI,53707,101 S. Webster Street,Joshua,Brown,JoshuaA.Brown@wisconsin.gov,P.O. Box 7921,Madison,WI,53703,Sponsor,101 S. Webster Street,NA,ILF,no,no,no,yes,no,govt
1586,WisDOT - Waukesha - Lang Road,29/04/2011,31/05/2012,"{ ""type"": ""Point"", ""coordinates"": [-88.5090567441538, 43.1465594705432] }",TRUE,,,,,Sold-Out,WI,Waukesha [WI],43.14655947,-88.50905674,Single-Client,Wisconsin Department of Transportation,NA,Madison,WI,NA,NA,Robert,Pearson,robert.pearson@dot.state.wi.us,"Wisconsin Department of Transportation, Division of Transportation Infrastructure Development Bureau of Equity and Environmental Services",Madison,WI,53707-7965,Sales POC,"4802 Sheboygan Ave., Rm 451",2011,Standard,no,no,no,Wisconsin Department of Transportation,no,govt
2748,WisDOT - Brown - Oneida,10/06/2015,10/06/2015,"{ ""type"": ""Point"", ""coordinates"": [-88.1879737312453, 44.5565599302885] }",TRUE,Wetland,"Emergent, Forested","Broad-Leaved Deciduous, Persistent",Palustrine,Approved,WI,Brown [WI],44.55655993,-88.18797373,Single-Client,Wisconsin Department of Transportation,NA,Madison,WI,NA,NA,Robert,Pearson,robert.pearson@dot.state.wi.us,"Wisconsin Department of Transportation, Division of Transportation Infrastructure Development Bureau of Equity and Environmental Services",Madison,WI,53707-7965,Sales POC,"4802 Sheboygan Ave., Rm 451",2015,Standard,no,no,no,Wisconsin Department of Transportation,no,govt
2759,WisDOT - Walworth -  East Troy,16/09/2013,16/09/2013,"{ ""type"": ""Point"", ""coordinates"": [-88.3203413644344, 42.8067600012221] }",TRUE,Wetland,"Emergent, Forested, Scrub-Shrub","Broad-Leaved Deciduous, Persistent",Palustrine,Approved,WI,Walworth [WI],42.80676,-88.32034136,Single-Client,Wisconsin Department of Transportation,NA,Madison,WI,NA,NA,Robert,Pearson,robert.pearson@dot.state.wi.us,"Wisconsin Department of Transportation, Division of Transportation Infrastructure Development Bureau of Equity and Environmental Services",Madison,WI,53707-7965,Sales POC,"4802 Sheboygan Ave., Rm 451",2013,Standard,no,no,no,Wisconsin Department of Transportation,no,govt
2771,WisDOT - Douglas - Two-Mile Lake,NA,30/05/2024,"{ ""type"": ""Point"", ""coordinates"": [-91.799836640974, 46.2150556017865] }",TRUE,Wetland,"Aquatic Bed, Emergent","Persistent, Rooted Vascular","Lacustrine, Palustrine",Terminated,WI,Douglas [WI],46.2150556,-91.79983664,Single-Client,Wisconsin Department of Transportation,NA,Madison,WI,NA,NA,Robert,Pearson,robert.pearson@dot.state.wi.us,"Wisconsin Department of Transportation, Division of Transportation Infrastructure Development Bureau of Equity and Environmental Services",Madison,WI,53707-7965,Sales POC,"4802 Sheboygan Ave., Rm 451",NA,Standard,no,no,no,Wisconsin Department of Transportation,no,govt
2951,WisDOT - Dane - World Dairy Center,02/11/2015,02/11/2015,"{ ""type"": ""Point"", ""coordinates"": [-89.2815084217218, 43.0597080260489] }",TRUE,Wetland,Emergent,Persistent,Palustrine,Approved,WI,Dane [WI],43.05970803,-89.28150842,Single-Client,Wisconsin Department of Transportation,NA,Madison,WI,NA,NA,Robert,Pearson,robert.pearson@dot.state.wi.us,"Wisconsin Department of Transportation, Division of Transportation Infrastructure Development Bureau of Equity and Environmental Services",Madison,WI,53707-7965,Sales POC,"4802 Sheboygan Ave., Rm 451",2015,Standard,no,no,no,Wisconsin Department of Transportation,no,govt
3453,WisDOT - Oconto - Peshtigo Brook Phase 3,24/07/2019,24/07/2019,"{ ""type"": ""Point"", ""coordinates"": [-88.297333675614, 45.1235290892074] }",TRUE,Wetland,"Emergent, Forested, Scrub-Shrub","Broad-Leaved Deciduous, Persistent",Palustrine,Approved,WI,Oconto [WI],45.12352909,-88.29733368,Single-Client,Wisconsin Department of Transportation,NA,Madison,WI,NA,NA,Robert,Pearson,robert.pearson@dot.state.wi.us,"Wisconsin Department of Transportation, Division of Transportation Infrastructure Development Bureau of Equity and Environmental Services",Madison,WI,53707-7965,Sales POC,"4802 Sheboygan Ave., Rm 451",2019,Standard,no,no,no,Wisconsin Department of Transportation,no,govt
6978,WI - Washington - WisDOT Willow Creek Stream and Wetland Mitigation Bank,NA,02/06/2025,"{ ""type"": ""Point"", ""coordinates"": [-88.152484, 43.213992] }",TRUE,,,,,Withdrawn,WI,Washington [WI],43.213992,-88.152484,Single-Client,Wisconsin Department of Transportation,NA,Madison,WI,NA,NA,Jennifer,Gibson,Jennifer.Gibson@dot.wi.gov,944 Vanderperren Way,Green Bay,WI,54304,Sponsor,NA,NA,Standard,no,no,no,Wisconsin Department of Transportation,no,govt
7315,WisDOT - Wood - Vespertilio,NA,NA,"{ ""type"": ""Point"", ""coordinates"": [-89.9078, 44.484] }",TRUE,,,,,Pending,WI,Wood [WI],44.484,-89.9078,Single-Client,Wisconsin Department of Transportation,NA,Madison,WI,NA,NA,Alyssa,Hoersten,alyssa.hoersten@dot.wi.gov,NA,NA,WI,NA,POC,NA,NA,Standard,no,no,no,Wisconsin Department of Transportation,no,govt
5799,MN - Stevens - Wulf Wetland Bank,NA,02/03/2022,"{ ""type"": ""Point"", ""coordinates"": [-95.960688, 45.587575] }",TRUE,,,,,Withdrawn,MN,Stevens [MN],45.587575,-95.960688,Public Commercial,Wulf Tiling,c/o Doug Wulf,Hancock,MN,56244,30523 460th Avenue,Jason,Kirwin,jasonkirwin@gmail.com,"Environmental Scientific, LLC",Donnelly,MN,56235,Consultant,46170 120th Street,NA,Standard,no,no,no,yes,no,govt
4791,Hayes Run II Mitigation Bank,17/07/2020,17/07/2020,"{ ""type"": ""Point"", ""coordinates"": [-81.2468, 38.6787] }",TRUE,"Stream, Wetland",,,"Palustrine, Riverine",Approved,WV,Roane [WV],38.6787,-81.2468,Public Commercial,"WV Bunrootis, LLC",7 Parliament Place,Dallas,TX,75225,NA,Braden,Hoffman,bhoffman@aci-wv.com,"Alliance Consulting, Inc.",Beaver,WV,25813,Consultant,124 Philpott Lane,2020,Umbrella,no,no,no,yes,no,govt
3329,"2014 SALMON-PISC Exeter Great Dam - Exeter, NH",04/11/2014,04/11/2014,"{ ""type"": ""Point"", ""coordinates"": [-70.944788, 42.981403] }",TRUE,Stream,,,Riverine,Approved,NH,Rockingham [NH],42.981403,-70.944788,Public Commercial,New Hampshire Department of Environmental Services,29 Hazen Drive,Concord,NH,3302,NA,Lori,Sommer,lsommer@des.state.nh.us,NH DES Wetlands Bureau,Concord,NH,3302,Sponsor,29 Hazen Drive,2014,ILF,no,no,no,New Hampshire Department of Environmental Services,no,govt
2185,"2010 SALMON-PISC Berry Brook - Dover, NH",19/01/2011,19/01/2011,"{ ""type"": ""Point"", ""coordinates"": [-70.878764, 43.209375] }",TRUE,"Stream, Wetland","Emergent, Scrub-Shrub",,"Palustrine, Riverine, Upland",Approved,NH,Strafford [NH],43.209375,-70.878764,Combination Public/Private,New Hampshire Department of Environmental Services,29 Hazen Drive,Concord,NH,3302,NA,Lori,Sommer,lsommer@des.state.nh.us,NH DES Wetlands Bureau,Concord,NH,3302,POC,29 Hazen Drive,2011,ILF,no,no,no,New Hampshire Department of Environmental Services,no,govt
2314,"2009 MERRIMACK Clay Pond Headwaters - Hooksett, NH",10/08/2009,10/08/2009,"{ ""type"": ""Point"", ""coordinates"": [-71.3878015252933, 43.0950986218984] }",TRUE,"Stream, Wetland","Emergent, Forested, Scrub-Shrub, Unconsolidated Bottom",,"Palustrine, Riverine, Upland",Approved,NH,"Merrimack [NH], Rockingham [NH]",43.09509862,-71.38780153,Combination Public/Private,New Hampshire Department of Environmental Services,29 Hazen Drive,Concord,NH,3302,NA,Lori,Sommer,lsommer@des.state.nh.us,NH DES Wetlands Bureau,Concord,NH,3302,Sponsor,29 Hazen Drive,2009,ILF,no,no,no,New Hampshire Department of Environmental Services,no,govt
3327,"2014 PEMI-WINNI Lake Wicwas - Meredith, NH",11/12/2014,11/12/2014,"{ ""type"": ""Point"", ""coordinates"": [-71.551487, 43.614438] }",TRUE,"Stream, Wetland","Forested, Scrub-Shrub",,"Palustrine, Upland",Approved,NH,Belknap [NH],43.614438,-71.551487,Combination Public/Private,New Hampshire Department of Environmental Services,29 Hazen Drive,Concord,NH,3302,NA,Lori,Sommer,lsommer@des.state.nh.us,NH DES Wetlands Bureau,Concord,NH,3302,Sales POC,29 Hazen Drive,2014,ILF,no,no,no,New Hampshire Department of Environmental Services,no,govt
3328,"2014 SALMON-PISC Berry's Brook/Rand - Rye, NH",11/12/2014,11/12/2014,"{ ""type"": ""Point"", ""coordinates"": [-70.770278, 43.02109] }",TRUE,Wetland,Forested,,"Palustrine, Upland",Approved,NH,Rockingham [NH],43.02109,-70.770278,Combination Public/Private,New Hampshire Department of Environmental Services,29 Hazen Drive,Concord,NH,3302,NA,Lori,Sommer,lsommer@des.state.nh.us,NH DES Wetlands Bureau,Concord,NH,3302,Sponsor,29 Hazen Drive,2014,ILF,no,no,no,New Hampshire Department of Environmental Services,no,govt
3330,"2014 SALMON-PISC Spruce Swamp/Kelliher Forest - Fremont, NH",11/12/2014,11/12/2014,"{ ""type"": ""Point"", ""coordinates"": [-71.085663, 42.988859] }",TRUE,Wetland,"Aquatic Bed, Forested, Unconsolidated Bottom",,"Palustrine, Upland",Approved,NH,Rockingham [NH],42.988859,-71.085663,Combination Public/Private,New Hampshire Department of Environmental Services,29 Hazen Drive,Concord,NH,3302,NA,Lori,Sommer,lsommer@des.state.nh.us,NH DES Wetlands Bureau,Concord,NH,3302,Sponsor,29 Hazen Drive,2014,ILF,no,no,no,New Hampshire Department of Environmental Services,no,govt
3331,"2014 SALMON-PISC Thompson Brook Fish Passage - Greenland, NH",11/12/2014,14/01/2016,"{ ""type"": ""Point"", ""coordinates"": [-70.854333, 43.027318] }",TRUE,,,,,Withdrawn,NH,Rockingham [NH],43.027318,-70.854333,Combination Public/Private,New Hampshire Department of Environmental Services,29 Hazen Drive,Concord,NH,3302,NA,Lori,Sommer,lsommer@des.state.nh.us,NH DES Wetlands Bureau,Concord,NH,3302,Sponsor,29 Hazen Drive,2014,ILF,no,no,no,New Hampshire Department of Environmental Services,no,govt
3332,"2014 MERRIMACK Hinman Pond II - Hooksett, NH",11/12/2014,11/12/2014,"{ ""type"": ""Point"", ""coordinates"": [-71.4109747264526, 43.1002046214307] }",TRUE,Wetland,Forested,,"Palustrine, Upland",Approved,NH,Merrimack [NH],43.10020462,-71.41097473,Combination Public/Private,New Hampshire Department of Environmental Services,29 Hazen Drive,Concord,NH,3302,NA,Lori,Sommer,lsommer@des.state.nh.us,NH DES Wetlands Bureau,Concord,NH,3302,Sponsor,29 Hazen Drive,2014,ILF,no,no,no,New Hampshire Department of Environmental Services,no,govt
3333,"2014 MERRIMACK Guinea Ridge Road - Gilmanton, NH",11/12/2014,11/12/2014,"{ ""type"": ""Point"", ""coordinates"": [-71.3232817394719, 43.4666715864309] }",TRUE,Wetland,"Emergent, Scrub-Shrub, Unconsolidated Bottom",,"Palustrine, Upland",Approved,NH,Belknap [NH],43.46667159,-71.32328174,Combination Public/Private,New Hampshire Department of Environmental Services,29 Hazen Drive,Concord,NH,3302,NA,Lori,Sommer,lsommer@des.state.nh.us,NH DES Wetlands Bureau,Concord,NH,3302,Sponsor,29 Hazen Drive,2014,ILF,no,no,no,New Hampshire Department of Environmental Services,no,govt
3334,"2014 MERRIMACK Shost - Goffstown, NH",11/12/2014,11/12/2014,"{ ""type"": ""Point"", ""coordinates"": [-71.6093803957832, 43.0406033594297] }",TRUE,"Stream, Wetland","Emergent, Forested, Scrub-Shrub",,"Palustrine, Upland",Approved,NH,Hillsborough [NH],43.04060336,-71.6093804,Combination Public/Private,New Hampshire Department of Environmental Services,29 Hazen Drive,Concord,NH,3302,NA,Lori,Sommer,lsommer@des.state.nh.us,NH DES Wetlands Bureau,Concord,NH,3302,Sponsor,29 Hazen Drive,2014,ILF,no,no,no,New Hampshire Department of Environmental Services,no,govt
3335,"2014 LOWER CT Falls Brook Culvert - Swanzey, NH",11/12/2014,11/12/2014,"{ ""type"": ""Point"", ""coordinates"": [-72.265599, 42.824043] }",TRUE,Stream,Unconsolidated Bottom,,Riverine,Approved,NH,Cheshire [NH],42.824043,-72.265599,Combination Public/Private,New Hampshire Department of Environmental Services,29 Hazen Drive,Concord,NH,3302,NA,Lori,Sommer,lsommer@des.state.nh.us,NH DES Wetlands Bureau,Concord,NH,3302,Sponsor,29 Hazen Drive,2014,ILF,no,no,no,New Hampshire Department of Environmental Services,no,govt
3585,"2015 MIDDLE CT Ammonoosuc River/Brebner - Bethlehem, NH",09/11/2015,09/11/2015,"{ ""type"": ""Point"", ""coordinates"": [-71.722475, 44.310861] }",TRUE,Wetland,"Emergent, Scrub-Shrub","Broad-Leaved Deciduous, Persistent","Palustrine, Upland",Approved,NH,Grafton [NH],44.310861,-71.722475,Private Commercial,NA,NA,NA,NA,NA,NA,Seta,Detzel,seta.a.detzel@des.nh.gov,NA,NA,NA,NA,POC,NA,2015,ILF,no,no,no,New Hampshire Department of Environmental Services,no,govt
7023,"2022 - Merrimack - Clarkridge Farm - Goffstown, NH",NA,NA,"{ ""type"": ""Point"", ""coordinates"": [-71.590326, 43.056163] }",TRUE,,,,,Pending,NH,Hillsborough [NH],43.056163,-71.590326,Private Commercial,NA,NA,NA,NA,NA,NA,Seta,Detzel,seta.a.detzel@des.nh.gov,NA,NA,NA,NA,POC,NA,NA,ILF,no,no,no,New Hampshire Department of Environmental Services,no,govt
1054,Croatan Mitigation Bank,01/02/2003,01/02/2003,"{ ""type"": ""Point"", ""coordinates"": [-76.953131, 34.962413] }",TRUE,,,,,Approved,NC,Craven [NC],34.962413,-76.953131,Private Commercial,North Carolina Department of Transportation ,NCDOT,Raleigh,NC,NA,NA,LeiLani,Paugh,lpaugh@ncdot.gov,Natural Environment Unit – Century Center B ,Raleigh,NC,27610,POC,1020 Birch Ridge Drive,2003,Standard,no,no,no,North Carolina Division of Mitigation Services,no,govt
7228,NCDMS Desert Eagle,18/06/2025,NA,"{ ""type"": ""Point"", ""coordinates"": [-78.10232, 35.19628] }",TRUE,,,,,Pending,NC,Wayne [NC],35.19628,-78.10232,Private Commercial,North Carolina Division of Mitigation Services,1652 Mail Service Center,Raleigh,NC,27699-1652,NA,Kelly,Williams,Kelly.williams@deq.nc.gov,1652 Mail Service Center,Raleigh,NC,27699,Sales POC,Division of Mitigation Services ,2025,ILF,no,no,no,North Carolina Division of Mitigation Services,no,govt
7229,NCDMS Foxtrot,18/06/2025,NA,"{ ""type"": ""Point"", ""coordinates"": [-79.00617, 36.21207] }",TRUE,,,,,Pending,NC,Orange [NC],36.21207,-79.00617,Private Commercial,North Carolina Division of Mitigation Services,1652 Mail Service Center,Raleigh,NC,27699-1652,NA,Kelly,Williams,Kelly.williams@deq.nc.gov,1652 Mail Service Center,Raleigh,NC,27699,Sales POC,Division of Mitigation Services ,2025,ILF,no,no,no,North Carolina Division of Mitigation Services,no,govt
7230,NCDMS Knee Deep,18/06/2025,NA,"{ ""type"": ""Point"", ""coordinates"": [-79.07864, 36.20601] }",TRUE,,,,,Pending,NC,Orange [NC],36.20601,-79.07864,Private Commercial,North Carolina Division of Mitigation Services,1652 Mail Service Center,Raleigh,NC,27699-1652,NA,Kelly,Williams,Kelly.williams@deq.nc.gov,1652 Mail Service Center,Raleigh,NC,27699,Sales POC,Division of Mitigation Services ,2025,ILF,no,no,no,North Carolina Division of Mitigation Services,no,govt
7274,NCDMS Tapley,26/08/2025,NA,"{ ""type"": ""Point"", ""coordinates"": [-78.850017, 35.488055] }",TRUE,,,,,Pending,NC,Harnett [NC],35.488055,-78.850017,Private Commercial,North Carolina Division of Mitigation Services,1652 Mail Service Center,Raleigh,NC,27699-1652,NA,Zachary,Thomas,zachary.thomas@deq.nc.gov,NA,NA,NA,NA,Sponsor,NA,2025,ILF,no,no,no,North Carolina Division of Mitigation Services,no,govt
7275,NCDMS Blueberry Bay,26/08/2025,NA,"{ ""type"": ""Point"", ""coordinates"": [-78.686668, 35.362133] }",TRUE,,,,,Pending,NC,Harnett [NC],35.362133,-78.686668,Private Commercial,North Carolina Division of Mitigation Services,1652 Mail Service Center,Raleigh,NC,27699-1652,NA,Zachary,Thomas,zachary.thomas@deq.nc.gov,NA,NA,NA,NA,Sponsor,NA,2025,ILF,no,no,no,North Carolina Division of Mitigation Services,no,govt
7276,NCDMS Camels Creek,26/08/2025,NA,"{ ""type"": ""Point"", ""coordinates"": [-78.96464, 35.426707] }",TRUE,,,,,Pending,NC,Harnett [NC],35.426707,-78.96464,Private Commercial,North Carolina Division of Mitigation Services,1652 Mail Service Center,Raleigh,NC,27699-1652,NA,Stephanie,MacDonald,stephanie.macdonald@deq.nc.gov,NA,NA,NA,NA,Sponsor,NA,2025,ILF,no,no,no,North Carolina Division of Mitigation Services,no,govt
7277,NCDMS Vidalia,26/08/2025,NA,"{ ""type"": ""Point"", ""coordinates"": [-78.835166, 35.13308] }",TRUE,,,,,Pending,NC,Cumberland [NC],35.13308,-78.835166,Private Commercial,North Carolina Division of Mitigation Services,1652 Mail Service Center,Raleigh,NC,27699-1652,NA,Stephanie,MacDonald,stephanie.macdonald@deq.nc.gov,NA,NA,NA,NA,Sponsor,NA,2025,ILF,no,no,no,North Carolina Division of Mitigation Services,no,govt
7278,NCDMS Sister,26/08/2025,NA,"{ ""type"": ""Point"", ""coordinates"": [-79.395438, 35.32346] }",TRUE,,,,,Pending,NC,Moore [NC],35.32346,-79.395438,Private Commercial,North Carolina Division of Mitigation Services,1652 Mail Service Center,Raleigh,NC,27699-1652,NA,Zachary,Thomas,zachary.thomas@deq.nc.gov,NA,NA,NA,NA,Sponsor,NA,2025,ILF,no,no,no,North Carolina Division of Mitigation Services,no,govt
5075,TSMP-West Tennessee State Penitentiary,NA,22/01/2021,"{ ""type"": ""Point"", ""coordinates"": [-89.7449260390105, 35.6605373324648] }",TRUE,,,,,Terminated,TN,Lauderdale [TN],35.66053733,-89.74492604,Private Commercial,Tennessee Stream Mitigation Program (TSMP),5000 Linbar Drive,Nashville,TN,37211,Suite 275,NA,NA,NA,NA,NA,NA,NA,NA,NA,NA,ILF,no,no,no,Tennessee Stream Mitigation Program (TSMP),no,govt
364,Welcome,13/05/2005,27/12/2007,"{ ""type"": ""Point"", ""coordinates"": [-90.896073, 30.047046] }",TRUE,Wetland,Forested,Broad-Leaved Deciduous,Palustrine,Sold-Out,LA,St. James Parish [LA],30.047046,-90.896073,Private Nonprofit,NA,NA,NA,NA,NA,NA,Leo,Lambert,geminimb@eatel.net,P.O. Box 1207,Gonzales,LA,70737,POC,NA,2005,Standard,no,no,no,New Hampshire Department of Environmental Services,no,govt
6515,"2022 – Pemi Winni - Bean Property – Tuftonboro, NH",NA,15/10/2024,"{ ""type"": ""Point"", ""coordinates"": [-71.280272, 43.698127] }",TRUE,,,,,Withdrawn,NH,Carroll [NH],43.698127,-71.280272,Private Nonprofit,NA,NA,NA,NA,NA,NA,Seta,Detzel,seta.a.detzel@des.nh.gov,NA,NA,NA,NA,POC,NA,NA,ILF,no,no,no,New Hampshire Department of Environmental Services,no,govt
6516,"2022 – Pemi Winni - Lyon Property – Tuftonboro, NH",NA,NA,"{ ""type"": ""Point"", ""coordinates"": [-71.279724, 43.69124] }",TRUE,,,,,Pending,NH,Carroll [NH],43.69124,-71.279724,Private Nonprofit,NA,NA,NA,NA,NA,NA,Seta,Detzel,seta.a.detzel@des.nh.gov,NA,NA,NA,NA,POC,NA,NA,ILF,no,no,no,New Hampshire Department of Environmental Services,no,govt
6517,"2022 – Salmon Falls Pisc – Landry Nippo Lake – SELT – Barrington, NH",NA,NA,"{ ""type"": ""Point"", ""coordinates"": [-71.076378, 43.222754] }",TRUE,,,,,Pending,NH,Strafford [NH],43.222754,-71.076378,Private Nonprofit,NA,NA,NA,NA,NA,NA,Seta,Detzel,seta.a.detzel@des.nh.gov,NA,NA,NA,NA,POC,NA,NA,ILF,no,no,no,New Hampshire Department of Environmental Services,no,govt
6518,"2022 – Merrimack – Brennan Brook Dam – Trout Unlimited – Francistown, NH",NA,NA,"{ ""type"": ""Point"", ""coordinates"": [-71.814247, 42.973707] }",TRUE,,,,,Pending,NH,Hillsborough [NH],42.973707,-71.814247,Private Nonprofit,NA,NA,NA,NA,NA,NA,Seta,Detzel,seta.a.detzel@des.nh.gov,NA,NA,NA,NA,POC,NA,NA,ILF,no,no,no,New Hampshire Department of Environmental Services,no,govt
6519,"2022 – Merrimack – Lithia Springs – Town of Londonderry – Londonderry, NH",NA,NA,"{ ""type"": ""Point"", ""coordinates"": [-71.401389, 42.83309] }",TRUE,,,,,Pending,NH,Rockingham [NH],42.83309,-71.401389,Private Nonprofit,NA,NA,NA,NA,NA,NA,Seta,Detzel,seta.a.detzel@des.nh.gov,NA,NA,NA,NA,POC,NA,NA,ILF,no,no,no,New Hampshire Department of Environmental Services,no,govt
6520,"2022 – Merrimack – West Sawmill Town Forest Addition – The Conservation Fund – Atkinson, NH",NA,NA,"{ ""type"": ""Point"", ""coordinates"": [-71.160511, 42.852587] }",TRUE,,,,,Pending,NH,Rockingham [NH],42.852587,-71.160511,Private Nonprofit,NA,NA,NA,NA,NA,NA,Seta,Detzel,seta.a.detzel@des.nh.gov,NA,NA,NA,NA,POC,NA,NA,ILF,no,no,no,New Hampshire Department of Environmental Services,no,govt
6521,"2022 – Merrimack – Whitcomb Powwow River Project – The Nature Conservancy – Kingston, NH",NA,NA,"{ ""type"": ""Point"", ""coordinates"": [-71.045909, 42.89803] }",TRUE,,,,,Pending,NH,Rockingham [NH],42.89803,-71.045909,Private Nonprofit,NA,NA,NA,NA,NA,NA,Seta,Detzel,seta.a.detzel@des.nh.gov,NA,NA,NA,NA,POC,NA,NA,ILF,no,no,no,New Hampshire Department of Environmental Services,no,govt
6522,"2022 – Merrimack – Wyatt Birch Farm – Francestown Land Trust -Fracestown, NH",NA,15/10/2024,"{ ""type"": ""Point"", ""coordinates"": [-71.799369, 42.979669] }",TRUE,,,,,Withdrawn,NH,Hillsborough [NH],42.979669,-71.799369,Private Nonprofit,NA,NA,NA,NA,NA,NA,Seta,Detzel,seta.a.detzel@des.nh.gov,NA,NA,NA,NA,POC,NA,NA,ILF,no,no,no,New Hampshire Department of Environmental Services,no,govt
6523,"2022 – Lower CT – Fiske Mill Dam Removal – TNC – Hinsdale, NH",NA,NA,"{ ""type"": ""Point"", ""coordinates"": [-72.481561, 42.78575] }",TRUE,,,,,Pending,NH,Cheshire [NH],42.78575,-72.481561,Private Nonprofit,NA,NA,NA,NA,NA,NA,Seta,Detzel,seta.a.detzel@des.nh.gov,NA,NA,NA,NA,POC,NA,NA,ILF,no,no,no,New Hampshire Department of Environmental Services,no,govt
6525,"2022 – Contoocook – Woods Woolen Mill Restoration – Town of Hillsborough – Hillsborough, NH",NA,NA,"{ ""type"": ""Point"", ""coordinates"": [-71.896072, 43.111987] }",TRUE,,,,,Pending,NH,Hillsborough [NH],43.111987,-71.896072,Private Nonprofit,NA,NA,NA,NA,NA,NA,Seta,Detzel,seta.a.detzel@des.nh.gov,NA,NA,NA,NA,POC,NA,NA,ILF,no,no,no,New Hampshire Department of Environmental Services,no,govt
6526,"2022 – Middle CT – Child’s Brook Habitat Restoration – Trout Unlimited – Bath, NH",NA,NA,"{ ""type"": ""Point"", ""coordinates"": [-71.988591, 44.174022] }",TRUE,,,,,Pending,NH,Grafton [NH],44.174022,-71.988591,Private Nonprofit,NA,NA,NA,NA,NA,NA,Seta,Detzel,seta.a.detzel@des.nh.gov,NA,NA,NA,NA,POC,NA,NA,ILF,no,no,no,New Hampshire Department of Environmental Services,no,govt
7092,"2024 - Merrimack-Great Meadow-Follansbee-New Boston,NH",NA,NA,"{ ""type"": ""Point"", ""coordinates"": [-71.726, 43.003] }",TRUE,,,,,Pending,NH,Hillsborough [NH],43.003,-71.726,Private Nonprofit,NA,NA,NA,NA,NA,NA,Seta,Detzel,seta.a.detzel@des.nh.gov,NA,NA,NA,NA,POC,NA,NA,ILF,no,no,no,New Hampshire Department of Environmental Services,no,govt
4811,WV ILFP - McClintic WMA Project,06/07/2018,06/07/2018,"{ ""type"": ""Point"", ""coordinates"": [-82.0819219298843, 38.931334852541] }",TRUE,"Stream, Wetland",,,"Palustrine, Riverine",Approved,WV,Mason [WV],38.93133485,-82.08192193,Private Nonprofit,West Virginia Department of Environmental Protection,601 57th St SE,Charleston,WV,25304,NA,NA,NA,NA,NA,NA,NA,NA,NA,NA,2018,ILF,no,no,no,yes,no,govt
901,WV ILFP - Little Clear Creek Project,10/10/2019,10/10/2019,"{ ""type"": ""Point"", ""coordinates"": [-80.6555134068007, 37.9451110951293] }",TRUE,Wetland,,,Palustrine,Approved,WV,Greenbrier [WV],37.9451111,-80.65551341,Private Nonprofit,West Virginia In Lieu Fee Stream and Wetland Mitigation Program,Division of Water and Waste Management (WVDEP),Charleston,WV,25304,601 57th Street. SE,NA,NA,NA,NA,NA,NA,NA,NA,NA,2019,ILF,no,no,no,yes,no,govt
2968,WV ILFP - Morgan Wetland Project,30/09/2013,30/09/2013,"{ ""type"": ""Point"", ""coordinates"": [-77.9697046695986, 39.3009519289369] }",TRUE,Wetland,Emergent,,Palustrine,Approved,WV,Jefferson [WV],39.30095193,-77.96970467,Private Nonprofit,West Virginia In Lieu Fee Stream and Wetland Mitigation Program,Division of Water and Waste Management (WVDEP),Charleston,WV,25304,601 57th Street. SE,NA,NA,NA,NA,NA,NA,NA,NA,NA,2013,ILF,no,no,no,yes,no,govt
2971,WV ILFP - Rehe WMA Project,30/09/2013,30/09/2013,"{ ""type"": ""Point"", ""coordinates"": [-79.7982743616797, 39.489827566312] }",TRUE,Wetland,Emergent,,Palustrine,Approved,WV,Preston [WV],39.48982757,-79.79827436,Private Nonprofit,West Virginia In Lieu Fee Stream and Wetland Mitigation Program,Division of Water and Waste Management (WVDEP),Charleston,WV,25304,601 57th Street. SE,NA,NA,NA,NA,NA,NA,NA,NA,NA,2013,ILF,no,no,no,yes,no,govt
2972,WV ILFP - LaMothe Hollow Project,10/06/2013,10/06/2013,"{ ""type"": ""Point"", ""coordinates"": [-79.9559548989537, 38.4672080465712] }",TRUE,Stream,,,Riverine,Approved,WV,Pocahontas [WV],38.46720805,-79.9559549,Private Nonprofit,West Virginia In Lieu Fee Stream and Wetland Mitigation Program,Division of Water and Waste Management (WVDEP),Charleston,WV,25304,601 57th Street. SE,NA,NA,NA,NA,NA,NA,NA,NA,NA,2013,ILF,no,no,no,yes,no,govt
2973,WV ILFP - Nathaniel Mountain Project,23/01/2014,23/01/2014,"{ ""type"": ""Point"", ""coordinates"": [-78.8147140515037, 39.1585900389981] }",TRUE,Stream,,,Riverine,Approved,WV,Hardy [WV],39.15859004,-78.81471405,Private Nonprofit,West Virginia In Lieu Fee Stream and Wetland Mitigation Program,Division of Water and Waste Management (WVDEP),Charleston,WV,25304,601 57th Street. SE,NA,NA,NA,NA,NA,NA,NA,NA,NA,2014,ILF,no,no,no,yes,no,govt
2975,WV ILFP Hillcrest WMA Project,28/03/2016,28/03/2016,"{ ""type"": ""Point"", ""coordinates"": [-80.5376218511053, 40.5556097763314] }",TRUE,"Stream, Wetland",,,"Palustrine, Riverine",Approved,WV,Hancock [WV],40.55560978,-80.53762185,Private Nonprofit,West Virginia In Lieu Fee Stream and Wetland Mitigation Program,Division of Water and Waste Management (WVDEP),Charleston,WV,25304,601 57th Street. SE,NA,NA,NA,NA,NA,NA,NA,NA,NA,2016,ILF,no,no,no,yes,no,govt
2999,WV ILFP - Cheat Canyon WMA Project,06/08/2014,06/08/2014,"{ ""type"": ""Point"", ""coordinates"": [-79.713062847484, 39.5598930625538] }",TRUE,Stream,,,Riverine,Approved,WV,Preston [WV],39.55989306,-79.71306285,Private Nonprofit,West Virginia In Lieu Fee Stream and Wetland Mitigation Program,Division of Water and Waste Management (WVDEP),Charleston,WV,25304,601 57th Street. SE,NA,NA,NA,NA,NA,NA,NA,NA,NA,2014,ILF,no,no,no,yes,no,govt
3211,WV ILFP - Frozen Camp WMA Project,14/04/2020,14/04/2020,"{ ""type"": ""Point"", ""coordinates"": [-81.5248911599453, 38.8069615677502] }",TRUE,"Stream, Wetland",,,"Palustrine, Riverine",Approved,WV,"Jackson [WV], Roane [WV]",38.80696157,-81.52489116,Private Nonprofit,West Virginia In Lieu Fee Stream and Wetland Mitigation Program,Division of Water and Waste Management (WVDEP),Charleston,WV,25304,601 57th Street. SE,NA,NA,NA,NA,NA,NA,NA,NA,NA,2020,ILF,no,no,no,yes,no,govt
4810,WV ILFP - Green Bottom WMA Project,19/09/2019,19/09/2019,"{ ""type"": ""Point"", ""coordinates"": [-82.2645860257974, 38.586840583978] }",TRUE,Wetland,,,Palustrine,Approved,WV,Cabell [WV],38.58684058,-82.26458603,Private Nonprofit,West Virginia In Lieu Fee Stream and Wetland Mitigation Program,Division of Water and Waste Management (WVDEP),Charleston,WV,25304,601 57th Street. SE,NA,NA,NA,NA,NA,NA,NA,NA,NA,2019,ILF,no,no,no,yes,no,govt
5091,WV ILFP - Mill Creek WMA Project,16/09/2019,16/09/2019,"{ ""type"": ""Point"", ""coordinates"": [-82.1201027599776, 38.4824947585182] }",TRUE,Stream,,,Riverine,Approved,WV,Cabell [WV],38.48249476,-82.12010276,Private Nonprofit,West Virginia In Lieu Fee Stream and Wetland Mitigation Program,Division of Water and Waste Management (WVDEP),Charleston,WV,25304,601 57th Street. SE,NA,NA,NA,NA,NA,NA,NA,NA,NA,2019,ILF,no,no,no,yes,no,govt
5137,WV ILFP - Old Field Fork Project,NA,12/12/2024,"{ ""type"": ""Point"", ""coordinates"": [-80.10553, 38.36281] }",TRUE,Stream,,,Riverine,Withdrawn,WV,Pocahontas [WV],38.36281,-80.10553,Private Nonprofit,West Virginia In Lieu Fee Stream and Wetland Mitigation Program,Division of Water and Waste Management (WVDEP),Charleston,WV,25304,601 57th Street. SE,NA,NA,NA,NA,NA,NA,NA,NA,NA,NA,ILF,no,no,no,yes,no,govt
5140,WV ILFP - Lakin State Farm Project,09/10/2020,11/10/2024,"{ ""type"": ""Point"", ""coordinates"": [-82.0718983163848, 38.9561510135907] }",TRUE,"Stream, Wetland",,,"Palustrine, Riverine",Withdrawn,WV,Mason [WV],38.95615101,-82.07189832,Private Nonprofit,West Virginia In Lieu Fee Stream and Wetland Mitigation Program,Division of Water and Waste Management (WVDEP),Charleston,WV,25304,601 57th Street. SE,NA,NA,NA,NA,NA,NA,NA,NA,NA,2020,ILF,no,no,no,yes,no,govt
2313,"2009 MERRIMACK Stewart Property Rand Brook - Francestown, NH",10/08/2009,10/08/2009,"{ ""type"": ""Point"", ""coordinates"": [-71.7783133656367, 42.9606969184294] }",TRUE,Wetland,"Emergent, Forested, Scrub-Shrub, Unconsolidated Bottom",,"Estuarine, Lacustrine, Palustrine, Upland",Approved,NH,Hillsborough [NH],42.96069692,-71.77831337,Combination Public/Private,NA,NA,NA,NA,NA,NA,Seta,Detzel,seta.a.detzel@des.nh.gov,NA,NA,NA,NA,POC,NA,2009,ILF,no,no,no,New Hampshire Department of Environmental Services,no,govt
2315,"2010 UPPER CT Potter Farm - Northumberland, NH",03/06/2010,03/06/2010,"{ ""type"": ""Point"", ""coordinates"": [-71.531779501167, 44.5865704624073] }",TRUE,Wetland,"Emergent, Forested, Scrub-Shrub",,"Palustrine, Upland",Approved,NH,Coos [NH],44.58657046,-71.5317795,Combination Public/Private,NA,NA,NA,NA,NA,NA,Seta,Detzel,seta.a.detzel@des.nh.gov,NA,NA,NA,NA,POC,NA,2010,ILF,no,no,no,New Hampshire Department of Environmental Services,no,govt
2318,"2010 LOWER CT Colony Project - Chesterfield, NH",03/06/2010,03/06/2010,"{ ""type"": ""Point"", ""coordinates"": [-72.3686466117888, 42.9095699036327] }",TRUE,"Stream, Wetland","Emergent, Forested, Scrub-Shrub, Unconsolidated Bottom",,"Other, Palustrine, Upland",Approved,NH,Cheshire [NH],42.9095699,-72.36864661,Combination Public/Private,NA,NA,NA,NA,NA,NA,Seta,Detzel,seta.a.detzel@des.nh.gov,NA,NA,NA,NA,POC,NA,2010,ILF,no,no,no,New Hampshire Department of Environmental Services,no,govt
2319,"2010 LOWER CT Brown Farm - Swanzey, NH",09/07/2010,14/09/2012,"{ ""type"": ""Point"", ""coordinates"": [-72.28105, 42.887017] }",TRUE,,,,,Withdrawn,NH,Cheshire [NH],42.887017,-72.28105,Combination Public/Private,NA,NA,NA,NA,NA,NA,Seta,Detzel,seta.a.detzel@des.nh.gov,NA,NA,NA,NA,POC,NA,2010,ILF,no,no,no,New Hampshire Department of Environmental Services,no,govt
2320,"2010 PEMI-WINNI Strolling Woods - Franklin, NH",30/11/2010,16/03/2018,"{ ""type"": ""Point"", ""coordinates"": [-71.7015062758877, 43.4821894724375] }",TRUE,Wetland,Scrub-Shrub,,"Palustrine, Upland",Sold-Out,NH,Merrimack [NH],43.48218947,-71.70150628,Combination Public/Private,NA,NA,NA,NA,NA,NA,Seta,Detzel,seta.a.detzel@des.nh.gov,NA,NA,NA,NA,POC,NA,2010,ILF,no,no,no,New Hampshire Department of Environmental Services,no,govt
2321,"2010 SALMON-PISC Sprucewood Forest - Durham, NH",19/01/2011,19/01/2011,"{ ""type"": ""Point"", ""coordinates"": [-70.9613695528478, 43.1283133613255] }",TRUE,Wetland,"Forested, Scrub-Shrub",,"Palustrine, Upland",Approved,NH,Strafford [NH],43.12831336,-70.96136955,Combination Public/Private,NA,NA,NA,NA,NA,NA,Seta,Detzel,seta.a.detzel@des.nh.gov,NA,NA,NA,NA,POC,NA,2011,ILF,no,no,no,New Hampshire Department of Environmental Services,no,govt
2322,"2010 SALMON-PISC Evans Mountain - Strafford, NH",19/01/2011,19/01/2011,"{ ""type"": ""Point"", ""coordinates"": [-71.1851333265873, 43.2765053538656] }",TRUE,"Stream, Wetland","Emergent, Forested, Scrub-Shrub",,"Other, Palustrine, Upland",Approved,NH,Strafford [NH],43.27650535,-71.18513333,Combination Public/Private,NA,NA,NA,NA,NA,NA,Seta,Detzel,seta.a.detzel@des.nh.gov,NA,NA,NA,NA,POC,NA,2011,ILF,no,no,no,New Hampshire Department of Environmental Services,no,govt
2323,"2010 SALMON-PISC Exeter  River - Brentwood, NH",19/01/2011,19/01/2011,"{ ""type"": ""Point"", ""coordinates"": [-71.0392941872724, 42.9833685410263] }",TRUE,"Stream, Wetland","Forested, Scrub-Shrub","Broad-Leaved Deciduous, Needle-Leaved Evergreen","Palustrine, Riverine, Upland",Approved,NH,Rockingham [NH],42.98336854,-71.03929419,Combination Public/Private,NA,NA,NA,NA,NA,NA,Seta,Detzel,seta.a.detzel@des.nh.gov,NA,NA,NA,NA,POC,NA,2011,ILF,no,no,no,New Hampshire Department of Environmental Services,no,govt
2325,"2010 SALMON-PISC Upper Oyster River - Barrington, NH",19/01/2011,31/12/2014,"{ ""type"": ""Point"", ""coordinates"": [-71.020361, 43.152492] }",TRUE,,,,,Withdrawn,NH,Strafford [NH],43.152492,-71.020361,Combination Public/Private,NA,NA,NA,NA,NA,NA,Seta,Detzel,seta.a.detzel@des.nh.gov,NA,NA,NA,NA,POC,NA,2011,ILF,no,no,no,New Hampshire Department of Environmental Services,no,govt
2328,"2011 ANDROSCOGGIN Greenough Ponds - Wentworth Location, NH",18/10/2011,18/10/2011,"{ ""type"": ""Point"", ""coordinates"": [-71.1420901639095, 44.8346090590386] }",TRUE,Wetland,"Emergent, Forested, Scrub-Shrub",,"Lacustrine, Palustrine, Upland",Approved,NH,Coos [NH],44.83460906,-71.14209016,Combination Public/Private,NA,NA,NA,NA,NA,NA,Seta,Detzel,seta.a.detzel@des.nh.gov,NA,NA,NA,NA,POC,NA,2011,ILF,no,no,no,New Hampshire Department of Environmental Services,no,govt
2729,"2012 PEMI-WINNI Hazelton Farm - Hebron, NH",21/11/2012,21/11/2012,"{ ""type"": ""Point"", ""coordinates"": [-71.8046237932281, 43.7074190262766] }",TRUE,Wetland,"Emergent, Forested, Scrub-Shrub","Broad-Leaved Deciduous, Needle-Leaved Evergreen, Persistent","Palustrine, Upland",Approved,NH,Grafton [NH],43.70741903,-71.80462379,Combination Public/Private,NA,NA,NA,NA,NA,NA,Seta,Detzel,seta.a.detzel@des.nh.gov,NA,NA,NA,NA,POC,NA,2012,ILF,no,no,no,New Hampshire Department of Environmental Services,no,govt
2730,"2012 SALMON-PISC Thompson Brook - Greenland, NH",21/11/2012,30/07/2014,"{ ""type"": ""Point"", ""coordinates"": [-70.854097, 43.027453] }",TRUE,,,,,Withdrawn,NH,Rockingham [NH],43.027453,-70.854097,Combination Public/Private,NA,NA,NA,NA,NA,NA,Seta,Detzel,seta.a.detzel@des.nh.gov,NA,NA,NA,NA,POC,NA,2012,ILF,no,no,no,New Hampshire Department of Environmental Services,no,govt
2731,"2012 MERRIMACK Avery Brook - Francestown, NH",21/11/2012,21/11/2012,"{ ""type"": ""Point"", ""coordinates"": [-71.7648582118987, 42.9677810083093] }",TRUE,"Stream, Wetland","Emergent, Forested, Scrub-Shrub, Unconsolidated Bottom","Broad-Leaved Deciduous, Broad-Leaved Evergreen, Needle-Leaved Evergreen, Persistent","Palustrine, Riverine, Upland",Approved,NH,Hillsborough [NH],42.96778101,-71.76485821,Combination Public/Private,NA,NA,NA,NA,NA,NA,Seta,Detzel,seta.a.detzel@des.nh.gov,NA,NA,NA,NA,POC,NA,2012,ILF,no,no,no,New Hampshire Department of Environmental Services,no,govt
2732,"2012 MERRIMACK Crooked Run - Barnstead/Pittsfield/Strafford, NH",21/11/2012,21/11/2012,"{ ""type"": ""Point"", ""coordinates"": [-71.2399752010323, 43.2886313147999] }",TRUE,Wetland,"Emergent, Forested, Scrub-Shrub, Unconsolidated Bottom","Broad-Leaved Deciduous, Dead, Needle-Leaved Evergreen, Persistent","Lacustrine, Palustrine, Upland",Approved,NH,"Belknap [NH], Merrimack [NH], Strafford [NH]",43.28863131,-71.2399752,Combination Public/Private,NA,NA,NA,NA,NA,NA,Seta,Detzel,seta.a.detzel@des.nh.gov,NA,NA,NA,NA,POC,NA,2012,ILF,no,no,no,New Hampshire Department of Environmental Services,no,govt
2733,"2012 MERRIMACK Hinman Pond I - Hooksett, NH",21/11/2012,21/11/2012,"{ ""type"": ""Point"", ""coordinates"": [-71.4081053344846, 43.0828021910019] }",TRUE,Wetland,"Emergent, Forested, Scrub-Shrub, Unconsolidated Bottom","Broad-Leaved Deciduous, Broad-Leaved Evergreen, Dead, Needle-Leaved Evergreen, Persistent","Palustrine, Upland",Approved,NH,Merrimack [NH],43.08280219,-71.40810533,Combination Public/Private,NA,NA,NA,NA,NA,NA,Seta,Detzel,seta.a.detzel@des.nh.gov,NA,NA,NA,NA,POC,NA,2012,ILF,no,no,no,New Hampshire Department of Environmental Services,no,govt
2734,"2012 MERRIMACK Merrimack Riverfront - Hooksett, NH",21/11/2012,21/11/2012,"{ ""type"": ""Point"", ""coordinates"": [-71.4607484631148, 43.1137807893374] }",TRUE,Wetland,"Emergent, Forested, Scrub-Shrub",,"Palustrine, Upland",Approved,NH,Merrimack [NH],43.11378079,-71.46074846,Combination Public/Private,NA,NA,NA,NA,NA,NA,Seta,Detzel,seta.a.detzel@des.nh.gov,NA,NA,NA,NA,POC,NA,2012,ILF,no,no,no,New Hampshire Department of Environmental Services,no,govt
2735,"2012 MERRIMACK Pennichuck Brook - Merrimack, NH",21/11/2012,21/11/2012,"{ ""type"": ""Point"", ""coordinates"": [-71.5155524265455, 42.8089650892953] }",TRUE,"Stream, Wetland","Emergent, Forested, Scrub-Shrub, Unconsolidated Bottom","Broad-Leaved Deciduous, Dead, Persistent","Lacustrine, Palustrine, Upland",Approved,NH,Hillsborough [NH],42.80896509,-71.51555243,Combination Public/Private,NA,NA,NA,NA,NA,NA,Seta,Detzel,seta.a.detzel@des.nh.gov,NA,NA,NA,NA,POC,NA,2012,ILF,no,no,no,New Hampshire Department of Environmental Services,no,govt
2736,"2012 MERRIMACK Plaistow Town Forest - Plaistow, NH",21/11/2012,21/11/2012,"{ ""type"": ""Point"", ""coordinates"": [-71.1259515262539, 42.8597159332995] }",TRUE,Wetland,"Forested, Scrub-Shrub, Unconsolidated Bottom",Broad-Leaved Deciduous,"Palustrine, Upland",Approved,NH,Rockingham [NH],42.85971593,-71.12595153,Combination Public/Private,NA,NA,NA,NA,NA,NA,Seta,Detzel,seta.a.detzel@des.nh.gov,NA,NA,NA,NA,POC,NA,2012,ILF,no,no,no,New Hampshire Department of Environmental Services,no,govt
2737,"2012 MERRIMACK Soucook River Headwaters - Canterbury, NH",21/11/2012,21/11/2012,"{ ""type"": ""Point"", ""coordinates"": [-71.470260745991, 43.3950712832222] }",TRUE,Wetland,"Emergent, Forested, Open Water, Unconsolidated Bottom",,"Other, Palustrine, Upland",Approved,NH,Merrimack [NH],43.39507128,-71.47026075,Combination Public/Private,NA,NA,NA,NA,NA,NA,Seta,Detzel,seta.a.detzel@des.nh.gov,NA,NA,NA,NA,POC,NA,2012,ILF,no,no,no,New Hampshire Department of Environmental Services,no,govt
2738,"2012 LOWER CT Beaver Brook - Keene, NH",21/11/2012,21/11/2012,"{ ""type"": ""Point"", ""coordinates"": [-72.269707, 42.942564] }",TRUE,Wetland,Scrub-Shrub,Broad-Leaved Deciduous,Palustrine,Approved,NH,Cheshire [NH],42.942564,-72.269707,Combination Public/Private,NA,NA,NA,NA,NA,NA,Seta,Detzel,seta.a.detzel@des.nh.gov,NA,NA,NA,NA,POC,NA,2012,ILF,no,no,no,New Hampshire Department of Environmental Services,no,govt
2739,"2012 LOWER CT Hanchetts Brook Forest - Plainfield, NH",21/11/2012,21/11/2012,"{ ""type"": ""Point"", ""coordinates"": [-72.3243077005402, 43.5905484587285] }",TRUE,"Stream, Wetland","Emergent, Forested, Scrub-Shrub, Unconsolidated Bottom","Broad-Leaved Deciduous, Dead, Persistent","Palustrine, Upland",Approved,NH,Sullivan [NH],43.59054846,-72.3243077,Combination Public/Private,NA,NA,NA,NA,NA,NA,Seta,Detzel,seta.a.detzel@des.nh.gov,NA,NA,NA,NA,POC,NA,2012,ILF,no,no,no,New Hampshire Department of Environmental Services,no,govt
2740,"2012 MIDDLE CT Ammonoosuc Floodplain Acquisition - Lisbon, NH",21/11/2012,21/11/2012,"{ ""type"": ""Point"", ""coordinates"": [-71.8979394531361, 44.222034156534] }",TRUE,"Stream, Wetland",Emergent,Persistent,"Palustrine, Riverine, Upland",Approved,NH,Grafton [NH],44.22203416,-71.89793945,Combination Public/Private,NA,NA,NA,NA,NA,NA,Seta,Detzel,seta.a.detzel@des.nh.gov,NA,NA,NA,NA,POC,NA,2012,ILF,no,no,no,New Hampshire Department of Environmental Services,no,govt
2741,"2012 MIDDLE CT Mink Brook - Hanover, NH",NA,10/01/2013,"{ ""type"": ""Point"", ""coordinates"": [-72.231052, 43.692406] }",TRUE,,,,,Withdrawn,NH,Grafton [NH],43.692406,-72.231052,Combination Public/Private,NA,NA,NA,NA,NA,NA,Seta,Detzel,seta.a.detzel@des.nh.gov,NA,NA,NA,NA,POC,NA,NA,ILF,no,no,no,New Hampshire Department of Environmental Services,no,govt
3028,"2013 MIDDLE CT Bailey/Clay - Lyme, NH",27/11/2013,27/11/2013,"{ ""type"": ""Point"", ""coordinates"": [-72.1515841689749, 43.8415473519236] }",TRUE,Wetland,"Forested, Scrub-Shrub",Broad-Leaved Deciduous,"Palustrine, Upland",Approved,NH,Grafton [NH],43.84154735,-72.15158417,Combination Public/Private,NA,NA,NA,NA,NA,NA,Seta,Detzel,seta.a.detzel@des.nh.gov,NA,NA,NA,NA,POC,NA,2013,ILF,no,no,no,New Hampshire Department of Environmental Services,no,govt
3029,"2013 SALMON-PISC Calef Isinglass River - Barrington, NH",27/11/2013,27/11/2013,"{ ""type"": ""Point"", ""coordinates"": [-71.036917651258, 43.2449200743665] }",TRUE,Wetland,"Emergent, Forested, Open Water","Broad-Leaved Deciduous, Persistent","Lacustrine, Palustrine, Upland",Approved,NH,Strafford [NH],43.24492007,-71.03691765,Combination Public/Private,NA,NA,NA,NA,NA,NA,Seta,Detzel,seta.a.detzel@des.nh.gov,NA,NA,NA,NA,POC,NA,2013,ILF,no,no,no,New Hampshire Department of Environmental Services,no,govt
3030,"2013 PEMI-WINNI Fogg Hill Bog - Center Harbor, NH",12/11/2013,12/11/2013,"{ ""type"": ""Point"", ""coordinates"": [-71.5553793208246, 43.6766119295535] }",TRUE,Wetland,"Emergent, Forested, Moss Lichen, Scrub-Shrub",,"Other, Palustrine, Upland",Approved,NH,Belknap [NH],43.67661193,-71.55537932,Combination Public/Private,NA,NA,NA,NA,NA,NA,Seta,Detzel,seta.a.detzel@des.nh.gov,NA,NA,NA,NA,POC,NA,2013,ILF,no,no,no,New Hampshire Department of Environmental Services,no,govt
3031,"2013 PEMI-WINNI Frazian - Hebron, NH",27/11/2013,27/11/2013,"{ ""type"": ""Point"", ""coordinates"": [-71.7952072644624, 43.7040072953938] }",TRUE,"Stream, Wetland","Emergent, Forested, Scrub-Shrub","Broad-Leaved Deciduous, Persistent","Palustrine, Upland",Approved,NH,Grafton [NH],43.7040073,-71.79520726,Combination Public/Private,NA,NA,NA,NA,NA,NA,Seta,Detzel,seta.a.detzel@des.nh.gov,NA,NA,NA,NA,POC,NA,2013,ILF,no,no,no,New Hampshire Department of Environmental Services,no,govt
3032,"2013 SACO Green Hills - Conway, NH",27/11/2013,27/11/2013,"{ ""type"": ""Point"", ""coordinates"": [-71.0643447312525, 44.0275807901267] }",TRUE,"Stream, Wetland","Emergent, Forested, Unconsolidated Bottom","Broad-Leaved Deciduous, Cobble-Gravel, Persistent","Palustrine, Riverine, Upland",Approved,NH,Carroll [NH],44.02758079,-71.06434473,Combination Public/Private,NA,NA,NA,NA,NA,NA,Seta,Detzel,seta.a.detzel@des.nh.gov,NA,NA,NA,NA,POC,NA,2013,ILF,no,no,no,New Hampshire Department of Environmental Services,no,govt
3033,"2013 SALMON-PISC Huppe Preservation - Farmington, NH",27/11/2013,27/11/2013,"{ ""type"": ""Point"", ""coordinates"": [-71.0872035634546, 43.3282190754173] }",TRUE,"Stream, Wetland","Emergent, Forested, Scrub-Shrub, Unconsolidated Bottom","Broad-Leaved Deciduous, Persistent","Palustrine, Upland",Approved,NH,Strafford [NH],43.32821908,-71.08720356,Combination Public/Private,NA,NA,NA,NA,NA,NA,Seta,Detzel,seta.a.detzel@des.nh.gov,NA,NA,NA,NA,POC,NA,2013,ILF,no,no,no,New Hampshire Department of Environmental Services,no,govt
3034,"2013 MERRIMACK McQuesten Pond Dams - Manchester, NH",27/11/2013,27/11/2013,"{ ""type"": ""Point"", ""coordinates"": [-71.4807922829064, 42.9695801655619] }",TRUE,"Stream, Wetland",Unconsolidated Bottom,,"Palustrine, Riverine",Approved,NH,Hillsborough [NH],42.96958017,-71.48079228,Combination Public/Private,NA,NA,NA,NA,NA,NA,Seta,Detzel,seta.a.detzel@des.nh.gov,NA,NA,NA,NA,POC,NA,2013,ILF,no,no,no,New Hampshire Department of Environmental Services,no,govt
3035,"2013 CONTOOCOOK Green Crow - Stoddard, NH",27/11/2013,27/11/2013,"{ ""type"": ""Point"", ""coordinates"": [-72.0935508743399, 43.0305982383931] }",TRUE,"Stream, Wetland","Emergent, Forested","Needle-Leaved Evergreen, Persistent","Palustrine, Upland",Approved,NH,Cheshire [NH],43.03059824,-72.09355087,Combination Public/Private,NA,NA,NA,NA,NA,NA,Seta,Detzel,seta.a.detzel@des.nh.gov,NA,NA,NA,NA,POC,NA,2013,ILF,no,no,no,New Hampshire Department of Environmental Services,no,govt
3336,"2014 LOWER CT West Hill - Keene, Swanzey, Chesterfield, NH",11/12/2014,11/12/2014,"{ ""type"": ""Point"", ""coordinates"": [-72.335186, 42.910235] }",TRUE,"Stream, Wetland","Aquatic Bed, Emergent, Forested, Scrub-Shrub",,"Other, Palustrine, Upland",Approved,NH,Cheshire [NH],42.910235,-72.335186,Combination Public/Private,NA,NA,NA,NA,NA,NA,Seta,Detzel,seta.a.detzel@des.nh.gov,NA,NA,NA,NA,POC,NA,2014,ILF,no,no,no,New Hampshire Department of Environmental Services,no,govt
3576,"2015 SALMON-PISC Oyster Reef - Greenland, NH",09/11/2015,09/11/2015,"{ ""type"": ""Point"", ""coordinates"": [-70.886903, 43.069619] }",TRUE,Wetland,,,Estuarine,Approved,NH,Rockingham [NH],43.069619,-70.886903,Combination Public/Private,NA,NA,NA,NA,NA,NA,Seta,Detzel,seta.a.detzel@des.nh.gov,NA,NA,NA,NA,POC,NA,2015,ILF,no,no,no,New Hampshire Department of Environmental Services,no,govt
3578,"2015 SALMON-PISC Powder Major's Farm/Goss - Durham/Madbury/Lee, NH",09/11/2015,09/11/2015,"{ ""type"": ""Point"", ""coordinates"": [-70.961644, 43.162614] }",TRUE,"Stream, Wetland","Aquatic Bed, Scrub-Shrub",,"Palustrine, Riverine, Upland",Approved,NH,Strafford [NH],43.162614,-70.961644,Combination Public/Private,NA,NA,NA,NA,NA,NA,Seta,Detzel,seta.a.detzel@des.nh.gov,NA,NA,NA,NA,POC,NA,2015,ILF,no,no,no,New Hampshire Department of Environmental Services,no,govt
3580,"2015 MERRIMACK Black Brook - Goffstown, NH",09/11/2015,09/11/2015,"{ ""type"": ""Point"", ""coordinates"": [-71.539256, 43.050828] }",TRUE,"Stream, Wetland","Aquatic Bed, Emergent, Forested, Scrub-Shrub, Streambed",,"Other, Palustrine, Riverine, Upland",Approved,NH,Hillsborough [NH],43.050828,-71.539256,Combination Public/Private,NA,NA,NA,NA,NA,NA,Seta,Detzel,seta.a.detzel@des.nh.gov,NA,NA,NA,NA,POC,NA,2015,ILF,no,no,no,New Hampshire Department of Environmental Services,no,govt
3582,"2015 LOWER CT Smith Pond Shaker Forest - Enfield, NH",09/11/2015,09/11/2015,"{ ""type"": ""Point"", ""coordinates"": [-72.1623, 43.617] }",TRUE,Wetland,"Emergent, Forested, Scrub-Shrub, Unconsolidated Bottom","Broad-Leaved Deciduous, Needle-Leaved Evergreen, Persistent","Lacustrine, Palustrine, Upland",Approved,NH,Grafton [NH],43.617,-72.1623,Combination Public/Private,NA,NA,NA,NA,NA,NA,Seta,Detzel,seta.a.detzel@des.nh.gov,NA,NA,NA,NA,POC,NA,2015,ILF,no,no,no,New Hampshire Department of Environmental Services,no,govt
3583,"2015 LOWER CT Ballou Floodplain Protection and Restoration  - Swanzey, NH",09/11/2015,09/11/2015,"{ ""type"": ""Point"", ""coordinates"": [-72.283572, 42.891372] }",TRUE,,,,,Approved,NH,Cheshire [NH],42.891372,-72.283572,Combination Public/Private,NA,NA,NA,NA,NA,NA,Seta,Detzel,seta.a.detzel@des.nh.gov,NA,NA,NA,NA,POC,NA,2015,ILF,no,no,no,New Hampshire Department of Environmental Services,no,govt
3584,"2015 CONTOOCOOK Brown Property Black Mountain  - Sutton, NH",09/11/2015,09/11/2015,"{ ""type"": ""Point"", ""coordinates"": [-71.888678, 43.343272] }",TRUE,Wetland,,,"Palustrine, Riverine, Upland",Approved,NH,Merrimack [NH],43.343272,-71.888678,Combination Public/Private,NA,NA,NA,NA,NA,NA,Seta,Detzel,seta.a.detzel@des.nh.gov,NA,NA,NA,NA,POC,NA,2015,ILF,no,no,no,New Hampshire Department of Environmental Services,no,govt
3586,"2015 UPPER CT Nash Stream Phase I - Stratford/Odell, NH",09/11/2015,09/11/2015,"{ ""type"": ""Point"", ""coordinates"": [-71.419053, 44.735178] }",TRUE,Stream,,,Riverine,Approved,NH,Coos [NH],44.735178,-71.419053,Combination Public/Private,NA,NA,NA,NA,NA,NA,Seta,Detzel,seta.a.detzel@des.nh.gov,NA,NA,NA,NA,POC,NA,2015,ILF,no,no,no,New Hampshire Department of Environmental Services,no,govt
4473,"2015 MERRIMACK Wild Goose Pond - Pittsfield, NH",09/11/2015,09/11/2015,"{ ""type"": ""Point"", ""coordinates"": [-71.248281, 43.280514] }",TRUE,"Stream, Wetland","Emergent, Forested, Scrub-Shrub",,"Other, Palustrine, Riverine, Upland",Approved,NH,Merrimack [NH],43.280514,-71.248281,Combination Public/Private,NA,NA,NA,NA,NA,NA,Seta,Detzel,seta.a.detzel@des.nh.gov,NA,NA,NA,NA,POC,NA,2015,ILF,no,no,no,New Hampshire Department of Environmental Services,no,govt
4475,"2016 MERRIMACK Tower Hill Pond - Manchester, NH",23/11/2016,23/11/2016,"{ ""type"": ""Point"", ""coordinates"": [-71.375754664265, 43.0501032803789] }",TRUE,"Stream, Wetland","Emergent, Forested, Moss Lichen, Scrub-Shrub, Unconsolidated Bottom","Broad-Leaved Deciduous, Broad-Leaved Evergreen, Dead, Needle-Leaved Evergreen, Persistent","Palustrine, Riverine, Upland",Approved,NH,"Merrimack [NH], Rockingham [NH]",43.05010328,-71.37575466,Combination Public/Private,NA,NA,NA,NA,NA,NA,Seta,Detzel,seta.a.detzel@des.nh.gov,NA,NA,NA,NA,POC,NA,2016,ILF,no,no,no,New Hampshire Department of Environmental Services,no,govt
4476,"2016 MERRIMACK Mathes Property - Londonderry, NH",23/11/2016,23/11/2016,"{ ""type"": ""Point"", ""coordinates"": [-71.4212358337459, 42.8648030560912] }",TRUE,"Stream, Wetland","Emergent, Forested, Scrub-Shrub","Broad-Leaved Deciduous, Dead, Persistent","Palustrine, Riverine, Upland",Approved,NH,Rockingham [NH],42.86480306,-71.42123583,Combination Public/Private,NA,NA,NA,NA,NA,NA,Seta,Detzel,seta.a.detzel@des.nh.gov,NA,NA,NA,NA,POC,NA,2016,ILF,no,no,no,New Hampshire Department of Environmental Services,no,govt
4477,"2016 SALMON-PISC Upper North Branch River - Candia, NH",23/11/2016,23/11/2016,"{ ""type"": ""Point"", ""coordinates"": [-71.3003116317561, 43.0885332448276] }",TRUE,"Stream, Wetland","Forested, Unconsolidated Bottom",Broad-Leaved Deciduous,"Palustrine, Riverine, Upland",Approved,NH,Rockingham [NH],43.08853324,-71.30031163,Combination Public/Private,NA,NA,NA,NA,NA,NA,Seta,Detzel,seta.a.detzel@des.nh.gov,NA,NA,NA,NA,POC,NA,2016,ILF,no,no,no,New Hampshire Department of Environmental Services,no,govt
4480,"2016 MERRIMACK Salem Town Forest - Salem, NH",23/11/2016,23/11/2016,"{ ""type"": ""Point"", ""coordinates"": [-71.2257480651887, 42.8082327036958] }",TRUE,Wetland,"Forested, Scrub-Shrub","Broad-Leaved Deciduous, Needle-Leaved Evergreen","Other, Palustrine, Upland",Approved,NH,Rockingham [NH],42.8082327,-71.22574807,Combination Public/Private,NA,NA,NA,NA,NA,NA,Seta,Detzel,seta.a.detzel@des.nh.gov,NA,NA,NA,NA,POC,NA,2016,ILF,no,no,no,New Hampshire Department of Environmental Services,no,govt
4481,"2016 SALMON-PISC Isinglass River Floodplain Protection - Barrington, NH",23/11/2016,23/11/2016,"{ ""type"": ""Point"", ""coordinates"": [-71.0086556370772, 43.2455862986639] }",TRUE,"Stream, Wetland","Forested, Scrub-Shrub",Broad-Leaved Deciduous,"Palustrine, Riverine, Upland",Approved,NH,Strafford [NH],43.2455863,-71.00865564,Combination Public/Private,NA,NA,NA,NA,NA,NA,Seta,Detzel,seta.a.detzel@des.nh.gov,NA,NA,NA,NA,POC,NA,2016,ILF,no,no,no,New Hampshire Department of Environmental Services,no,govt
4482,"2016 SALMON-PISC Sawyer Mill Dams Removal - Dover, NH",23/11/2016,23/11/2016,"{ ""type"": ""Point"", ""coordinates"": [-70.87275, 43.195842] }",TRUE,,,,,Approved,NH,Strafford [NH],43.195842,-70.87275,Combination Public/Private,NA,NA,NA,NA,NA,NA,Seta,Detzel,seta.a.detzel@des.nh.gov,NA,NA,NA,NA,POC,NA,2016,ILF,no,no,no,New Hampshire Department of Environmental Services,no,govt
4483,"2016 SALMON-PISC Oyster River Passage Restoration - Barrington, NH",23/11/2016,23/11/2016,"{ ""type"": ""Point"", ""coordinates"": [-71.020517, 43.15175] }",TRUE,,,,,Approved,NH,Strafford [NH],43.15175,-71.020517,Combination Public/Private,NA,NA,NA,NA,NA,NA,Seta,Detzel,seta.a.detzel@des.nh.gov,NA,NA,NA,NA,POC,NA,2016,ILF,no,no,no,New Hampshire Department of Environmental Services,no,govt
4484,"2016 SALMON-PISC Rollins Brook Headwaters-Zanard - Nottingham, NH",23/11/2016,23/11/2016,"{ ""type"": ""Point"", ""coordinates"": [-71.101328, 43.091386] }",TRUE,Wetland,"Emergent, Forested, Scrub-Shrub","Broad-Leaved Deciduous, Dead, Persistent","Palustrine, Upland",Approved,NH,Rockingham [NH],43.091386,-71.101328,Combination Public/Private,NA,NA,NA,NA,NA,NA,Seta,Detzel,seta.a.detzel@des.nh.gov,NA,NA,NA,NA,POC,NA,2016,ILF,no,no,no,New Hampshire Department of Environmental Services,no,govt
4486,"2016 MERRIMACK Austin Parcel - Brookline, NH",23/11/2016,23/11/2016,"{ ""type"": ""Point"", ""coordinates"": [-71.6470241793375, 42.7157453920418] }",TRUE,"Stream, Wetland",Scrub-Shrub,Broad-Leaved Deciduous,"Palustrine, Riverine, Upland",Approved,NH,Hillsborough [NH],42.71574539,-71.64702418,Combination Public/Private,NA,NA,NA,NA,NA,NA,Seta,Detzel,seta.a.detzel@des.nh.gov,NA,NA,NA,NA,POC,NA,2016,ILF,no,no,no,New Hampshire Department of Environmental Services,no,govt
4487,"2016 MERRIMACK Brennan Brook Confluence - Francestown, NH",23/11/2016,23/11/2016,"{ ""type"": ""Point"", ""coordinates"": [-71.7920831826144, 42.9685035122976] }",TRUE,"Stream, Wetland","Emergent, Forested, Scrub-Shrub, Unconsolidated Bottom","Broad-Leaved Deciduous, Needle-Leaved Evergreen, Persistent","Palustrine, Riverine, Upland",Approved,NH,Hillsborough [NH],42.96850351,-71.79208318,Combination Public/Private,NA,NA,NA,NA,NA,NA,Seta,Detzel,seta.a.detzel@des.nh.gov,NA,NA,NA,NA,POC,NA,2016,ILF,no,no,no,New Hampshire Department of Environmental Services,no,govt
4488,"2016 MERRIMACK Hitchiner Town Forest - Milford, NH",23/11/2016,23/11/2016,"{ ""type"": ""Point"", ""coordinates"": [-71.6881467455709, 42.8029246447524] }",TRUE,,,,,Approved,NH,Hillsborough [NH],42.80292464,-71.68814675,Combination Public/Private,NA,NA,NA,NA,NA,NA,Seta,Detzel,seta.a.detzel@des.nh.gov,NA,NA,NA,NA,POC,NA,2016,ILF,no,no,no,New Hampshire Department of Environmental Services,no,govt
4489,"2016 LOWER CT Sip Pond - Fitzwilliam, NH",23/11/2016,23/11/2016,"{ ""type"": ""Point"", ""coordinates"": [-72.0989844330225, 42.7265950116071] }",TRUE,Wetland,"Emergent, Forested, Scrub-Shrub, Unconsolidated Bottom","Broad-Leaved Deciduous, Persistent","Lacustrine, Palustrine, Riverine, Upland",Approved,NH,Cheshire [NH],42.72659501,-72.09898443,Combination Public/Private,NA,NA,NA,NA,NA,NA,Seta,Detzel,seta.a.detzel@des.nh.gov,NA,NA,NA,NA,POC,NA,2016,ILF,no,no,no,New Hampshire Department of Environmental Services,no,govt
4490,"2016 LOWER CT Ticknor Woods Addition - Lebanon, NH",23/11/2016,23/11/2016,"{ ""type"": ""Point"", ""coordinates"": [-72.2601815873699, 43.6333876615771] }",TRUE,Wetland,"Forested, Scrub-Shrub",Broad-Leaved Deciduous,"Palustrine, Riverine, Upland",Approved,NH,Grafton [NH],43.63338766,-72.26018159,Combination Public/Private,NA,NA,NA,NA,NA,NA,Seta,Detzel,seta.a.detzel@des.nh.gov,NA,NA,NA,NA,POC,NA,2016,ILF,no,no,no,New Hampshire Department of Environmental Services,no,govt
4491,"2016 CONTOOCOOK Azalea Park - Henniker, NH",23/11/2016,23/11/2016,"{ ""type"": ""Point"", ""coordinates"": [-71.824461, 43.177967] }",TRUE,,,,,Approved,NH,Merrimack [NH],43.177967,-71.824461,Combination Public/Private,NA,NA,NA,NA,NA,NA,Seta,Detzel,seta.a.detzel@des.nh.gov,NA,NA,NA,NA,POC,NA,2016,ILF,no,no,no,New Hampshire Department of Environmental Services,no,govt
4492,"2016 UPPER CT Upper Conn R Floodplain Protection & Restoration/Brunault - Colebrook, NH",23/11/2016,23/11/2016,"{ ""type"": ""Point"", ""coordinates"": [-71.5160858296618, 44.9355935154353] }",TRUE,,,,,Approved,NH,Coos [NH],44.93559352,-71.51608583,Combination Public/Private,NA,NA,NA,NA,NA,NA,Seta,Detzel,seta.a.detzel@des.nh.gov,NA,NA,NA,NA,POC,NA,2016,ILF,no,no,no,New Hampshire Department of Environmental Services,no,govt
4493,"2016 UPPER CT Nash Stream Phase 2 - Stratford/Odell, NH",23/11/2016,23/11/2016,"{ ""type"": ""Point"", ""coordinates"": [-71.412194, 44.762517] }",TRUE,Stream,,,Riverine,Approved,NH,Coos [NH],44.762517,-71.412194,Combination Public/Private,NA,NA,NA,NA,NA,NA,Seta,Detzel,seta.a.detzel@des.nh.gov,NA,NA,NA,NA,POC,NA,2016,ILF,no,no,no,New Hampshire Department of Environmental Services,no,govt
4511,"2016 MIDDLE CT Shumway Forest - Hanover, NH",23/11/2016,23/11/2016,"{ ""type"": ""Point"", ""coordinates"": [-72.16265, 43.709219] }",TRUE,"Stream, Wetland","Forested, Moss Lichen",Needle-Leaved Evergreen,"Lacustrine, Palustrine, Riverine, Upland",Approved,NH,Grafton [NH],43.709219,-72.16265,Combination Public/Private,NA,NA,NA,NA,NA,NA,Seta,Detzel,seta.a.detzel@des.nh.gov,NA,NA,NA,NA,POC,NA,2016,ILF,no,no,no,New Hampshire Department of Environmental Services,no,govt
4512,"2016 PEMI-WINNI Page Pond Community Forest - Meredith, NH",23/11/2016,23/11/2016,"{ ""type"": ""Point"", ""coordinates"": [-71.469614, 43.665453] }",TRUE,"Stream, Wetland","Emergent, Forested, Open Water, Scrub-Shrub",,"Palustrine, Upland",Approved,NH,Belknap [NH],43.665453,-71.469614,Combination Public/Private,NA,NA,NA,NA,NA,NA,Seta,Detzel,seta.a.detzel@des.nh.gov,NA,NA,NA,NA,POC,NA,2016,ILF,no,no,no,New Hampshire Department of Environmental Services,no,govt
5219,"2018 SACO World Fellowship Center - Albany, NH",26/11/2018,26/11/2018,"{ ""type"": ""Point"", ""coordinates"": [-71.202534, 43.936668] }",TRUE,Wetland,,,"Lacustrine, Palustrine, Upland",Approved,NH,Carroll [NH],43.936668,-71.202534,Combination Public/Private,NA,NA,NA,NA,NA,NA,Seta,Detzel,seta.a.detzel@des.nh.gov,NA,NA,NA,NA,POC,NA,2018,ILF,no,no,no,New Hampshire Department of Environmental Services,no,govt
5221,"2018 PEMI-WINNI Great Meadow - Tuftonboro, NH",26/11/2018,26/11/2018,"{ ""type"": ""Point"", ""coordinates"": [-71.2612164450139, 43.696116698898] }",TRUE,"Stream, Wetland","Emergent, Forested, Scrub-Shrub, Unconsolidated Bottom","Broad-Leaved Deciduous, Needle-Leaved Evergreen, Persistent","Palustrine, Riverine, Upland",Approved,NH,Carroll [NH],43.6961167,-71.26121645,Combination Public/Private,NA,NA,NA,NA,NA,NA,Seta,Detzel,seta.a.detzel@des.nh.gov,NA,NA,NA,NA,POC,NA,2018,ILF,no,no,no,New Hampshire Department of Environmental Services,no,govt
5222,"2018 PEMI-WINNI-SALMON-PISC Birch Ridge Forest - New Durham, NH",26/11/2018,26/11/2018,"{ ""type"": ""Point"", ""coordinates"": [-71.1514434478237, 43.4722875980396] }",TRUE,"Stream, Wetland","Forested, Unconsolidated Bottom","Dead, Needle-Leaved Evergreen","Other, Palustrine, Riverine, Upland",Approved,NH,Strafford [NH],43.4722876,-71.15144345,Combination Public/Private,NA,NA,NA,NA,NA,NA,Seta,Detzel,seta.a.detzel@des.nh.gov,NA,NA,NA,NA,POC,NA,2018,ILF,no,no,no,New Hampshire Department of Environmental Services,no,govt
5223,"2018 SALMON-PISC Governor's Run - Epping, NH",26/11/2018,26/11/2018,"{ ""type"": ""Point"", ""coordinates"": [-71.0640741351158, 43.0370333925147] }",TRUE,"Stream, Wetland",Forested,"Broad-Leaved Deciduous, Needle-Leaved Evergreen","Palustrine, Riverine, Upland",Approved,NH,Rockingham [NH],43.03703339,-71.06407414,Combination Public/Private,NA,NA,NA,NA,NA,NA,Seta,Detzel,seta.a.detzel@des.nh.gov,NA,NA,NA,NA,POC,NA,2018,ILF,no,no,no,New Hampshire Department of Environmental Services,no,govt
5224,"2018 SALMON-PISC Lamprey River Shoreline - Durham, NH",26/11/2018,26/11/2018,"{ ""type"": ""Point"", ""coordinates"": [-70.947891166687, 43.10461853967] }",TRUE,"Stream, Wetland",Scrub-Shrub,,"Palustrine, Riverine, Upland",Approved,NH,Strafford [NH],43.10461854,-70.94789117,Combination Public/Private,NA,NA,NA,NA,NA,NA,Seta,Detzel,seta.a.detzel@des.nh.gov,NA,NA,NA,NA,POC,NA,2018,ILF,no,no,no,New Hampshire Department of Environmental Services,no,govt
5225,"2018 SALMON-PISC Wagon Hill Farm - Durham, NH",26/11/2018,26/11/2018,"{ ""type"": ""Point"", ""coordinates"": [-70.8721870693588, 43.1290408563731] }",TRUE,,,,,Approved,NH,Strafford [NH],43.12904086,-70.87218707,Combination Public/Private,NA,NA,NA,NA,NA,NA,Seta,Detzel,seta.a.detzel@des.nh.gov,NA,NA,NA,NA,POC,NA,2018,ILF,no,no,no,New Hampshire Department of Environmental Services,no,govt
5226,"2018 SALMON-PISC Lubberland Creek Acquisition - Durham, NH",26/11/2018,26/11/2018,"{ ""type"": ""Point"", ""coordinates"": [-70.9055115714718, 43.094966049298] }",TRUE,Wetland,Scrub-Shrub,,"Palustrine, Upland",Approved,NH,Strafford [NH],43.09496605,-70.90551157,Combination Public/Private,NA,NA,NA,NA,NA,NA,Seta,Detzel,seta.a.detzel@des.nh.gov,NA,NA,NA,NA,POC,NA,2018,ILF,no,no,no,New Hampshire Department of Environmental Services,no,govt
5227,"2018 SALMON-PISC Lubberland Creek Restoration - Newmarket, NH",26/11/2018,26/11/2018,"{ ""type"": ""Point"", ""coordinates"": [-70.917742, 43.078268] }",TRUE,,,,,Approved,NH,Rockingham [NH],43.078268,-70.917742,Combination Public/Private,NA,NA,NA,NA,NA,NA,Seta,Detzel,seta.a.detzel@des.nh.gov,NA,NA,NA,NA,POC,NA,2018,ILF,no,no,no,New Hampshire Department of Environmental Services,no,govt
5228,"2018 SALMON-PISC Mathes Family - Epping, NH",26/11/2018,26/11/2018,"{ ""type"": ""Point"", ""coordinates"": [-71.0237924719856, 43.0641611754146] }",TRUE,Wetland,Forested,Broad-Leaved Deciduous,"Palustrine, Upland",Approved,NH,Rockingham [NH],43.06416118,-71.02379247,Combination Public/Private,NA,NA,NA,NA,NA,NA,Seta,Detzel,seta.a.detzel@des.nh.gov,NA,NA,NA,NA,POC,NA,2018,ILF,no,no,no,New Hampshire Department of Environmental Services,no,govt
5229,"2018 SALMON-PISC Mullen Tract - Fremont, NH",26/11/2018,26/11/2018,"{ ""type"": ""Point"", ""coordinates"": [-71.1161870275705, 43.0025174897284] }",TRUE,"Stream, Wetland","Forested, Scrub-Shrub",Broad-Leaved Deciduous,"Palustrine, Riverine, Upland",Approved,NH,Rockingham [NH],43.00251749,-71.11618703,Combination Public/Private,NA,NA,NA,NA,NA,NA,Seta,Detzel,seta.a.detzel@des.nh.gov,NA,NA,NA,NA,POC,NA,2018,ILF,no,no,no,New Hampshire Department of Environmental Services,no,govt
5230,"2018 MERRIMACK Brox Community Lands Conservation - Milford, NH",26/11/2018,26/11/2018,"{ ""type"": ""Point"", ""coordinates"": [-71.6880086824681, 42.8239299172435] }",TRUE,,,,,Approved,NH,Hillsborough [NH],42.82392992,-71.68800868,Combination Public/Private,NA,NA,NA,NA,NA,NA,Seta,Detzel,seta.a.detzel@des.nh.gov,NA,NA,NA,NA,POC,NA,2018,ILF,no,no,no,New Hampshire Department of Environmental Services,no,govt
5231,"2018 MERRIMACK Piscataquog South Branch Connard - Francestown, NH",26/11/2018,26/11/2018,"{ ""type"": ""Point"", ""coordinates"": [-71.7877769186882, 42.9737148835287] }",TRUE,"Stream, Wetland",,,"Palustrine, Riverine, Upland",Approved,NH,Hillsborough [NH],42.97371488,-71.78777692,Combination Public/Private,NA,NA,NA,NA,NA,NA,Seta,Detzel,seta.a.detzel@des.nh.gov,NA,NA,NA,NA,POC,NA,2018,ILF,no,no,no,New Hampshire Department of Environmental Services,no,govt
5232,"2018 MERRIMACK Robert French Fee - Weare, NH",26/11/2018,26/11/2018,"{ ""type"": ""Point"", ""coordinates"": [-71.7846046187142, 43.0461924397856] }",TRUE,Wetland,"Aquatic Bed, Emergent, Forested, Moss Lichen, Scrub-Shrub, Unconsolidated Bottom","Broad-Leaved Deciduous, Dead, Needle-Leaved Evergreen, Persistent","Palustrine, Riverine, Upland",Approved,NH,Hillsborough [NH],43.04619244,-71.78460462,Combination Public/Private,NA,NA,NA,NA,NA,NA,Seta,Detzel,seta.a.detzel@des.nh.gov,NA,NA,NA,NA,POC,NA,2018,ILF,no,no,no,New Hampshire Department of Environmental Services,no,govt
5233,"2018 MERRIMACK Stillhouse Forest - Canterbury & Northfield, NH",26/11/2018,26/11/2018,"{ ""type"": ""Point"", ""coordinates"": [-71.6423436837072, 43.3699560788975] }",TRUE,"Stream, Wetland","Emergent, Forested, Scrub-Shrub","Broad-Leaved Deciduous, Needle-Leaved Evergreen, Persistent","Palustrine, Riverine, Upland",Approved,NH,Merrimack [NH],43.36995608,-71.64234368,Combination Public/Private,NA,NA,NA,NA,NA,NA,Seta,Detzel,seta.a.detzel@des.nh.gov,NA,NA,NA,NA,POC,NA,2018,ILF,no,no,no,New Hampshire Department of Environmental Services,no,govt
5234,"2018 MERRIMACK Country Hill Estates Preservation - Concord, NH",26/11/2018,26/11/2018,"{ ""type"": ""Point"", ""coordinates"": [-71.6280080739665, 43.2197065557839] }",TRUE,Wetland,Forested,Needle-Leaved Evergreen,"Palustrine, Upland",Approved,NH,Merrimack [NH],43.21970656,-71.62800807,Combination Public/Private,NA,NA,NA,NA,NA,NA,Seta,Detzel,seta.a.detzel@des.nh.gov,NA,NA,NA,NA,POC,NA,2018,ILF,no,no,no,New Hampshire Department of Environmental Services,no,govt
5235,"2018 MERRIMACK Jennings Conservation Easement - Goffstown, NH",26/11/2018,26/11/2018,"{ ""type"": ""Point"", ""coordinates"": [-71.5791999198424, 43.0387071186058] }",TRUE,"Stream, Wetland","Aquatic Bed, Emergent, Forested, Unconsolidated Bottom","Needle-Leaved Evergreen, Persistent","Palustrine, Riverine, Upland",Approved,NH,Hillsborough [NH],43.03870712,-71.57919992,Combination Public/Private,NA,NA,NA,NA,NA,NA,Seta,Detzel,seta.a.detzel@des.nh.gov,NA,NA,NA,NA,POC,NA,2018,ILF,no,no,no,New Hampshire Department of Environmental Services,no,govt
5237,"2018 MERRIMACK Parker Farm's Forest - Auburn, NH",26/11/2018,26/11/2018,"{ ""type"": ""Point"", ""coordinates"": [-71.3647103037391, 42.9654931046321] }",TRUE,Wetland,"Emergent, Forested, Scrub-Shrub","Broad-Leaved Deciduous, Persistent","Palustrine, Riverine, Upland",Approved,NH,Rockingham [NH],42.9654931,-71.3647103,Combination Public/Private,NA,NA,NA,NA,NA,NA,Seta,Detzel,seta.a.detzel@des.nh.gov,NA,NA,NA,NA,POC,NA,2018,ILF,no,no,no,New Hampshire Department of Environmental Services,no,govt
5238,"2018 LOWER CT Cranberry Bog Culvert - Winchester, NH",26/11/2018,26/11/2018,"{ ""type"": ""Point"", ""coordinates"": [-72.393889, 42.764722] }",TRUE,,,,,Approved,NH,Cheshire [NH],42.764722,-72.393889,Combination Public/Private,NA,NA,NA,NA,NA,NA,Seta,Detzel,seta.a.detzel@des.nh.gov,NA,NA,NA,NA,POC,NA,2018,ILF,no,no,no,New Hampshire Department of Environmental Services,no,govt
5240,"2018 LOWER CT Granite Lake Headwaters - Stoddard, NH",26/11/2018,26/11/2018,"{ ""type"": ""Point"", ""coordinates"": [-72.1058424443544, 43.0258305957544] }",TRUE,"Stream, Wetland",,,"Palustrine, Upland",Approved,NH,Cheshire [NH],43.0258306,-72.10584244,Combination Public/Private,NA,NA,NA,NA,NA,NA,Seta,Detzel,seta.a.detzel@des.nh.gov,NA,NA,NA,NA,POC,NA,2018,ILF,no,no,no,New Hampshire Department of Environmental Services,no,govt
5241,"2018 LOWER CT North Branch Sugar River (Ruger) - Croydon, Grantham & Newport, NH",26/11/2018,26/11/2018,"{ ""type"": ""Point"", ""coordinates"": [-72.2085593992593, 43.4388577397382] }",TRUE,"Stream, Wetland","Emergent, Forested","Broad-Leaved Deciduous, Dead, Persistent","Other, Palustrine, Riverine, Upland",Approved,NH,Sullivan [NH],43.43885774,-72.2085594,Combination Public/Private,NA,NA,NA,NA,NA,NA,Seta,Detzel,seta.a.detzel@des.nh.gov,NA,NA,NA,NA,POC,NA,2018,ILF,no,no,no,New Hampshire Department of Environmental Services,no,govt
5242,"2018 LOWER CT Thompson Brook Restoration - Surry, NH",26/11/2018,26/11/2018,"{ ""type"": ""Point"", ""coordinates"": [-72.3343959131905, 43.0601052773206] }",TRUE,,,,,Approved,NH,Cheshire [NH],43.06010528,-72.33439591,Combination Public/Private,NA,NA,NA,NA,NA,NA,Seta,Detzel,seta.a.detzel@des.nh.gov,NA,NA,NA,NA,POC,NA,2018,ILF,no,no,no,New Hampshire Department of Environmental Services,no,govt
5243,"2018 LOWER CT Tunis District - Hanover, NH",26/11/2018,26/11/2018,"{ ""type"": ""Point"", ""coordinates"": [-72.1107274054013, 43.7171140954351] }",TRUE,Wetland,,,Palustrine,Approved,NH,Grafton [NH],43.7171141,-72.11072741,Combination Public/Private,NA,NA,NA,NA,NA,NA,Seta,Detzel,seta.a.detzel@des.nh.gov,NA,NA,NA,NA,POC,NA,2018,ILF,no,no,no,New Hampshire Department of Environmental Services,no,govt
5244,"2018 LOWER CT - Bearce - Jaffrey & Rindge, NH",26/11/2018,26/11/2018,"{ ""type"": ""Point"", ""coordinates"": [-72.0516017039302, 42.7921187887273] }",TRUE,"Stream, Wetland",,,"Palustrine, Riverine, Upland",Approved,NH,Cheshire [NH],42.79211879,-72.0516017,Combination Public/Private,NA,NA,NA,NA,NA,NA,Seta,Detzel,seta.a.detzel@des.nh.gov,NA,NA,NA,NA,POC,NA,2018,ILF,no,no,no,New Hampshire Department of Environmental Services,no,govt
5245,"2018 MIDDLE CT Jean Chamberlin North - Bath, NH",26/11/2018,26/11/2018,"{ ""type"": ""Point"", ""coordinates"": [-72.0343733248157, 44.1559078814597] }",TRUE,,,,,Approved,NH,Grafton [NH],44.15590788,-72.03437332,Combination Public/Private,NA,NA,NA,NA,NA,NA,Seta,Detzel,seta.a.detzel@des.nh.gov,NA,NA,NA,NA,POC,NA,2018,ILF,no,no,no,New Hampshire Department of Environmental Services,no,govt
5246,"2018 MIDDLE CT Jean Chamberlin South - Haverhill, NH",26/11/2018,26/11/2018,"{ ""type"": ""Point"", ""coordinates"": [-72.0283112094742, 44.1502373220077] }",TRUE,,,,,Approved,NH,Grafton [NH],44.15023732,-72.02831121,Combination Public/Private,NA,NA,NA,NA,NA,NA,Seta,Detzel,seta.a.detzel@des.nh.gov,NA,NA,NA,NA,POC,NA,2018,ILF,no,no,no,New Hampshire Department of Environmental Services,no,govt
5247,"2018 MIDDLE CT Neil Chamberlin - Bath, NH",26/11/2018,26/11/2018,"{ ""type"": ""Point"", ""coordinates"": [-72.0416029690938, 44.1670137671017] }",TRUE,,,,,Approved,NH,Grafton [NH],44.16701377,-72.04160297,Combination Public/Private,NA,NA,NA,NA,NA,NA,Seta,Detzel,seta.a.detzel@des.nh.gov,NA,NA,NA,NA,POC,NA,2018,ILF,no,no,no,New Hampshire Department of Environmental Services,no,govt
5558,"2019 - Merrimack - Murray Mill Brook Plaistow - Auburn & Candia, NH",28/12/2020,28/12/2020,"{ ""type"": ""Point"", ""coordinates"": [-71.318928, 43.022444] }",TRUE,Wetland,,,Palustrine,Approved,NH,Rockingham [NH],43.022444,-71.318928,Combination Public/Private,NA,NA,NA,NA,NA,NA,Seta,Detzel,seta.a.detzel@des.nh.gov,NA,NA,NA,NA,POC,NA,2020,ILF,no,no,no,New Hampshire Department of Environmental Services,no,govt
5559,"2019 - Merrimack - Piscataquog South Branch Connectivity Project - Francestown, NH",28/12/2020,28/12/2020,"{ ""type"": ""Point"", ""coordinates"": [-71.790047, 42.975353] }",TRUE,Wetland,,,Palustrine,Approved,NH,Hillsborough [NH],42.975353,-71.790047,Combination Public/Private,NA,NA,NA,NA,NA,NA,Seta,Detzel,seta.a.detzel@des.nh.gov,NA,NA,NA,NA,POC,NA,2020,ILF,no,no,no,New Hampshire Department of Environmental Services,no,govt
5560,"2019 - Merrimack - Campbell Hill Preserve - Francestown, NH",28/12/2020,28/12/2020,"{ ""type"": ""Point"", ""coordinates"": [-71.843086, 43.002542] }",TRUE,Wetland,,,Palustrine,Approved,NH,Hillsborough [NH],43.002542,-71.843086,Combination Public/Private,NA,NA,NA,NA,NA,NA,Seta,Detzel,seta.a.detzel@des.nh.gov,NA,NA,NA,NA,POC,NA,2020,ILF,no,no,no,New Hampshire Department of Environmental Services,no,govt
5561,"2019 - Merrimack - Lyndeborough Road Crossing of Meadow Brook - New Boston, NH",26/04/2021,26/04/2021,"{ ""type"": ""Point"", ""coordinates"": [-71.704839, 42.959481] }",TRUE,Stream,Unconsolidated Bottom,,Riverine,Approved,NH,Hillsborough [NH],42.959481,-71.704839,Combination Public/Private,NA,NA,NA,NA,NA,NA,Seta,Detzel,seta.a.detzel@des.nh.gov,NA,NA,NA,NA,POC,NA,2021,ILF,no,no,no,New Hampshire Department of Environmental Services,no,govt
5562,"2019 - Merrimack - Pollard Road Culvert Replacement - Plaistow, NH",08/03/2021,08/03/2021,"{ ""type"": ""Point"", ""coordinates"": [-71.0872, 42.829203] }",TRUE,Stream,Unconsolidated Bottom,,Riverine,Approved,NH,Rockingham [NH],42.829203,-71.0872,Combination Public/Private,NA,NA,NA,NA,NA,NA,Seta,Detzel,seta.a.detzel@des.nh.gov,NA,NA,NA,NA,POC,NA,2021,ILF,no,no,no,New Hampshire Department of Environmental Services,no,govt
5563,"2019 - Merrimack - Nissitissit River Headwaters - Mason, NH",07/12/2020,07/12/2020,"{ ""type"": ""Point"", ""coordinates"": [-71.744358, 42.786686] }",TRUE,Wetland,,,Palustrine,Approved,NH,Hillsborough [NH],42.786686,-71.744358,Combination Public/Private,NA,NA,NA,NA,NA,NA,Seta,Detzel,seta.a.detzel@des.nh.gov,NA,NA,NA,NA,POC,NA,2020,ILF,no,no,no,New Hampshire Department of Environmental Services,no,govt
5859,"2020 - Merrimack - Harmony Lane Rocky Pond Restoration - MCCD - Canterbury & Loudon, NH",NA,NA,"{ ""type"": ""Point"", ""coordinates"": [-71.455108, 43.395644] }",TRUE,Stream,,,Riverine,Pending,NH,Merrimack [NH],43.395644,-71.455108,Combination Public/Private,NA,NA,NA,NA,NA,NA,Seta,Detzel,seta.a.detzel@des.nh.gov,NA,NA,NA,NA,POC,NA,NA,ILF,no,no,no,New Hampshire Department of Environmental Services,no,govt
5860,"2020 - Middle CT - Child's Brook Stream Restoration - TU - Bath, NH",28/02/2023,28/02/2023,"{ ""type"": ""Point"", ""coordinates"": [-71.988669, 44.174053] }",TRUE,Stream,,,Riverine,Approved,NH,Grafton [NH],44.174053,-71.988669,Combination Public/Private,NA,NA,NA,NA,NA,NA,Seta,Detzel,seta.a.detzel@des.nh.gov,NA,NA,NA,NA,POC,NA,2023,ILF,no,no,no,New Hampshire Department of Environmental Services,no,govt
5861,"2020 - Contoocook - Ballard Brook Restoration - Warner, NH",28/02/2023,28/02/2023,"{ ""type"": ""Point"", ""coordinates"": [-71.776508, 43.25465] }",TRUE,Stream,,,Riverine,Approved,NH,Merrimack [NH],43.25465,-71.776508,Combination Public/Private,NA,NA,NA,NA,NA,NA,Seta,Detzel,seta.a.detzel@des.nh.gov,NA,NA,NA,NA,POC,NA,2023,ILF,no,no,no,New Hampshire Department of Environmental Services,no,govt
5862,"2020 - Contoocook - Warner River Headwaters - ASLPT - Newbury, NH",19/12/2022,19/12/2022,"{ ""type"": ""Point"", ""coordinates"": [-72.046917, 43.270925] }",TRUE,Stream,,,Upland,Approved,NH,Merrimack [NH],43.270925,-72.046917,Combination Public/Private,NA,NA,NA,NA,NA,NA,Seta,Detzel,seta.a.detzel@des.nh.gov,NA,NA,NA,NA,POC,NA,2022,ILF,no,no,no,New Hampshire Department of Environmental Services,no,govt
5863,"2020 - Lower CT - Houghton Brook Restoration - Walpole, NH",28/02/2023,28/02/2023,"{ ""type"": ""Point"", ""coordinates"": [-72.424325, 43.026017] }",TRUE,Stream,,,Riverine,Approved,NH,Cheshire [NH],43.026017,-72.424325,Combination Public/Private,NA,NA,NA,NA,NA,NA,Seta,Detzel,seta.a.detzel@des.nh.gov,NA,NA,NA,NA,POC,NA,2023,ILF,no,no,no,New Hampshire Department of Environmental Services,no,govt
7093,"2024 -Salmon-Pisc-Kenneth Hill Pond Dam Removal-Strafford,NH",NA,NA,"{ ""type"": ""Point"", ""coordinates"": [-71.148, 42.85] }",TRUE,,,,,Pending,NH,Rockingham [NH],42.85,-71.148,Combination Public/Private,NA,NA,NA,NA,NA,NA,Seta,Detzel,seta.a.detzel@des.nh.gov,NA,NA,NA,NA,POC,NA,NA,ILF,no,no,no,New Hampshire Department of Environmental Services,no,govt
